req_id,domain,requirement_text,requirement_type,category,quality_label,is_ambiguous,is_duplicate,duplicate_group,is_testable,ambiguous_terms,word_count,notes
REQ-00001,Online Bookstore,The system shall allow users to register using an email address and a password.,Functional,authentication,well-formed,0,0,,1,,14,
REQ-00002,Online Bookstore,The system shall allow users to register using a mobile number verified through a one-time password.,Functional,authentication,well-formed,0,0,,1,,16,
REQ-00003,Online Bookstore,The system shall allow users to log in using valid credentials.,Functional,authentication,well-formed,0,0,,1,,11,
REQ-00004,Online Bookstore,The system shall lock a user account after five consecutive failed login attempts.,Functional,authentication,well-formed,0,0,,1,,13,
REQ-00005,Online Bookstore,The system shall allow users to reset a forgotten password through a secure email link.,Functional,authentication,well-formed,0,0,,1,,15,
REQ-00006,Online Bookstore,The system shall allow users to enable two-factor authentication for their account.,Functional,authentication,well-formed,0,0,,1,,12,
REQ-00007,Online Bookstore,The system shall allow users to update their profile information.,Functional,profile,well-formed,0,0,,1,,10,
REQ-00008,Online Bookstore,The system shall allow users to upload a profile photograph of up to 2 MB.,Functional,profile,well-formed,0,0,,1,,15,
REQ-00009,Online Bookstore,The system shall allow users to deactivate their own account.,Functional,profile,well-formed,0,0,,1,,10,
REQ-00010,Online Bookstore,The system shall allow users to view their activity history for the last ninety days.,Functional,profile,well-formed,0,0,,1,,15,
REQ-00011,Online Bookstore,The system shall allow administrators to assign roles and permissions to a user account.,Functional,authorization,well-formed,0,0,,1,,14,
REQ-00012,Online Bookstore,The system shall log the user out automatically after fifteen minutes of inactivity.,Functional,authentication,well-formed,0,0,,1,,13,
REQ-00013,Online Bookstore,The system shall allow customers to pay for a order using a credit or debit card.,Functional,payment,well-formed,0,0,,1,,16,
REQ-00014,Online Bookstore,The system shall allow customers to pay for a order using a UPI transaction.,Functional,payment,well-formed,0,0,,1,,14,
REQ-00015,Online Bookstore,The system shall generate a printable invoice for every completed order.,Functional,payment,well-formed,0,0,,1,,11,
REQ-00016,Online Bookstore,The system shall allow customers to request a refund for a cancelled order.,Functional,payment,well-formed,0,0,,1,,13,
REQ-00017,Online Bookstore,The system shall allow administrators to apply a discount to a order before payment.,Functional,payment,well-formed,0,0,,1,,14,
REQ-00018,Online Bookstore,The system shall display the total payable amount including taxes before payment is confirmed.,Functional,payment,well-formed,0,0,,1,,14,
REQ-00019,Online Bookstore,The system shall allow customers to view the payment history of all past orders.,Functional,payment,well-formed,0,0,,1,,14,
REQ-00020,Online Bookstore,The system shall mark a order as failed if the payment gateway returns an error.,Functional,payment,well-formed,0,0,,1,,15,
REQ-00021,Online Bookstore,The system shall allow customers to create a new shopping cart item.,Functional,create,well-formed,0,0,,1,,12,
REQ-00022,Online Bookstore,The system shall allow administrators to approve a promotional coupon submitted by a customer.,Functional,workflow,well-formed,0,0,,1,,14,
REQ-00023,Online Bookstore,The system shall maintain an audit log of every change made to a wishlist entry.,Functional,audit,well-formed,0,0,,1,,15,
REQ-00024,Online Bookstore,The system shall allow customers to search for a book by author.,Functional,search,well-formed,0,0,,1,,12,
REQ-00025,Online Bookstore,The system shall allow customers to download a delivery address as a PDF document.,Functional,export,well-formed,0,0,,1,,14,
REQ-00026,Online Bookstore,The system shall allow administrators to archive a catalogue category older than one year.,Functional,archival,well-formed,0,0,,1,,14,
REQ-00027,Online Bookstore,The system shall send an email notification to the customer when a wishlist entry is created.,Functional,notify,well-formed,0,0,,1,,16,
REQ-00028,Online Bookstore,The system shall send an SMS alert to the customer when the status of a shopping cart item changes.,Functional,notify,well-formed,0,0,,1,,19,
REQ-00029,Online Bookstore,The system shall maintain an audit log of every change made to a book review.,Functional,audit,well-formed,0,0,,1,,15,
REQ-00030,Online Bookstore,The system shall allow administrators to view a dashboard summarising catalogue category counts by status.,Functional,report,well-formed,0,0,,1,,15,
REQ-00031,Online Bookstore,The system shall allow administrators to reject a shopping cart item with a mandatory reason.,Functional,workflow,well-formed,0,0,,1,,15,
REQ-00032,Online Bookstore,The system shall prevent a customer from submitting a duplicate gift card.,Functional,validation,well-formed,0,0,,1,,12,
REQ-00033,Online Bookstore,The system shall allow customers to create a new promotional coupon.,Functional,create,well-formed,0,0,,1,,11,
REQ-00034,Online Bookstore,The system shall restrict access to a gift card to the customer who created it.,Functional,authorization,well-formed,0,0,,1,,15,
REQ-00035,Online Bookstore,The system shall allow customers to view the details of a selected gift card.,Functional,read,well-formed,0,0,,1,,14,
REQ-00036,Online Bookstore,The system shall display a paginated list of orders with twenty entries per page.,Functional,read,well-formed,0,0,,1,,14,
REQ-00037,Online Bookstore,The system shall display the current status of each book on the customer dashboard.,Functional,read,well-formed,0,0,,1,,14,
REQ-00038,Online Bookstore,The system shall allow customers to export the list of delivery addresss as a CSV file.,Functional,export,well-formed,0,0,,1,,16,
REQ-00039,Online Bookstore,The system shall allow administrators to generate a monthly report of all gift cards.,Functional,report,well-formed,0,0,,1,,14,
REQ-00040,Online Bookstore,The system shall validate all mandatory fields of a author profile before saving it.,Functional,validation,well-formed,0,0,,1,,14,
REQ-00041,Online Bookstore,The system shall allow administrators to view a dashboard summarising author profile counts by status.,Functional,report,well-formed,0,0,,1,,15,
REQ-00042,Online Bookstore,The system shall allow customers to download a catalogue category as a PDF document.,Functional,export,well-formed,0,0,,1,,14,
REQ-00043,Online Bookstore,The system shall allow administrators to archive a author profile older than one year.,Functional,archival,well-formed,0,0,,1,,14,
REQ-00044,Online Bookstore,The system shall allow administrators to generate a monthly report of all books.,Functional,report,well-formed,0,0,,1,,13,
REQ-00045,Online Bookstore,The system shall allow customers to update an existing wishlist entry.,Functional,update,well-formed,0,0,,1,,11,
REQ-00046,Online Bookstore,The system shall validate all mandatory fields of a book before saving it.,Functional,validation,well-formed,0,0,,1,,13,
REQ-00047,Online Bookstore,The system shall restrict access to a book to the customer who created it.,Functional,authorization,well-formed,0,0,,1,,14,
REQ-00048,Online Bookstore,The system shall send an email notification to the customer when a order is created.,Functional,notify,well-formed,0,0,,1,,15,
REQ-00049,Online Bookstore,The system shall prevent a customer from submitting a duplicate delivery address.,Functional,validation,well-formed,0,0,,1,,12,
REQ-00050,Online Bookstore,The system shall allow customers to add a comment to a book.,Functional,collaboration,well-formed,0,0,,1,,12,
REQ-00051,Online Bookstore,The system shall display a paginated list of delivery addresss with twenty entries per page.,Functional,read,well-formed,0,0,,1,,15,
REQ-00052,Online Bookstore,The system shall allow administrators to archive a wishlist entry older than one year.,Functional,archival,well-formed,0,0,,1,,14,
REQ-00053,Online Bookstore,The system shall allow administrators to generate a monthly report of all delivery addresss.,Functional,report,well-formed,0,0,,1,,14,
REQ-00054,Online Bookstore,The system shall allow administrators to approve a book submitted by a customer.,Functional,workflow,well-formed,0,0,,1,,13,
REQ-00055,Online Bookstore,The system shall record the date and time at which each book is modified.,Functional,audit,well-formed,0,0,,1,,14,
REQ-00056,Online Bookstore,The system shall allow administrators to approve a wishlist entry submitted by a customer.,Functional,workflow,well-formed,0,0,,1,,14,
REQ-00057,Online Bookstore,The system shall prevent a customer from submitting a duplicate author profile.,Functional,validation,well-formed,0,0,,1,,12,
REQ-00058,Online Bookstore,The system shall prevent a customer from submitting a duplicate wishlist entry.,Functional,validation,well-formed,0,0,,1,,12,
REQ-00059,Online Bookstore,The system shall display the current status of each delivery address on the customer dashboard.,Functional,read,well-formed,0,0,,1,,15,
REQ-00060,Online Bookstore,The system shall allow customers to search for a promotional coupon by author.,Functional,search,well-formed,0,0,,1,,13,
REQ-00061,Online Bookstore,The system shall allow customers to view the details of a selected shopping cart item.,Functional,read,well-formed,0,0,,1,,15,
REQ-00062,Online Bookstore,The system shall allow customers to update an existing shopping cart item.,Functional,update,well-formed,0,0,,1,,12,
REQ-00063,Online Bookstore,The system shall allow customers to save a catalogue category for later use.,Functional,duplicate-pair,well-formed,0,0,ONL-DUP-1,1,,13,original of a near-duplicate pair
REQ-00064,Online Bookstore,The system shall allow customers to bookmark a catalogue category for future reference.,Functional,duplicate-pair,duplicate,0,1,ONL-DUP-1,0,,13,restates the requirement above
REQ-00065,Online Bookstore,The system shall allow customers to cancel a delivery address before it is processed.,Functional,duplicate-pair,well-formed,0,0,ONL-DUP-2,1,,14,original of a near-duplicate pair
REQ-00066,Online Bookstore,The system shall allow customers to withdraw a delivery address prior to processing.,Functional,duplicate-pair,duplicate,0,1,ONL-DUP-2,0,,13,restates the requirement above
REQ-00067,Online Bookstore,The system shall allow customers to search for a book by ISBN.,Functional,duplicate-pair,well-formed,0,0,ONL-DUP-3,1,,12,original of a near-duplicate pair
REQ-00068,Online Bookstore,The system shall provide a search facility that locates a book using ISBN.,Functional,duplicate-pair,duplicate,0,1,ONL-DUP-3,0,,13,restates the requirement above
REQ-00069,Online Bookstore,The system shall send a confirmation message once a shopping cart item is submitted.,Functional,duplicate-pair,well-formed,0,0,ONL-DUP-4,1,,14,original of a near-duplicate pair
REQ-00070,Online Bookstore,The system shall notify the customer after a shopping cart item has been submitted successfully.,Functional,duplicate-pair,duplicate,0,1,ONL-DUP-4,0,,15,restates the requirement above
REQ-00071,Online Bookstore,The system shall allow administrators to remove a author profile from the system.,Functional,duplicate-pair,well-formed,0,0,ONL-DUP-5,1,,13,original of a near-duplicate pair
REQ-00072,Online Bookstore,The system shall allow administrators to delete an existing author profile record.,Functional,duplicate-pair,duplicate,0,1,ONL-DUP-5,0,,12,restates the requirement above
REQ-00073,Online Bookstore,The system shall allow customers to rate a completed order from one to five stars.,Functional,duplicate-pair,well-formed,0,0,ONL-DUP-6,1,,15,original of a near-duplicate pair
REQ-00074,Online Bookstore,The system shall allow customers to give a star rating between one and five for a finished order.,Functional,duplicate-pair,duplicate,0,1,ONL-DUP-6,0,,18,restates the requirement above
REQ-00075,Online Bookstore,The system shall handle shopping cart items appropriately.,Functional,under-specified,ambiguous,1,0,,0,appropriate|appropriately,8,
REQ-00076,Online Bookstore,The system shall manage catalogue categorys in an efficient manner.,Functional,under-specified,ambiguous,1,0,,0,efficient,10,
REQ-00077,Online Bookstore,The system shall process a order as quickly as possible.,Functional,under-specified,ambiguous,1,0,,0,as quickly as possible|quickly,10,
REQ-00078,Online Bookstore,The system should support various operations on promotional coupons as needed.,Functional,under-specified,ambiguous,1,0,,0,as needed|various,11,
REQ-00079,Online Bookstore,The system shall provide adequate options for managing gift cards.,Functional,under-specified,ambiguous,1,0,,0,adequate,10,
REQ-00080,Online Bookstore,The system shall display suitable information about each author profile.,Functional,under-specified,ambiguous,1,0,,0,suitable,10,
REQ-00081,Online Bookstore,The system shall deal with invalid author profile data properly.,Functional,under-specified,ambiguous,1,0,,0,properly,10,
REQ-00082,Online Bookstore,The system shall support most of the common actions on a author profile.,Functional,under-specified,ambiguous,1,0,,0,common|most,13,
REQ-00083,Online Bookstore,The system shall provide appropriate error messages when something goes wrong with a catalogue category.,Functional,under-specified,ambiguous,1,0,,0,appropriate|something goes wrong,15,
REQ-00084,Online Bookstore,The system shall be able to work with a reasonable number of gift cards.,Functional,under-specified,ambiguous,1,0,,0,reasonable,14,
REQ-00085,Online Bookstore,The system shall process at least 200 order submissions per minute at peak load.,Non-Functional,Performance,well-formed,0,0,,1,,14,
REQ-00086,Online Bookstore,The system shall display any gift card search result within 2 seconds for 95 percent of requests.,Non-Functional,Performance,well-formed,0,0,,1,,17,
REQ-00087,Online Bookstore,The system shall run on Android 10 and above and iOS 15 and above.,Non-Functional,Portability,well-formed,0,0,,1,,14,
REQ-00088,Online Bookstore,"The system shall support the Chrome, Firefox, Edge, and Safari browsers in their two most recent major versions.",Non-Functional,Portability,well-formed,0,0,,1,most,18,
REQ-00089,Online Bookstore,The system shall mask all but the last four digits of any stored card number.,Non-Functional,Security,well-formed,0,0,,1,,15,
REQ-00090,Online Bookstore,The system shall conform to WCAG 2.1 Level AA accessibility guidelines.,Non-Functional,Usability,well-formed,0,0,,1,,11,
REQ-00091,Online Bookstore,The system shall allow a new customer to complete a order within 3 minutes without external assistance.,Non-Functional,Usability,well-formed,0,0,,1,,17,
REQ-00092,Online Bookstore,"The system shall be available 99.9 percent of the time measured monthly, excluding scheduled maintenance.",Non-Functional,Availability,well-formed,0,0,,1,,15,
REQ-00093,Online Bookstore,The system shall transmit all data over TLS 1.3 or higher.,Non-Functional,Security,well-formed,0,0,,1,,11,
REQ-00094,Online Bookstore,The system shall restore service within 30 minutes of a database failure using the latest hourly backup.,Non-Functional,Reliability,well-formed,0,0,,1,,17,
REQ-00095,Online Bookstore,The system should be user-friendly and easy to use for all customers.,Non-Functional,Usability,ambiguous,1,0,,0,easy|user-friendly,12,
REQ-00096,Online Bookstore,The system shall be fast and responsive under normal conditions.,Non-Functional,Performance,ambiguous,1,0,,0,fast|normal conditions,10,
REQ-00097,Online Bookstore,The system shall handle a reasonably large number of users efficiently.,Non-Functional,Scalability,ambiguous,1,0,,0,efficient|efficiently|reasonably,11,
REQ-00098,Online Bookstore,The system shall support a flexible and scalable architecture as needed.,Non-Functional,Scalability,ambiguous,1,0,,0,as needed|flexible,11,
REQ-00099,Online Bookstore,The system shall be secure and protect customer data appropriately.,Non-Functional,Security,ambiguous,1,0,,0,appropriate|appropriately,10,
REQ-00100,Online Bookstore,The system shall be highly reliable at all times.,Non-Functional,Reliability,ambiguous,1,0,,0,all times|highly,9,
REQ-00101,Food Delivery,The system shall validate all mandatory fields of a menu item before saving it.,Functional,validation,well-formed,0,0,,1,,14,
REQ-00102,Food Delivery,The system shall allow customers to export the list of favourite restaurants as a CSV file.,Functional,export,well-formed,0,0,,1,,16,
REQ-00103,Food Delivery,The system shall allow customers to search for a food order by cuisine.,Functional,search,well-formed,0,0,,1,,13,
REQ-00104,Food Delivery,The system shall validate all mandatory fields of a cart item before saving it.,Functional,validation,well-formed,0,0,,1,,14,
REQ-00105,Food Delivery,The system shall allow customers to attach a supporting document to a cart item.,Functional,attachment,well-formed,0,0,,1,,14,
REQ-00106,Food Delivery,The system shall record the date and time at which each delivery agent record is modified.,Functional,audit,well-formed,0,0,,1,,16,
REQ-00107,Food Delivery,The system shall maintain an audit log of every change made to a saved address.,Functional,audit,well-formed,0,0,,1,,15,
REQ-00108,Food Delivery,The system shall allow administrators to archive a payment method older than one year.,Functional,archival,well-formed,0,0,,1,,14,
REQ-00109,Food Delivery,The system shall restrict access to a saved address to the customer who created it.,Functional,authorization,well-formed,0,0,,1,,15,
REQ-00110,Food Delivery,The system shall allow customers to sort the list of cart items by date of creation.,Functional,search,well-formed,0,0,,1,,16,
REQ-00111,Food Delivery,The system shall allow customers to view the details of a selected restaurant.,Functional,read,well-formed,0,0,,1,,13,
REQ-00112,Food Delivery,The system shall allow administrators to archive a discount offer older than one year.,Functional,archival,well-formed,0,0,,1,,14,
REQ-00113,Food Delivery,The system shall allow customers to add a comment to a cart item.,Functional,collaboration,well-formed,0,0,,1,,13,
REQ-00114,Food Delivery,The system shall maintain an audit log of every change made to a order review.,Functional,audit,well-formed,0,0,,1,,15,
REQ-00115,Food Delivery,The system shall allow customers to delete a cart item that is no longer required.,Functional,delete,well-formed,0,0,,1,,15,
REQ-00116,Food Delivery,The system shall allow administrators to view a dashboard summarising menu item counts by status.,Functional,report,well-formed,0,0,,1,,15,
REQ-00117,Food Delivery,The system shall allow customers to sort the list of discount offers by date of creation.,Functional,search,well-formed,0,0,,1,,16,
REQ-00118,Food Delivery,The system shall send an email notification to the customer when a menu item is created.,Functional,notify,well-formed,0,0,,1,,16,
REQ-00119,Food Delivery,The system shall allow administrators to approve a payment method submitted by a customer.,Functional,workflow,well-formed,0,0,,1,,14,
REQ-00120,Food Delivery,The system shall maintain an audit log of every change made to a restaurant.,Functional,audit,well-formed,0,0,,1,,14,
REQ-00121,Food Delivery,The system shall allow customers to export the list of food orders as a CSV file.,Functional,export,well-formed,0,0,,1,,16,
REQ-00122,Food Delivery,The system shall send an email notification to the customer when a cart item is created.,Functional,notify,well-formed,0,0,,1,,16,
REQ-00123,Food Delivery,The system shall display the current status of each payment method on the customer dashboard.,Functional,read,well-formed,0,0,,1,,15,
REQ-00124,Food Delivery,The system shall allow customers to update an existing discount offer.,Functional,update,well-formed,0,0,,1,,11,
REQ-00125,Food Delivery,The system shall allow customers to add a comment to a discount offer.,Functional,collaboration,well-formed,0,0,,1,,13,
REQ-00126,Food Delivery,The system shall allow administrators to archive a food order older than one year.,Functional,archival,well-formed,0,0,,1,,14,
REQ-00127,Food Delivery,The system shall allow customers to view the details of a selected delivery agent record.,Functional,read,well-formed,0,0,,1,,15,
REQ-00128,Food Delivery,The system shall allow customers to export the list of discount offers as a CSV file.,Functional,export,well-formed,0,0,,1,,16,
REQ-00129,Food Delivery,The system shall send an SMS alert to the customer when the status of a saved address changes.,Functional,notify,well-formed,0,0,,1,,18,
REQ-00130,Food Delivery,The system shall allow customers to download a restaurant as a PDF document.,Functional,export,well-formed,0,0,,1,,13,
REQ-00131,Food Delivery,The system shall allow administrators to generate a monthly report of all cart items.,Functional,report,well-formed,0,0,,1,,14,
REQ-00132,Food Delivery,The system shall allow administrators to view a dashboard summarising food order counts by status.,Functional,report,well-formed,0,0,,1,,15,
REQ-00133,Food Delivery,The system shall allow administrators to approve a food order submitted by a customer.,Functional,workflow,well-formed,0,0,,1,,14,
REQ-00134,Food Delivery,The system shall allow administrators to approve a order review submitted by a customer.,Functional,workflow,well-formed,0,0,,1,,14,
REQ-00135,Food Delivery,The system shall allow administrators to archive a order review older than one year.,Functional,archival,well-formed,0,0,,1,,14,
REQ-00136,Food Delivery,The system shall allow customers to update an existing saved address.,Functional,update,well-formed,0,0,,1,,11,
REQ-00137,Food Delivery,The system shall display the current status of each food order on the customer dashboard.,Functional,read,well-formed,0,0,,1,,15,
REQ-00138,Food Delivery,The system shall allow customers to export the list of delivery agent records as a CSV file.,Functional,export,well-formed,0,0,,1,,17,
REQ-00139,Food Delivery,The system shall allow customers to delete a restaurant that is no longer required.,Functional,delete,well-formed,0,0,,1,,14,
REQ-00140,Food Delivery,The system shall allow customers to add a comment to a food order.,Functional,collaboration,well-formed,0,0,,1,,13,
REQ-00141,Food Delivery,The system shall restrict access to a restaurant to the customer who created it.,Functional,authorization,well-formed,0,0,,1,,14,
REQ-00142,Food Delivery,The system shall allow administrators to view a dashboard summarising delivery agent record counts by status.,Functional,report,well-formed,0,0,,1,,16,
REQ-00143,Food Delivery,The system shall validate all mandatory fields of a saved address before saving it.,Functional,validation,well-formed,0,0,,1,,14,
REQ-00144,Food Delivery,The system shall allow customers to delete a menu item that is no longer required.,Functional,delete,well-formed,0,0,,1,,15,
REQ-00145,Food Delivery,The system shall allow customers to view the details of a selected saved address.,Functional,read,well-formed,0,0,,1,,14,
REQ-00146,Food Delivery,The system shall send an email notification to the customer when a restaurant is created.,Functional,notify,well-formed,0,0,,1,,15,
REQ-00147,Food Delivery,The system shall allow customers to filter the list of discount offers by status.,Functional,search,well-formed,0,0,,1,,14,
REQ-00148,Food Delivery,The system shall allow customers to filter the list of menu items by status.,Functional,search,well-formed,0,0,,1,,14,
REQ-00149,Food Delivery,The system shall allow customers to export the list of restaurants as a CSV file.,Functional,export,well-formed,0,0,,1,,15,
REQ-00150,Food Delivery,The system shall allow administrators to reject a favourite restaurant with a mandatory reason.,Functional,workflow,well-formed,0,0,,1,,14,
REQ-00151,Food Delivery,The system shall display a paginated list of cart items with twenty entries per page.,Functional,read,well-formed,0,0,,1,,15,
REQ-00152,Food Delivery,The system shall allow customers to export the list of payment methods as a CSV file.,Functional,export,well-formed,0,0,,1,,16,
REQ-00153,Food Delivery,The system shall send an SMS alert to the customer when the status of a payment method changes.,Functional,notify,well-formed,0,0,,1,,18,
REQ-00154,Food Delivery,The system shall allow customers to export the list of order reviews as a CSV file.,Functional,export,well-formed,0,0,,1,,16,
REQ-00155,Food Delivery,The system shall allow customers to export the list of saved addresss as a CSV file.,Functional,export,well-formed,0,0,,1,,16,
REQ-00156,Food Delivery,The system shall allow administrators to view a dashboard summarising restaurant counts by status.,Functional,report,well-formed,0,0,,1,,14,
REQ-00157,Food Delivery,The system shall allow customers to sort the list of saved addresss by date of creation.,Functional,search,well-formed,0,0,,1,,16,
REQ-00158,Food Delivery,The system shall send an email notification to the customer when a discount offer is created.,Functional,notify,well-formed,0,0,,1,,16,
REQ-00159,Food Delivery,The system shall allow administrators to generate a monthly report of all order reviews.,Functional,report,well-formed,0,0,,1,,14,
REQ-00160,Food Delivery,The system shall allow administrators to approve a restaurant submitted by a customer.,Functional,workflow,well-formed,0,0,,1,,13,
REQ-00161,Food Delivery,The system shall allow customers to create a new delivery agent record.,Functional,create,well-formed,0,0,,1,,12,
REQ-00162,Food Delivery,The system shall allow customers to update an existing payment method.,Functional,update,well-formed,0,0,,1,,11,
REQ-00163,Food Delivery,The system shall allow customers to save a discount offer for later use.,Functional,duplicate-pair,well-formed,0,0,FOO-DUP-1,1,,13,original of a near-duplicate pair
REQ-00164,Food Delivery,The system shall allow customers to bookmark a discount offer for future reference.,Functional,duplicate-pair,duplicate,0,1,FOO-DUP-1,0,,13,restates the requirement above
REQ-00165,Food Delivery,The system shall allow customers to cancel a payment method before it is processed.,Functional,duplicate-pair,well-formed,0,0,FOO-DUP-2,1,,14,original of a near-duplicate pair
REQ-00166,Food Delivery,The system shall allow customers to withdraw a payment method prior to processing.,Functional,duplicate-pair,duplicate,0,1,FOO-DUP-2,0,,13,restates the requirement above
REQ-00167,Food Delivery,The system shall allow customers to search for a menu item by location.,Functional,duplicate-pair,well-formed,0,0,FOO-DUP-3,1,,13,original of a near-duplicate pair
REQ-00168,Food Delivery,The system shall provide a search facility that locates a menu item using location.,Functional,duplicate-pair,duplicate,0,1,FOO-DUP-3,0,,14,restates the requirement above
REQ-00169,Food Delivery,The system shall send a confirmation message once a payment method is submitted.,Functional,duplicate-pair,well-formed,0,0,FOO-DUP-4,1,,13,original of a near-duplicate pair
REQ-00170,Food Delivery,The system shall notify the customer after a payment method has been submitted successfully.,Functional,duplicate-pair,duplicate,0,1,FOO-DUP-4,0,,14,restates the requirement above
REQ-00171,Food Delivery,The system shall allow administrators to remove a menu item from the system.,Functional,duplicate-pair,well-formed,0,0,FOO-DUP-5,1,,13,original of a near-duplicate pair
REQ-00172,Food Delivery,The system shall allow administrators to delete an existing menu item record.,Functional,duplicate-pair,duplicate,0,1,FOO-DUP-5,0,,12,restates the requirement above
REQ-00173,Food Delivery,The system shall handle saved addresss appropriately.,Functional,under-specified,ambiguous,1,0,,0,appropriate|appropriately,7,
REQ-00174,Food Delivery,The system shall manage food orders in an efficient manner.,Functional,under-specified,ambiguous,1,0,,0,efficient,10,
REQ-00175,Food Delivery,The system shall process a order review as quickly as possible.,Functional,under-specified,ambiguous,1,0,,0,as quickly as possible|quickly,11,
REQ-00176,Food Delivery,The system should support various operations on favourite restaurants as needed.,Functional,under-specified,ambiguous,1,0,,0,as needed|various,11,
REQ-00177,Food Delivery,The system shall provide adequate options for managing delivery agent records.,Functional,under-specified,ambiguous,1,0,,0,adequate,11,
REQ-00178,Food Delivery,The system shall display suitable information about each order review.,Functional,under-specified,ambiguous,1,0,,0,suitable,10,
REQ-00179,Food Delivery,The system shall deal with invalid payment method data properly.,Functional,under-specified,ambiguous,1,0,,0,properly,10,
REQ-00180,Food Delivery,The system shall support most of the common actions on a delivery agent record.,Functional,under-specified,ambiguous,1,0,,0,common|most,14,
REQ-00181,Food Delivery,The system shall provide appropriate error messages when something goes wrong with a saved address.,Functional,under-specified,ambiguous,1,0,,0,appropriate|something goes wrong,15,
REQ-00182,Food Delivery,The system shall be able to work with a reasonable number of restaurants.,Functional,under-specified,ambiguous,1,0,,0,reasonable,13,
REQ-00183,Food Delivery,The system shall allow customers to do the usual things with their favourite restaurants.,Functional,under-specified,ambiguous,1,0,,0,usual,14,
REQ-00184,Food Delivery,The system shall handle order review errors and other similar issues.,Functional,under-specified,ambiguous,1,0,,0,other similar issues,11,
REQ-00185,Food Delivery,"The system shall support 5,000 concurrent users without response times exceeding 3 seconds.",Non-Functional,Scalability,well-formed,0,0,,1,,13,
REQ-00186,Food Delivery,The system shall take an automated backup of the favourite restaurant database every 6 hours.,Non-Functional,Reliability,well-formed,0,0,,1,,15,
REQ-00187,Food Delivery,The system shall recover and resume an interrupted order submission within 10 seconds of reconnection.,Non-Functional,Reliability,well-formed,0,0,,1,,15,
REQ-00188,Food Delivery,The system shall store all user passwords using the bcrypt hashing algorithm with a work factor of at least 12.,Non-Functional,Security,well-formed,0,0,,1,,20,
REQ-00189,Food Delivery,The system shall allow a customer to download all personal data held about them within 48 hours of request.,Non-Functional,Compliance,well-formed,0,0,,1,,19,
REQ-00190,Food Delivery,The system shall log every administrative action with user ID and timestamp and retain the log for 12 months.,Non-Functional,Security,well-formed,0,0,,1,,19,
REQ-00191,Food Delivery,The source code shall maintain a unit test coverage of at least 80 percent.,Non-Functional,Maintainability,well-formed,0,0,,1,,14,
REQ-00192,Food Delivery,The system shall expose all order review operations through a documented REST API.,Non-Functional,Interoperability,well-formed,0,0,,1,,13,
REQ-00193,Food Delivery,The system shall display any favourite restaurant search result within 2 seconds for 95 percent of requests.,Non-Functional,Performance,well-formed,0,0,,1,,17,
REQ-00194,Food Delivery,The system shall retain menu item records for 7 years before permanent deletion.,Non-Functional,Compliance,well-formed,0,0,,1,,13,
REQ-00195,Food Delivery,The system shall be maintainable and easy to modify in the future.,Non-Functional,Maintainability,ambiguous,1,0,,0,easy,12,
REQ-00196,Food Delivery,The system shall have a modern and attractive user interface.,Non-Functional,Usability,ambiguous,1,0,,0,attractive|modern,10,
REQ-00197,Food Delivery,The system shall minimise downtime as far as possible.,Non-Functional,Availability,ambiguous,1,0,,0,as far as possible,9,
REQ-00198,Food Delivery,The system shall use industry standard security practices.,Non-Functional,Security,ambiguous,1,0,,0,industry standard,8,
REQ-00199,Food Delivery,The system shall work well on most devices.,Non-Functional,Portability,ambiguous,1,0,,0,most|work well,8,
REQ-00200,Food Delivery,The system shall load menu item pages quickly.,Non-Functional,Performance,ambiguous,1,0,,0,quickly,8,
REQ-00201,Hospital Management,The system shall allow hospital administrators to assign roles and permissions to a user account.,Functional,authorization,well-formed,0,0,,1,,15,
REQ-00202,Hospital Management,The system shall allow patients to pay for a appointment using a credit or debit card.,Functional,payment,well-formed,0,0,,1,,16,
REQ-00203,Hospital Management,The system shall allow patients to pay for a appointment using a UPI transaction.,Functional,payment,well-formed,0,0,,1,,14,
REQ-00204,Hospital Management,The system shall generate a printable invoice for every completed appointment.,Functional,payment,well-formed,0,0,,1,,11,
REQ-00205,Hospital Management,The system shall allow patients to request a refund for a cancelled appointment.,Functional,payment,well-formed,0,0,,1,,13,
REQ-00206,Hospital Management,The system shall allow hospital administrators to apply a discount to a appointment before payment.,Functional,payment,well-formed,0,0,,1,,15,
REQ-00207,Hospital Management,The system shall allow patients to view the payment history of all past appointments.,Functional,payment,well-formed,0,0,,1,,14,
REQ-00208,Hospital Management,The system shall mark a appointment as failed if the payment gateway returns an error.,Functional,payment,well-formed,0,0,,1,,15,
REQ-00209,Hospital Management,The system shall allow hospital administrators to generate a monthly report of all discharge summarys.,Functional,report,well-formed,0,0,,1,,15,
REQ-00210,Hospital Management,The system shall allow patients to download a prescription as a PDF document.,Functional,export,well-formed,0,0,,1,,13,
REQ-00211,Hospital Management,The system shall allow patients to export the list of vaccination records as a CSV file.,Functional,export,well-formed,0,0,,1,,16,
REQ-00212,Hospital Management,The system shall send an SMS alert to the patient when the status of a lab report changes.,Functional,notify,well-formed,0,0,,1,,18,
REQ-00213,Hospital Management,The system shall display a paginated list of doctor profiles with twenty entries per page.,Functional,read,well-formed,0,0,,1,,15,
REQ-00214,Hospital Management,The system shall record the date and time at which each appointment is modified.,Functional,audit,well-formed,0,0,,1,,14,
REQ-00215,Hospital Management,The system shall allow hospital administrators to generate a monthly report of all doctor profiles.,Functional,report,well-formed,0,0,,1,,15,
REQ-00216,Hospital Management,The system shall prevent a patient from submitting a duplicate medical record.,Functional,validation,well-formed,0,0,,1,,12,
REQ-00217,Hospital Management,The system shall allow patients to update an existing vaccination record.,Functional,update,well-formed,0,0,,1,,11,
REQ-00218,Hospital Management,The system shall send an email notification to the patient when a medical record is created.,Functional,notify,well-formed,0,0,,1,,16,
REQ-00219,Hospital Management,The system shall allow patients to download a discharge summary as a PDF document.,Functional,export,well-formed,0,0,,1,,14,
REQ-00220,Hospital Management,The system shall display the current status of each medical record on the patient dashboard.,Functional,read,well-formed,0,0,,1,,15,
REQ-00221,Hospital Management,The system shall validate all mandatory fields of a prescription before saving it.,Functional,validation,well-formed,0,0,,1,,13,
REQ-00222,Hospital Management,The system shall allow patients to delete a ward bed that is no longer required.,Functional,delete,well-formed,0,0,,1,,15,
REQ-00223,Hospital Management,The system shall allow patients to delete a insurance claim that is no longer required.,Functional,delete,well-formed,0,0,,1,,15,
REQ-00224,Hospital Management,The system shall allow patients to filter the list of insurance claims by status.,Functional,search,well-formed,0,0,,1,,14,
REQ-00225,Hospital Management,The system shall allow patients to update an existing insurance claim.,Functional,update,well-formed,0,0,,1,,11,
REQ-00226,Hospital Management,The system shall send an email notification to the patient when a discharge summary is created.,Functional,notify,well-formed,0,0,,1,,16,
REQ-00227,Hospital Management,The system shall prevent a patient from submitting a duplicate billing record.,Functional,validation,well-formed,0,0,,1,,12,
REQ-00228,Hospital Management,The system shall allow hospital administrators to reject a insurance claim with a mandatory reason.,Functional,workflow,well-formed,0,0,,1,,15,
REQ-00229,Hospital Management,The system shall allow patients to delete a medical record that is no longer required.,Functional,delete,well-formed,0,0,,1,,15,
REQ-00230,Hospital Management,The system shall maintain an audit log of every change made to a vaccination record.,Functional,audit,well-formed,0,0,,1,,15,
REQ-00231,Hospital Management,The system shall allow patients to create a new appointment.,Functional,create,well-formed,0,0,,1,,10,
REQ-00232,Hospital Management,The system shall allow patients to sort the list of vaccination records by date of creation.,Functional,search,well-formed,0,0,,1,,16,
REQ-00233,Hospital Management,The system shall allow patients to download a billing record as a PDF document.,Functional,export,well-formed,0,0,,1,,14,
REQ-00234,Hospital Management,The system shall allow patients to view the details of a selected prescription.,Functional,read,well-formed,0,0,,1,,13,
REQ-00235,Hospital Management,The system shall allow hospital administrators to approve a appointment submitted by a patient.,Functional,workflow,well-formed,0,0,,1,,14,
REQ-00236,Hospital Management,The system shall allow patients to download a medical record as a PDF document.,Functional,export,well-formed,0,0,,1,,14,
REQ-00237,Hospital Management,The system shall allow patients to delete a lab report that is no longer required.,Functional,delete,well-formed,0,0,,1,,15,
REQ-00238,Hospital Management,The system shall allow hospital administrators to reject a vaccination record with a mandatory reason.,Functional,workflow,well-formed,0,0,,1,,15,
REQ-00239,Hospital Management,The system shall maintain an audit log of every change made to a discharge summary.,Functional,audit,well-formed,0,0,,1,,15,
REQ-00240,Hospital Management,The system shall maintain an audit log of every change made to a insurance claim.,Functional,audit,well-formed,0,0,,1,,15,
REQ-00241,Hospital Management,The system shall send an SMS alert to the patient when the status of a prescription changes.,Functional,notify,well-formed,0,0,,1,,17,
REQ-00242,Hospital Management,The system shall allow hospital administrators to view a dashboard summarising doctor profile counts by status.,Functional,report,well-formed,0,0,,1,,16,
REQ-00243,Hospital Management,The system shall allow patients to download a lab report as a PDF document.,Functional,export,well-formed,0,0,,1,,14,
REQ-00244,Hospital Management,The system shall restrict access to a appointment to the patient who created it.,Functional,authorization,well-formed,0,0,,1,,14,
REQ-00245,Hospital Management,The system shall display the current status of each insurance claim on the patient dashboard.,Functional,read,well-formed,0,0,,1,,15,
REQ-00246,Hospital Management,The system shall restrict access to a prescription to the patient who created it.,Functional,authorization,well-formed,0,0,,1,,14,
REQ-00247,Hospital Management,The system shall allow hospital administrators to approve a prescription submitted by a patient.,Functional,workflow,well-formed,0,0,,1,,14,
REQ-00248,Hospital Management,The system shall allow hospital administrators to approve a discharge summary submitted by a patient.,Functional,workflow,well-formed,0,0,,1,,15,
REQ-00249,Hospital Management,The system shall allow patients to view the details of a selected vaccination record.,Functional,read,well-formed,0,0,,1,,14,
REQ-00250,Hospital Management,The system shall prevent a patient from submitting a duplicate ward bed.,Functional,validation,well-formed,0,0,,1,,12,
REQ-00251,Hospital Management,The system shall allow hospital administrators to archive a doctor profile older than one year.,Functional,archival,well-formed,0,0,,1,,15,
REQ-00252,Hospital Management,The system shall allow hospital administrators to reject a lab report with a mandatory reason.,Functional,workflow,well-formed,0,0,,1,,15,
REQ-00253,Hospital Management,The system shall send an email notification to the patient when a lab report is created.,Functional,notify,well-formed,0,0,,1,,16,
REQ-00254,Hospital Management,The system shall validate all mandatory fields of a doctor profile before saving it.,Functional,validation,well-formed,0,0,,1,,14,
REQ-00255,Hospital Management,The system shall validate all mandatory fields of a appointment before saving it.,Functional,validation,well-formed,0,0,,1,,13,
REQ-00256,Hospital Management,The system shall allow hospital administrators to archive a billing record older than one year.,Functional,archival,well-formed,0,0,,1,,15,
REQ-00257,Hospital Management,The system shall allow hospital administrators to generate a monthly report of all prescriptions.,Functional,report,well-formed,0,0,,1,,14,
REQ-00258,Hospital Management,The system shall allow hospital administrators to archive a vaccination record older than one year.,Functional,archival,well-formed,0,0,,1,,15,
REQ-00259,Hospital Management,The system shall send an SMS alert to the patient when the status of a vaccination record changes.,Functional,notify,well-formed,0,0,,1,,18,
REQ-00260,Hospital Management,The system shall allow hospital administrators to archive a ward bed older than one year.,Functional,archival,well-formed,0,0,,1,,15,
REQ-00261,Hospital Management,The system shall allow patients to create a new ward bed.,Functional,create,well-formed,0,0,,1,,11,
REQ-00262,Hospital Management,The system shall allow patients to view the details of a selected insurance claim.,Functional,read,well-formed,0,0,,1,,14,
REQ-00263,Hospital Management,The system shall allow patients to save a insurance claim for later use.,Functional,duplicate-pair,well-formed,0,0,HOS-DUP-1,1,,13,original of a near-duplicate pair
REQ-00264,Hospital Management,The system shall allow patients to bookmark a insurance claim for future reference.,Functional,duplicate-pair,duplicate,0,1,HOS-DUP-1,0,,13,restates the requirement above
REQ-00265,Hospital Management,The system shall allow patients to cancel a medical record before it is processed.,Functional,duplicate-pair,well-formed,0,0,HOS-DUP-2,1,,14,original of a near-duplicate pair
REQ-00266,Hospital Management,The system shall allow patients to withdraw a medical record prior to processing.,Functional,duplicate-pair,duplicate,0,1,HOS-DUP-2,0,,13,restates the requirement above
REQ-00267,Hospital Management,The system shall allow patients to search for a insurance claim by doctor name.,Functional,duplicate-pair,well-formed,0,0,HOS-DUP-3,1,,14,original of a near-duplicate pair
REQ-00268,Hospital Management,The system shall provide a search facility that locates a insurance claim using doctor name.,Functional,duplicate-pair,duplicate,0,1,HOS-DUP-3,0,,15,restates the requirement above
REQ-00269,Hospital Management,The system shall send a confirmation message once a insurance claim is submitted.,Functional,duplicate-pair,well-formed,0,0,HOS-DUP-4,1,,13,original of a near-duplicate pair
REQ-00270,Hospital Management,The system shall notify the patient after a insurance claim has been submitted successfully.,Functional,duplicate-pair,duplicate,0,1,HOS-DUP-4,0,,14,restates the requirement above
REQ-00271,Hospital Management,The system shall allow hospital administrators to remove a appointment from the system.,Functional,duplicate-pair,well-formed,0,0,HOS-DUP-5,1,,13,original of a near-duplicate pair
REQ-00272,Hospital Management,The system shall allow hospital administrators to delete an existing appointment record.,Functional,duplicate-pair,duplicate,0,1,HOS-DUP-5,0,,12,restates the requirement above
REQ-00273,Hospital Management,The system shall allow patients to rate a completed appointment from one to five stars.,Functional,duplicate-pair,well-formed,0,0,HOS-DUP-6,1,,15,original of a near-duplicate pair
REQ-00274,Hospital Management,The system shall allow patients to give a star rating between one and five for a finished appointment.,Functional,duplicate-pair,duplicate,0,1,HOS-DUP-6,0,,18,restates the requirement above
REQ-00275,Hospital Management,The system shall handle discharge summarys appropriately.,Functional,under-specified,ambiguous,1,0,,0,appropriate|appropriately,7,
REQ-00276,Hospital Management,The system shall manage insurance claims in an efficient manner.,Functional,under-specified,ambiguous,1,0,,0,efficient,10,
REQ-00277,Hospital Management,The system shall process a medical record as quickly as possible.,Functional,under-specified,ambiguous,1,0,,0,as quickly as possible|quickly,11,
REQ-00278,Hospital Management,The system should support various operations on ward beds as needed.,Functional,under-specified,ambiguous,1,0,,0,as needed|various,11,
REQ-00279,Hospital Management,The system shall provide adequate options for managing vaccination records.,Functional,under-specified,ambiguous,1,0,,0,adequate,10,
REQ-00280,Hospital Management,The system shall display suitable information about each doctor profile.,Functional,under-specified,ambiguous,1,0,,0,suitable,10,
REQ-00281,Hospital Management,The system shall deal with invalid doctor profile data properly.,Functional,under-specified,ambiguous,1,0,,0,properly,10,
REQ-00282,Hospital Management,The system shall support most of the common actions on a insurance claim.,Functional,under-specified,ambiguous,1,0,,0,common|most,13,
REQ-00283,Hospital Management,The system shall provide appropriate error messages when something goes wrong with a billing record.,Functional,under-specified,ambiguous,1,0,,0,appropriate|something goes wrong,15,
REQ-00284,Hospital Management,The system shall be able to work with a reasonable number of prescriptions.,Functional,under-specified,ambiguous,1,0,,0,reasonable,13,
REQ-00285,Hospital Management,The system shall retain lab report records for 7 years before permanent deletion.,Non-Functional,Compliance,well-formed,0,0,,1,,13,
REQ-00286,Hospital Management,The system shall display any medical record search result within 2 seconds for 95 percent of requests.,Non-Functional,Performance,well-formed,0,0,,1,,17,
REQ-00287,Hospital Management,"The system shall provide the user interface in English, Hindi, and Tamil.",Non-Functional,Usability,well-formed,0,0,,1,,12,
REQ-00288,Hospital Management,The system shall process at least 200 appointment submissions per minute at peak load.,Non-Functional,Performance,well-formed,0,0,,1,,14,
REQ-00289,Hospital Management,The system shall allow a patient to download all personal data held about them within 48 hours of request.,Non-Functional,Compliance,well-formed,0,0,,1,,19,
REQ-00290,Hospital Management,The system shall allow a new patient to complete a appointment within 3 minutes without external assistance.,Non-Functional,Usability,well-formed,0,0,,1,,17,
REQ-00291,Hospital Management,The system shall recover and resume an interrupted appointment submission within 10 seconds of reconnection.,Non-Functional,Reliability,well-formed,0,0,,1,,15,
REQ-00292,Hospital Management,The system shall take an automated backup of the doctor profile database every 6 hours.,Non-Functional,Reliability,well-formed,0,0,,1,,15,
REQ-00293,Hospital Management,The system shall expose all lab report operations through a documented REST API.,Non-Functional,Interoperability,well-formed,0,0,,1,,13,
REQ-00294,Hospital Management,The system should be user-friendly and easy to use for all patients.,Non-Functional,Usability,ambiguous,1,0,,0,easy|user-friendly,12,
REQ-00295,Hospital Management,The system shall be secure and protect patient data appropriately.,Non-Functional,Security,ambiguous,1,0,,0,appropriate|appropriately,10,
REQ-00296,Hospital Management,The system shall load vaccination record pages quickly.,Non-Functional,Performance,ambiguous,1,0,,0,quickly,8,
REQ-00297,Hospital Management,The system shall be sufficiently robust for real world usage.,Non-Functional,Reliability,ambiguous,1,0,,0,robust,10,
REQ-00298,Hospital Management,The system shall scale up easily when the user base grows.,Non-Functional,Scalability,ambiguous,1,0,,0,easily,11,
REQ-00299,Hospital Management,The system shall provide good performance during peak hours.,Non-Functional,Performance,ambiguous,1,0,,0,good,9,
REQ-00300,Hospital Management,The system shall validate all mandatory fields of a vaccination record before saving it.,Functional,validation,well-formed,0,0,,1,,14,
REQ-00301,E-Learning Platform,The system shall allow students to pay for a enrolment using a credit or debit card.,Functional,payment,well-formed,0,0,,1,,16,
REQ-00302,E-Learning Platform,The system shall allow students to pay for a enrolment using a UPI transaction.,Functional,payment,well-formed,0,0,,1,,14,
REQ-00303,E-Learning Platform,The system shall generate a printable invoice for every completed enrolment.,Functional,payment,well-formed,0,0,,1,,11,
REQ-00304,E-Learning Platform,The system shall allow students to request a refund for a cancelled enrolment.,Functional,payment,well-formed,0,0,,1,,13,
REQ-00305,E-Learning Platform,The system shall allow administrators to apply a discount to a enrolment before payment.,Functional,payment,well-formed,0,0,,1,,14,
REQ-00306,E-Learning Platform,The system shall allow students to view the payment history of all past enrolments.,Functional,payment,well-formed,0,0,,1,,14,
REQ-00307,E-Learning Platform,The system shall mark a enrolment as failed if the payment gateway returns an error.,Functional,payment,well-formed,0,0,,1,,15,
REQ-00308,E-Learning Platform,The system shall allow students to search for a course by course title.,Functional,search,well-formed,0,0,,1,,13,
REQ-00309,E-Learning Platform,The system shall allow students to update an existing course review.,Functional,update,well-formed,0,0,,1,,11,
REQ-00310,E-Learning Platform,The system shall allow students to view the details of a selected enrolment record.,Functional,read,well-formed,0,0,,1,,14,
REQ-00311,E-Learning Platform,The system shall allow administrators to approve a certificate submitted by a student.,Functional,workflow,well-formed,0,0,,1,,13,
REQ-00312,E-Learning Platform,The system shall send an SMS alert to the student when the status of a assignment changes.,Functional,notify,well-formed,0,0,,1,,17,
REQ-00313,E-Learning Platform,The system shall allow administrators to approve a course review submitted by a student.,Functional,workflow,well-formed,0,0,,1,,14,
REQ-00314,E-Learning Platform,The system shall allow students to download a course review as a PDF document.,Functional,export,well-formed,0,0,,1,,14,
REQ-00315,E-Learning Platform,The system shall prevent a student from submitting a duplicate assignment.,Functional,validation,well-formed,0,0,,1,,11,
REQ-00316,E-Learning Platform,The system shall allow students to view the details of a selected course.,Functional,read,well-formed,0,0,,1,,13,
REQ-00317,E-Learning Platform,The system shall send an SMS alert to the student when the status of a course changes.,Functional,notify,well-formed,0,0,,1,,17,
REQ-00318,E-Learning Platform,The system shall allow students to add a comment to a quiz.,Functional,collaboration,well-formed,0,0,,1,,12,
REQ-00319,E-Learning Platform,The system shall allow students to add a comment to a course review.,Functional,collaboration,well-formed,0,0,,1,,13,
REQ-00320,E-Learning Platform,The system shall allow administrators to archive a course older than one year.,Functional,archival,well-formed,0,0,,1,,13,
REQ-00321,E-Learning Platform,The system shall allow students to delete a lecture video that is no longer required.,Functional,delete,well-formed,0,0,,1,,15,
REQ-00322,E-Learning Platform,The system shall allow students to export the list of lecture videos as a CSV file.,Functional,export,well-formed,0,0,,1,,16,
REQ-00323,E-Learning Platform,The system shall restrict access to a enrolment record to the student who created it.,Functional,authorization,well-formed,0,0,,1,,15,
REQ-00324,E-Learning Platform,The system shall allow administrators to view a dashboard summarising course counts by status.,Functional,report,well-formed,0,0,,1,,14,
REQ-00325,E-Learning Platform,The system shall allow administrators to approve a assignment submitted by a student.,Functional,workflow,well-formed,0,0,,1,,13,
REQ-00326,E-Learning Platform,The system shall allow students to export the list of discussion threads as a CSV file.,Functional,export,well-formed,0,0,,1,,16,
REQ-00327,E-Learning Platform,The system shall allow students to view the details of a selected study note.,Functional,read,well-formed,0,0,,1,,14,
REQ-00328,E-Learning Platform,The system shall prevent a student from submitting a duplicate course review.,Functional,validation,well-formed,0,0,,1,,12,
REQ-00329,E-Learning Platform,The system shall allow administrators to approve a discussion thread submitted by a student.,Functional,workflow,well-formed,0,0,,1,,14,
REQ-00330,E-Learning Platform,The system shall allow students to add a comment to a enrolment record.,Functional,collaboration,well-formed,0,0,,1,,13,
REQ-00331,E-Learning Platform,The system shall prevent a student from submitting a duplicate certificate.,Functional,validation,well-formed,0,0,,1,,11,
REQ-00332,E-Learning Platform,The system shall display a paginated list of discussion threads with twenty entries per page.,Functional,read,well-formed,0,0,,1,,15,
REQ-00333,E-Learning Platform,The system shall allow students to download a lecture video as a PDF document.,Functional,export,well-formed,0,0,,1,,14,
REQ-00334,E-Learning Platform,The system shall allow students to update an existing certificate.,Functional,update,well-formed,0,0,,1,,10,
REQ-00335,E-Learning Platform,The system shall allow students to create a new lecture video.,Functional,create,well-formed,0,0,,1,,11,
REQ-00336,E-Learning Platform,The system shall allow administrators to approve a enrolment record submitted by a student.,Functional,workflow,well-formed,0,0,,1,,14,
REQ-00337,E-Learning Platform,The system shall record the date and time at which each lecture video is modified.,Functional,audit,well-formed,0,0,,1,,15,
REQ-00338,E-Learning Platform,The system shall allow students to attach a supporting document to a learning path.,Functional,attachment,well-formed,0,0,,1,,14,
REQ-00339,E-Learning Platform,The system shall allow administrators to reject a course with a mandatory reason.,Functional,workflow,well-formed,0,0,,1,,13,
REQ-00340,E-Learning Platform,The system shall record the date and time at which each certificate is modified.,Functional,audit,well-formed,0,0,,1,,14,
REQ-00341,E-Learning Platform,The system shall display the current status of each discussion thread on the student dashboard.,Functional,read,well-formed,0,0,,1,,15,
REQ-00342,E-Learning Platform,The system shall send an email notification to the student when a study note is created.,Functional,notify,well-formed,0,0,,1,,16,
REQ-00343,E-Learning Platform,The system shall restrict access to a course review to the student who created it.,Functional,authorization,well-formed,0,0,,1,,15,
REQ-00344,E-Learning Platform,The system shall allow administrators to reject a lecture video with a mandatory reason.,Functional,workflow,well-formed,0,0,,1,,14,
REQ-00345,E-Learning Platform,The system shall allow students to sort the list of learning paths by date of creation.,Functional,search,well-formed,0,0,,1,,16,
REQ-00346,E-Learning Platform,The system shall allow students to create a new assignment.,Functional,create,well-formed,0,0,,1,,10,
REQ-00347,E-Learning Platform,The system shall allow administrators to archive a discussion thread older than one year.,Functional,archival,well-formed,0,0,,1,,14,
REQ-00348,E-Learning Platform,The system shall restrict access to a certificate to the student who created it.,Functional,authorization,well-formed,0,0,,1,,14,
REQ-00349,E-Learning Platform,The system shall allow students to sort the list of enrolment records by date of creation.,Functional,search,well-formed,0,0,,1,,16,
REQ-00350,E-Learning Platform,The system shall display the current status of each assignment on the student dashboard.,Functional,read,well-formed,0,0,,1,,14,
REQ-00351,E-Learning Platform,The system shall allow students to download a quiz as a PDF document.,Functional,export,well-formed,0,0,,1,,13,
REQ-00352,E-Learning Platform,The system shall allow students to search for a course review by instructor.,Functional,search,well-formed,0,0,,1,,13,
REQ-00353,E-Learning Platform,The system shall allow administrators to generate a monthly report of all study notes.,Functional,report,well-formed,0,0,,1,,14,
REQ-00354,E-Learning Platform,The system shall allow students to add a comment to a course.,Functional,collaboration,well-formed,0,0,,1,,12,
REQ-00355,E-Learning Platform,The system shall allow students to add a comment to a certificate.,Functional,collaboration,well-formed,0,0,,1,,12,
REQ-00356,E-Learning Platform,The system shall display a paginated list of learning paths with twenty entries per page.,Functional,read,well-formed,0,0,,1,,15,
REQ-00357,E-Learning Platform,The system shall allow administrators to approve a learning path submitted by a student.,Functional,workflow,well-formed,0,0,,1,,14,
REQ-00358,E-Learning Platform,The system shall prevent a student from submitting a duplicate discussion thread.,Functional,validation,well-formed,0,0,,1,,12,
REQ-00359,E-Learning Platform,The system shall send an SMS alert to the student when the status of a study note changes.,Functional,notify,well-formed,0,0,,1,,18,
REQ-00360,E-Learning Platform,The system shall allow students to attach a supporting document to a quiz.,Functional,attachment,well-formed,0,0,,1,,13,
REQ-00361,E-Learning Platform,The system shall allow students to create a new discussion thread.,Functional,create,well-formed,0,0,,1,,11,
REQ-00362,E-Learning Platform,The system shall allow students to view the details of a selected course review.,Functional,read,well-formed,0,0,,1,,14,
REQ-00363,E-Learning Platform,The system shall allow students to save a study note for later use.,Functional,duplicate-pair,well-formed,0,0,E-L-DUP-1,1,,13,original of a near-duplicate pair
REQ-00364,E-Learning Platform,The system shall allow students to bookmark a study note for future reference.,Functional,duplicate-pair,duplicate,0,1,E-L-DUP-1,0,,13,restates the requirement above
REQ-00365,E-Learning Platform,The system shall allow students to cancel a enrolment record before it is processed.,Functional,duplicate-pair,well-formed,0,0,E-L-DUP-2,1,,14,original of a near-duplicate pair
REQ-00366,E-Learning Platform,The system shall allow students to withdraw a enrolment record prior to processing.,Functional,duplicate-pair,duplicate,0,1,E-L-DUP-2,0,,13,restates the requirement above
REQ-00367,E-Learning Platform,The system shall allow students to search for a learning path by subject.,Functional,duplicate-pair,well-formed,0,0,E-L-DUP-3,1,,13,original of a near-duplicate pair
REQ-00368,E-Learning Platform,The system shall provide a search facility that locates a learning path using subject.,Functional,duplicate-pair,duplicate,0,1,E-L-DUP-3,0,,14,restates the requirement above
REQ-00369,E-Learning Platform,The system shall send a confirmation message once a discussion thread is submitted.,Functional,duplicate-pair,well-formed,0,0,E-L-DUP-4,1,,13,original of a near-duplicate pair
REQ-00370,E-Learning Platform,The system shall notify the student after a discussion thread has been submitted successfully.,Functional,duplicate-pair,duplicate,0,1,E-L-DUP-4,0,,14,restates the requirement above
REQ-00371,E-Learning Platform,The system shall allow administrators to remove a lecture video from the system.,Functional,duplicate-pair,well-formed,0,0,E-L-DUP-5,1,,13,original of a near-duplicate pair
REQ-00372,E-Learning Platform,The system shall allow administrators to delete an existing lecture video record.,Functional,duplicate-pair,duplicate,0,1,E-L-DUP-5,0,,12,restates the requirement above
REQ-00373,E-Learning Platform,The system shall allow students to rate a completed enrolment from one to five stars.,Functional,duplicate-pair,well-formed,0,0,E-L-DUP-6,1,,15,original of a near-duplicate pair
REQ-00374,E-Learning Platform,The system shall allow students to give a star rating between one and five for a finished enrolment.,Functional,duplicate-pair,duplicate,0,1,E-L-DUP-6,0,,18,restates the requirement above
REQ-00375,E-Learning Platform,The system shall handle courses appropriately.,Functional,under-specified,ambiguous,1,0,,0,appropriate|appropriately,6,
REQ-00376,E-Learning Platform,The system shall manage learning paths in an efficient manner.,Functional,under-specified,ambiguous,1,0,,0,efficient,10,
REQ-00377,E-Learning Platform,The system shall process a certificate as quickly as possible.,Functional,under-specified,ambiguous,1,0,,0,as quickly as possible|quickly,10,
REQ-00378,E-Learning Platform,The system should support various operations on courses as needed.,Functional,under-specified,ambiguous,1,0,,0,as needed|various,10,
REQ-00379,E-Learning Platform,The system shall provide adequate options for managing lecture videos.,Functional,under-specified,ambiguous,1,0,,0,adequate,10,
REQ-00380,E-Learning Platform,The system shall display suitable information about each course review.,Functional,under-specified,ambiguous,1,0,,0,suitable,10,
REQ-00381,E-Learning Platform,The system shall deal with invalid enrolment record data properly.,Functional,under-specified,ambiguous,1,0,,0,properly,10,
REQ-00382,E-Learning Platform,The system shall support most of the common actions on a course.,Functional,under-specified,ambiguous,1,0,,0,common|most,12,
REQ-00383,E-Learning Platform,The system shall provide appropriate error messages when something goes wrong with a lecture video.,Functional,under-specified,ambiguous,1,0,,0,appropriate|something goes wrong,15,
REQ-00384,E-Learning Platform,The system shall be able to work with a reasonable number of courses.,Functional,under-specified,ambiguous,1,0,,0,reasonable,13,
REQ-00385,E-Learning Platform,The system shall display any study note search result within 2 seconds for 95 percent of requests.,Non-Functional,Performance,well-formed,0,0,,1,,17,
REQ-00386,E-Learning Platform,The system shall retain course review records for 7 years before permanent deletion.,Non-Functional,Compliance,well-formed,0,0,,1,,13,
REQ-00387,E-Learning Platform,The system shall process at least 200 enrolment submissions per minute at peak load.,Non-Functional,Performance,well-formed,0,0,,1,,14,
REQ-00388,E-Learning Platform,The system shall take an automated backup of the enrolment record database every 6 hours.,Non-Functional,Reliability,well-formed,0,0,,1,,15,
REQ-00389,E-Learning Platform,The system shall recover and resume an interrupted enrolment submission within 10 seconds of reconnection.,Non-Functional,Reliability,well-formed,0,0,,1,,15,
REQ-00390,E-Learning Platform,The system shall allow a new student to complete a enrolment within 3 minutes without external assistance.,Non-Functional,Usability,well-formed,0,0,,1,,17,
REQ-00391,E-Learning Platform,The system shall allow a student to download all personal data held about them within 48 hours of request.,Non-Functional,Compliance,well-formed,0,0,,1,,19,
REQ-00392,E-Learning Platform,The system shall expose all quiz operations through a documented REST API.,Non-Functional,Interoperability,well-formed,0,0,,1,,12,
REQ-00393,E-Learning Platform,The system should be user-friendly and easy to use for all students.,Non-Functional,Usability,ambiguous,1,0,,0,easy|user-friendly,12,
REQ-00394,E-Learning Platform,The system shall be secure and protect student data appropriately.,Non-Functional,Security,ambiguous,1,0,,0,appropriate|appropriately,10,
REQ-00395,E-Learning Platform,The system shall load course pages quickly.,Non-Functional,Performance,ambiguous,1,0,,0,quickly,7,
REQ-00396,E-Learning Platform,The system shall prevent a student from submitting a duplicate course.,Functional,validation,well-formed,0,0,,1,,11,
REQ-00397,E-Learning Platform,The system shall maintain an audit log of every change made to a learning path.,Functional,audit,well-formed,0,0,,1,,15,
REQ-00398,E-Learning Platform,The system shall allow students to delete a certificate that is no longer required.,Functional,delete,well-formed,0,0,,1,,14,
REQ-00399,E-Learning Platform,The system shall allow students to filter the list of discussion threads by status.,Functional,search,well-formed,0,0,,1,,14,
REQ-00400,E-Learning Platform,The system shall allow students to delete a study note that is no longer required.,Functional,delete,well-formed,0,0,,1,,15,
REQ-00401,Banking System,The system shall allow bank administrators to assign roles and permissions to a user account.,Functional,authorization,well-formed,0,0,,1,,15,
REQ-00402,Banking System,The system shall allow account holders to pay for a transaction using a credit or debit card.,Functional,payment,well-formed,0,0,,1,,17,
REQ-00403,Banking System,The system shall allow account holders to pay for a transaction using a UPI transaction.,Functional,payment,well-formed,0,0,,1,,15,
REQ-00404,Banking System,The system shall generate a printable invoice for every completed transaction.,Functional,payment,well-formed,0,0,,1,,11,
REQ-00405,Banking System,The system shall allow account holders to request a refund for a cancelled transaction.,Functional,payment,well-formed,0,0,,1,,14,
REQ-00406,Banking System,The system shall allow bank administrators to apply a discount to a transaction before payment.,Functional,payment,well-formed,0,0,,1,,15,
REQ-00407,Banking System,The system shall allow account holders to view the payment history of all past transactions.,Functional,payment,well-formed,0,0,,1,,15,
REQ-00408,Banking System,The system shall mark a transaction as failed if the payment gateway returns an error.,Functional,payment,well-formed,0,0,,1,,15,
REQ-00409,Banking System,The system shall allow bank administrators to reject a debit card with a mandatory reason.,Functional,workflow,well-formed,0,0,,1,,15,
REQ-00410,Banking System,The system shall allow account holders to view the details of a selected loan application.,Functional,read,well-formed,0,0,,1,,15,
REQ-00411,Banking System,The system shall allow account holders to search for a account statement by account number.,Functional,search,well-formed,0,0,,1,,15,
REQ-00412,Banking System,The system shall allow bank administrators to reject a savings account with a mandatory reason.,Functional,workflow,well-formed,0,0,,1,,15,
REQ-00413,Banking System,The system shall send an SMS alert to the account holder when the status of a loan application changes.,Functional,notify,well-formed,0,0,,1,,19,
REQ-00414,Banking System,The system shall allow account holders to create a new cheque request.,Functional,create,well-formed,0,0,,1,,12,
REQ-00415,Banking System,The system shall allow account holders to filter the list of account statements by status.,Functional,search,well-formed,0,0,,1,,15,
REQ-00416,Banking System,The system shall send an email notification to the account holder when a transaction record is created.,Functional,notify,well-formed,0,0,,1,,17,
REQ-00417,Banking System,The system shall allow account holders to filter the list of standing instructions by status.,Functional,search,well-formed,0,0,,1,,15,
REQ-00418,Banking System,The system shall allow account holders to create a new debit card.,Functional,create,well-formed,0,0,,1,,12,
REQ-00419,Banking System,The system shall send an SMS alert to the account holder when the status of a fund transfer changes.,Functional,notify,well-formed,0,0,,1,,19,
REQ-00420,Banking System,The system shall send an SMS alert to the account holder when the status of a beneficiary changes.,Functional,notify,well-formed,0,0,,1,,18,
REQ-00421,Banking System,The system shall record the date and time at which each cheque request is modified.,Functional,audit,well-formed,0,0,,1,,15,
REQ-00422,Banking System,The system shall allow account holders to view the details of a selected service request.,Functional,read,well-formed,0,0,,1,,15,
REQ-00423,Banking System,The system shall send an email notification to the account holder when a service request is created.,Functional,notify,well-formed,0,0,,1,,17,
REQ-00424,Banking System,The system shall allow bank administrators to approve a savings account submitted by a account holder.,Functional,workflow,well-formed,0,0,,1,,16,
REQ-00425,Banking System,The system shall restrict access to a standing instruction to the account holder who created it.,Functional,authorization,well-formed,0,0,,1,,16,
REQ-00426,Banking System,The system shall display the current status of each standing instruction on the account holder dashboard.,Functional,read,well-formed,0,0,,1,,16,
REQ-00427,Banking System,The system shall display the current status of each service request on the account holder dashboard.,Functional,read,well-formed,0,0,,1,,16,
REQ-00428,Banking System,The system shall send an email notification to the account holder when a fund transfer is created.,Functional,notify,well-formed,0,0,,1,,17,
REQ-00429,Banking System,The system shall prevent a account holder from submitting a duplicate beneficiary.,Functional,validation,well-formed,0,0,,1,,12,
REQ-00430,Banking System,The system shall allow account holders to filter the list of cheque requests by status.,Functional,search,well-formed,0,0,,1,,15,
REQ-00431,Banking System,The system shall allow account holders to search for a service request by account number.,Functional,search,well-formed,0,0,,1,,15,
REQ-00432,Banking System,The system shall prevent a account holder from submitting a duplicate account statement.,Functional,validation,well-formed,0,0,,1,,13,
REQ-00433,Banking System,The system shall allow bank administrators to view a dashboard summarising account statement counts by status.,Functional,report,well-formed,0,0,,1,,16,
REQ-00434,Banking System,The system shall allow account holders to create a new standing instruction.,Functional,create,well-formed,0,0,,1,,12,
REQ-00435,Banking System,The system shall validate all mandatory fields of a savings account before saving it.,Functional,validation,well-formed,0,0,,1,,14,
REQ-00436,Banking System,The system shall allow account holders to sort the list of cheque requests by date of creation.,Functional,search,well-formed,0,0,,1,,17,
REQ-00437,Banking System,The system shall allow bank administrators to generate a monthly report of all loan applications.,Functional,report,well-formed,0,0,,1,,15,
REQ-00438,Banking System,The system shall allow account holders to download a account statement as a PDF document.,Functional,export,well-formed,0,0,,1,,15,
REQ-00439,Banking System,The system shall allow account holders to update an existing fund transfer.,Functional,update,well-formed,0,0,,1,,12,
REQ-00440,Banking System,The system shall allow account holders to attach a supporting document to a beneficiary.,Functional,attachment,well-formed,0,0,,1,,14,
REQ-00441,Banking System,The system shall allow account holders to attach a supporting document to a transaction record.,Functional,attachment,well-formed,0,0,,1,,15,
REQ-00442,Banking System,The system shall display a paginated list of service requests with twenty entries per page.,Functional,read,well-formed,0,0,,1,,15,
REQ-00443,Banking System,The system shall allow account holders to delete a account statement that is no longer required.,Functional,delete,well-formed,0,0,,1,,16,
REQ-00444,Banking System,The system shall display a paginated list of cheque requests with twenty entries per page.,Functional,read,well-formed,0,0,,1,,15,
REQ-00445,Banking System,The system shall allow account holders to filter the list of loan applications by status.,Functional,search,well-formed,0,0,,1,,15,
REQ-00446,Banking System,The system shall allow account holders to filter the list of fund transfers by status.,Functional,search,well-formed,0,0,,1,,15,
REQ-00447,Banking System,The system shall display the current status of each account statement on the account holder dashboard.,Functional,read,well-formed,0,0,,1,,16,
REQ-00448,Banking System,The system shall display a paginated list of beneficiarys with twenty entries per page.,Functional,read,well-formed,0,0,,1,,14,
REQ-00449,Banking System,The system shall allow account holders to download a cheque request as a PDF document.,Functional,export,well-formed,0,0,,1,,15,
REQ-00450,Banking System,The system shall allow bank administrators to archive a service request older than one year.,Functional,archival,well-formed,0,0,,1,,15,
REQ-00451,Banking System,The system shall allow account holders to export the list of debit cards as a CSV file.,Functional,export,well-formed,0,0,,1,,17,
REQ-00452,Banking System,The system shall allow account holders to create a new account statement.,Functional,create,well-formed,0,0,,1,,12,
REQ-00453,Banking System,The system shall allow bank administrators to archive a savings account older than one year.,Functional,archival,well-formed,0,0,,1,,15,
REQ-00454,Banking System,The system shall display the current status of each debit card on the account holder dashboard.,Functional,read,well-formed,0,0,,1,,16,
REQ-00455,Banking System,The system shall allow bank administrators to generate a monthly report of all beneficiarys.,Functional,report,well-formed,0,0,,1,,14,
REQ-00456,Banking System,The system shall allow bank administrators to archive a transaction record older than one year.,Functional,archival,well-formed,0,0,,1,,15,
REQ-00457,Banking System,The system shall allow account holders to search for a debit card by beneficiary name.,Functional,search,well-formed,0,0,,1,,15,
REQ-00458,Banking System,The system shall allow account holders to export the list of loan applications as a CSV file.,Functional,export,well-formed,0,0,,1,,17,
REQ-00459,Banking System,The system shall allow account holders to update an existing loan application.,Functional,update,well-formed,0,0,,1,,12,
REQ-00460,Banking System,The system shall send an email notification to the account holder when a beneficiary is created.,Functional,notify,well-formed,0,0,,1,,16,
REQ-00461,Banking System,The system shall allow account holders to create a new loan application.,Functional,create,well-formed,0,0,,1,,12,
REQ-00462,Banking System,The system shall allow account holders to view the details of a selected debit card.,Functional,read,well-formed,0,0,,1,,15,
REQ-00463,Banking System,The system shall allow account holders to save a account statement for later use.,Functional,duplicate-pair,well-formed,0,0,BAN-DUP-1,1,,14,original of a near-duplicate pair
REQ-00464,Banking System,The system shall allow account holders to bookmark a account statement for future reference.,Functional,duplicate-pair,duplicate,0,1,BAN-DUP-1,0,,14,restates the requirement above
REQ-00465,Banking System,The system shall allow account holders to cancel a cheque request before it is processed.,Functional,duplicate-pair,well-formed,0,0,BAN-DUP-2,1,,15,original of a near-duplicate pair
REQ-00466,Banking System,The system shall allow account holders to withdraw a cheque request prior to processing.,Functional,duplicate-pair,duplicate,0,1,BAN-DUP-2,0,,14,restates the requirement above
REQ-00467,Banking System,The system shall allow account holders to search for a fund transfer by account number.,Functional,duplicate-pair,well-formed,0,0,BAN-DUP-3,1,,15,original of a near-duplicate pair
REQ-00468,Banking System,The system shall provide a search facility that locates a fund transfer using account number.,Functional,duplicate-pair,duplicate,0,1,BAN-DUP-3,0,,15,restates the requirement above
REQ-00469,Banking System,The system shall send a confirmation message once a loan application is submitted.,Functional,duplicate-pair,well-formed,0,0,BAN-DUP-4,1,,13,original of a near-duplicate pair
REQ-00470,Banking System,The system shall notify the account holder after a loan application has been submitted successfully.,Functional,duplicate-pair,duplicate,0,1,BAN-DUP-4,0,,15,restates the requirement above
REQ-00471,Banking System,The system shall allow bank administrators to remove a debit card from the system.,Functional,duplicate-pair,well-formed,0,0,BAN-DUP-5,1,,14,original of a near-duplicate pair
REQ-00472,Banking System,The system shall allow bank administrators to delete an existing debit card record.,Functional,duplicate-pair,duplicate,0,1,BAN-DUP-5,0,,13,restates the requirement above
REQ-00473,Banking System,The system shall allow account holders to rate a completed transaction from one to five stars.,Functional,duplicate-pair,well-formed,0,0,BAN-DUP-6,1,,16,original of a near-duplicate pair
REQ-00474,Banking System,The system shall allow account holders to give a star rating between one and five for a finished transaction.,Functional,duplicate-pair,duplicate,0,1,BAN-DUP-6,0,,19,restates the requirement above
REQ-00475,Banking System,The system shall handle beneficiarys appropriately.,Functional,under-specified,ambiguous,1,0,,0,appropriate|appropriately,6,
REQ-00476,Banking System,The system shall manage debit cards in an efficient manner.,Functional,under-specified,ambiguous,1,0,,0,efficient,10,
REQ-00477,Banking System,The system shall process a service request as quickly as possible.,Functional,under-specified,ambiguous,1,0,,0,as quickly as possible|quickly,11,
REQ-00478,Banking System,The system should support various operations on savings accounts as needed.,Functional,under-specified,ambiguous,1,0,,0,as needed|various,11,
REQ-00479,Banking System,The system shall provide adequate options for managing fund transfers.,Functional,under-specified,ambiguous,1,0,,0,adequate,10,
REQ-00480,Banking System,The system shall display suitable information about each standing instruction.,Functional,under-specified,ambiguous,1,0,,0,suitable,10,
REQ-00481,Banking System,The system shall deal with invalid account statement data properly.,Functional,under-specified,ambiguous,1,0,,0,properly,10,
REQ-00482,Banking System,The system shall support most of the common actions on a beneficiary.,Functional,under-specified,ambiguous,1,0,,0,common|most,12,
REQ-00483,Banking System,The system shall provide appropriate error messages when something goes wrong with a service request.,Functional,under-specified,ambiguous,1,0,,0,appropriate|something goes wrong,15,
REQ-00484,Banking System,The system shall be able to work with a reasonable number of standing instructions.,Functional,under-specified,ambiguous,1,0,,0,reasonable,14,
REQ-00485,Banking System,The system shall display any standing instruction search result within 2 seconds for 95 percent of requests.,Non-Functional,Performance,well-formed,0,0,,1,,17,
REQ-00486,Banking System,The system shall allow a new account holder to complete a transaction within 3 minutes without external assistance.,Non-Functional,Usability,well-formed,0,0,,1,,18,
REQ-00487,Banking System,The system shall expose all account statement operations through a documented REST API.,Non-Functional,Interoperability,well-formed,0,0,,1,,13,
REQ-00488,Banking System,The system shall take an automated backup of the cheque request database every 6 hours.,Non-Functional,Reliability,well-formed,0,0,,1,,15,
REQ-00489,Banking System,The system shall retain savings account records for 7 years before permanent deletion.,Non-Functional,Compliance,well-formed,0,0,,1,,13,
REQ-00490,Banking System,The system shall allow a account holder to download all personal data held about them within 48 hours of request.,Non-Functional,Compliance,well-formed,0,0,,1,,20,
REQ-00491,Banking System,The system shall recover and resume an interrupted transaction submission within 10 seconds of reconnection.,Non-Functional,Reliability,well-formed,0,0,,1,,15,
REQ-00492,Banking System,The system shall process at least 200 transaction submissions per minute at peak load.,Non-Functional,Performance,well-formed,0,0,,1,,14,
REQ-00493,Banking System,The system should be user-friendly and easy to use for all account holders.,Non-Functional,Usability,ambiguous,1,0,,0,easy|user-friendly,13,
REQ-00494,Banking System,The system shall be secure and protect account holder data appropriately.,Non-Functional,Security,ambiguous,1,0,,0,appropriate|appropriately,11,
REQ-00495,Banking System,The system shall load standing instruction pages quickly.,Non-Functional,Performance,ambiguous,1,0,,0,quickly,8,
REQ-00496,Banking System,The system shall restrict access to a account statement to the account holder who created it.,Functional,authorization,well-formed,0,0,,1,,16,
REQ-00497,Banking System,The system shall allow account holders to add a comment to a cheque request.,Functional,collaboration,well-formed,0,0,,1,,14,
REQ-00498,Banking System,The system shall restrict access to a savings account to the account holder who created it.,Functional,authorization,well-formed,0,0,,1,,16,
REQ-00499,Banking System,The system shall display a paginated list of savings accounts with twenty entries per page.,Functional,read,well-formed,0,0,,1,,15,
REQ-00500,Banking System,The system shall prevent a account holder from submitting a duplicate service request.,Functional,validation,well-formed,0,0,,1,,13,
REQ-00501,Hotel Booking,The system shall allow hotel managers to assign roles and permissions to a user account.,Functional,authorization,well-formed,0,0,,1,,15,
REQ-00502,Hotel Booking,The system shall allow guests to pay for a reservation using a credit or debit card.,Functional,payment,well-formed,0,0,,1,,16,
REQ-00503,Hotel Booking,The system shall allow guests to pay for a reservation using a UPI transaction.,Functional,payment,well-formed,0,0,,1,,14,
REQ-00504,Hotel Booking,The system shall generate a printable invoice for every completed reservation.,Functional,payment,well-formed,0,0,,1,,11,
REQ-00505,Hotel Booking,The system shall allow guests to request a refund for a cancelled reservation.,Functional,payment,well-formed,0,0,,1,,13,
REQ-00506,Hotel Booking,The system shall allow hotel managers to apply a discount to a reservation before payment.,Functional,payment,well-formed,0,0,,1,,15,
REQ-00507,Hotel Booking,The system shall allow guests to view the payment history of all past reservations.,Functional,payment,well-formed,0,0,,1,,14,
REQ-00508,Hotel Booking,The system shall mark a reservation as failed if the payment gateway returns an error.,Functional,payment,well-formed,0,0,,1,,15,
REQ-00509,Hotel Booking,The system shall allow guests to delete a room service request that is no longer required.,Functional,delete,well-formed,0,0,,1,,16,
REQ-00510,Hotel Booking,The system shall allow guests to view the details of a selected invoice.,Functional,read,well-formed,0,0,,1,,13,
REQ-00511,Hotel Booking,The system shall allow guests to export the list of loyalty point records as a CSV file.,Functional,export,well-formed,0,0,,1,,17,
REQ-00512,Hotel Booking,The system shall display the current status of each room on the guest dashboard.,Functional,read,well-formed,0,0,,1,,14,
REQ-00513,Hotel Booking,The system shall display the current status of each room service request on the guest dashboard.,Functional,read,well-formed,0,0,,1,,16,
REQ-00514,Hotel Booking,The system shall allow guests to sort the list of invoices by date of creation.,Functional,search,well-formed,0,0,,1,,15,
REQ-00515,Hotel Booking,The system shall send an SMS alert to the guest when the status of a special request changes.,Functional,notify,well-formed,0,0,,1,,18,
REQ-00516,Hotel Booking,The system shall display the current status of each invoice on the guest dashboard.,Functional,read,well-formed,0,0,,1,,14,
REQ-00517,Hotel Booking,The system shall allow guests to create a new invoice.,Functional,create,well-formed,0,0,,1,,10,
REQ-00518,Hotel Booking,The system shall send an SMS alert to the guest when the status of a loyalty point record changes.,Functional,notify,well-formed,0,0,,1,,19,
REQ-00519,Hotel Booking,The system shall allow guests to create a new guest review.,Functional,create,well-formed,0,0,,1,,11,
REQ-00520,Hotel Booking,The system shall allow guests to create a new loyalty point record.,Functional,create,well-formed,0,0,,1,,12,
REQ-00521,Hotel Booking,The system shall prevent a guest from submitting a duplicate invoice.,Functional,validation,well-formed,0,0,,1,,11,
REQ-00522,Hotel Booking,The system shall allow guests to attach a supporting document to a saved hotel.,Functional,attachment,well-formed,0,0,,1,,14,
REQ-00523,Hotel Booking,The system shall allow hotel managers to generate a monthly report of all guest reviews.,Functional,report,well-formed,0,0,,1,,15,
REQ-00524,Hotel Booking,The system shall send an email notification to the guest when a cancellation request is created.,Functional,notify,well-formed,0,0,,1,,16,
REQ-00525,Hotel Booking,The system shall send an email notification to the guest when a loyalty point record is created.,Functional,notify,well-formed,0,0,,1,,17,
REQ-00526,Hotel Booking,The system shall validate all mandatory fields of a reservation before saving it.,Functional,validation,well-formed,0,0,,1,,13,
REQ-00527,Hotel Booking,The system shall allow guests to update an existing saved hotel.,Functional,update,well-formed,0,0,,1,,11,
REQ-00528,Hotel Booking,The system shall validate all mandatory fields of a loyalty point record before saving it.,Functional,validation,well-formed,0,0,,1,,15,
REQ-00529,Hotel Booking,The system shall allow guests to search for a special request by city.,Functional,search,well-formed,0,0,,1,,13,
REQ-00530,Hotel Booking,The system shall allow hotel managers to generate a monthly report of all invoices.,Functional,report,well-formed,0,0,,1,,14,
REQ-00531,Hotel Booking,The system shall allow hotel managers to archive a cancellation request older than one year.,Functional,archival,well-formed,0,0,,1,,15,
REQ-00532,Hotel Booking,The system shall allow guests to download a special request as a PDF document.,Functional,export,well-formed,0,0,,1,,14,
REQ-00533,Hotel Booking,The system shall restrict access to a saved hotel to the guest who created it.,Functional,authorization,well-formed,0,0,,1,,15,
REQ-00534,Hotel Booking,The system shall allow guests to sort the list of saved hotels by date of creation.,Functional,search,well-formed,0,0,,1,,16,
REQ-00535,Hotel Booking,The system shall allow guests to delete a special request that is no longer required.,Functional,delete,well-formed,0,0,,1,,15,
REQ-00536,Hotel Booking,The system shall allow hotel managers to view a dashboard summarising hotel listing counts by status.,Functional,report,well-formed,0,0,,1,,16,
REQ-00537,Hotel Booking,The system shall allow guests to download a hotel listing as a PDF document.,Functional,export,well-formed,0,0,,1,,14,
REQ-00538,Hotel Booking,The system shall prevent a guest from submitting a duplicate saved hotel.,Functional,validation,well-formed,0,0,,1,,12,
REQ-00539,Hotel Booking,The system shall display a paginated list of invoices with twenty entries per page.,Functional,read,well-formed,0,0,,1,,14,
REQ-00540,Hotel Booking,The system shall validate all mandatory fields of a room before saving it.,Functional,validation,well-formed,0,0,,1,,13,
REQ-00541,Hotel Booking,The system shall allow guests to attach a supporting document to a hotel listing.,Functional,attachment,well-formed,0,0,,1,,14,
REQ-00542,Hotel Booking,The system shall prevent a guest from submitting a duplicate room service request.,Functional,validation,well-formed,0,0,,1,,13,
REQ-00543,Hotel Booking,The system shall prevent a guest from submitting a duplicate special request.,Functional,validation,well-formed,0,0,,1,,12,
REQ-00544,Hotel Booking,The system shall allow hotel managers to approve a cancellation request submitted by a guest.,Functional,workflow,well-formed,0,0,,1,,15,
REQ-00545,Hotel Booking,The system shall allow hotel managers to approve a loyalty point record submitted by a guest.,Functional,workflow,well-formed,0,0,,1,,16,
REQ-00546,Hotel Booking,The system shall record the date and time at which each guest review is modified.,Functional,audit,well-formed,0,0,,1,,15,
REQ-00547,Hotel Booking,The system shall restrict access to a guest review to the guest who created it.,Functional,authorization,well-formed,0,0,,1,,15,
REQ-00548,Hotel Booking,The system shall allow guests to search for a saved hotel by room type.,Functional,search,well-formed,0,0,,1,,14,
REQ-00549,Hotel Booking,The system shall allow guests to add a comment to a loyalty point record.,Functional,collaboration,well-formed,0,0,,1,,14,
REQ-00550,Hotel Booking,The system shall allow guests to filter the list of guest reviews by status.,Functional,search,well-formed,0,0,,1,,14,
REQ-00551,Hotel Booking,The system shall allow hotel managers to approve a guest review submitted by a guest.,Functional,workflow,well-formed,0,0,,1,,15,
REQ-00552,Hotel Booking,The system shall allow hotel managers to reject a special request with a mandatory reason.,Functional,workflow,well-formed,0,0,,1,,15,
REQ-00553,Hotel Booking,The system shall allow hotel managers to archive a loyalty point record older than one year.,Functional,archival,well-formed,0,0,,1,,16,
REQ-00554,Hotel Booking,The system shall prevent a guest from submitting a duplicate reservation.,Functional,validation,well-formed,0,0,,1,,11,
REQ-00555,Hotel Booking,The system shall record the date and time at which each invoice is modified.,Functional,audit,well-formed,0,0,,1,,14,
REQ-00556,Hotel Booking,The system shall record the date and time at which each room service request is modified.,Functional,audit,well-formed,0,0,,1,,16,
REQ-00557,Hotel Booking,The system shall maintain an audit log of every change made to a loyalty point record.,Functional,audit,well-formed,0,0,,1,,16,
REQ-00558,Hotel Booking,The system shall display the current status of each special request on the guest dashboard.,Functional,read,well-formed,0,0,,1,,15,
REQ-00559,Hotel Booking,The system shall send an email notification to the guest when a special request is created.,Functional,notify,well-formed,0,0,,1,,16,
REQ-00560,Hotel Booking,The system shall allow hotel managers to reject a saved hotel with a mandatory reason.,Functional,workflow,well-formed,0,0,,1,,15,
REQ-00561,Hotel Booking,The system shall allow guests to create a new room service request.,Functional,create,well-formed,0,0,,1,,12,
REQ-00562,Hotel Booking,The system shall allow guests to update an existing special request.,Functional,update,well-formed,0,0,,1,,11,
REQ-00563,Hotel Booking,The system shall allow guests to save a saved hotel for later use.,Functional,duplicate-pair,well-formed,0,0,HOT-DUP-1,1,,13,original of a near-duplicate pair
REQ-00564,Hotel Booking,The system shall allow guests to bookmark a saved hotel for future reference.,Functional,duplicate-pair,duplicate,0,1,HOT-DUP-1,0,,13,restates the requirement above
REQ-00565,Hotel Booking,The system shall allow guests to cancel a invoice before it is processed.,Functional,duplicate-pair,well-formed,0,0,HOT-DUP-2,1,,13,original of a near-duplicate pair
REQ-00566,Hotel Booking,The system shall allow guests to withdraw a invoice prior to processing.,Functional,duplicate-pair,duplicate,0,1,HOT-DUP-2,0,,12,restates the requirement above
REQ-00567,Hotel Booking,The system shall send a confirmation message once a reservation is submitted.,Functional,duplicate-pair,well-formed,0,0,HOT-DUP-3,1,,12,original of a near-duplicate pair
REQ-00568,Hotel Booking,The system shall notify the guest after a reservation has been submitted successfully.,Functional,duplicate-pair,duplicate,0,1,HOT-DUP-3,0,,13,restates the requirement above
REQ-00569,Hotel Booking,The system shall allow hotel managers to remove a room service request from the system.,Functional,duplicate-pair,well-formed,0,0,HOT-DUP-4,1,,15,original of a near-duplicate pair
REQ-00570,Hotel Booking,The system shall allow hotel managers to delete an existing room service request record.,Functional,duplicate-pair,duplicate,0,1,HOT-DUP-4,0,,14,restates the requirement above
REQ-00571,Hotel Booking,The system shall allow guests to rate a completed reservation from one to five stars.,Functional,duplicate-pair,well-formed,0,0,HOT-DUP-5,1,,15,original of a near-duplicate pair
REQ-00572,Hotel Booking,The system shall allow guests to give a star rating between one and five for a finished reservation.,Functional,duplicate-pair,duplicate,0,1,HOT-DUP-5,0,,18,restates the requirement above
REQ-00573,Hotel Booking,The system shall handle reservations appropriately.,Functional,under-specified,ambiguous,1,0,,0,appropriate|appropriately,6,
REQ-00574,Hotel Booking,The system shall manage reservations in an efficient manner.,Functional,under-specified,ambiguous,1,0,,0,efficient,9,
REQ-00575,Hotel Booking,The system shall process a loyalty point record as quickly as possible.,Functional,under-specified,ambiguous,1,0,,0,as quickly as possible|quickly,12,
REQ-00576,Hotel Booking,The system should support various operations on cancellation requests as needed.,Functional,under-specified,ambiguous,1,0,,0,as needed|various,11,
REQ-00577,Hotel Booking,The system shall provide adequate options for managing invoices.,Functional,under-specified,ambiguous,1,0,,0,adequate,9,
REQ-00578,Hotel Booking,The system shall display suitable information about each loyalty point record.,Functional,under-specified,ambiguous,1,0,,0,suitable,11,
REQ-00579,Hotel Booking,The system shall deal with invalid loyalty point record data properly.,Functional,under-specified,ambiguous,1,0,,0,properly,11,
REQ-00580,Hotel Booking,The system shall support most of the common actions on a hotel listing.,Functional,under-specified,ambiguous,1,0,,0,common|most,13,
REQ-00581,Hotel Booking,The system shall provide appropriate error messages when something goes wrong with a room.,Functional,under-specified,ambiguous,1,0,,0,appropriate|something goes wrong,14,
REQ-00582,Hotel Booking,The system shall be able to work with a reasonable number of guest reviews.,Functional,under-specified,ambiguous,1,0,,0,reasonable,14,
REQ-00583,Hotel Booking,The system shall allow guests to do the usual things with their saved hotels.,Functional,under-specified,ambiguous,1,0,,0,usual,14,
REQ-00584,Hotel Booking,The system shall handle loyalty point record errors and other similar issues.,Functional,under-specified,ambiguous,1,0,,0,other similar issues,12,
REQ-00585,Hotel Booking,The system shall retain cancellation request records for 7 years before permanent deletion.,Non-Functional,Compliance,well-formed,0,0,,1,,13,
REQ-00586,Hotel Booking,The system shall recover and resume an interrupted reservation submission within 10 seconds of reconnection.,Non-Functional,Reliability,well-formed,0,0,,1,,15,
REQ-00587,Hotel Booking,The system shall allow a guest to download all personal data held about them within 48 hours of request.,Non-Functional,Compliance,well-formed,0,0,,1,,19,
REQ-00588,Hotel Booking,The system shall allow a new guest to complete a reservation within 3 minutes without external assistance.,Non-Functional,Usability,well-formed,0,0,,1,,17,
REQ-00589,Hotel Booking,The system shall expose all hotel listing operations through a documented REST API.,Non-Functional,Interoperability,well-formed,0,0,,1,,13,
REQ-00590,Hotel Booking,The system shall process at least 200 reservation submissions per minute at peak load.,Non-Functional,Performance,well-formed,0,0,,1,,14,
REQ-00591,Hotel Booking,The system shall take an automated backup of the hotel listing database every 6 hours.,Non-Functional,Reliability,well-formed,0,0,,1,,15,
REQ-00592,Hotel Booking,The system shall display any invoice search result within 2 seconds for 95 percent of requests.,Non-Functional,Performance,well-formed,0,0,,1,,16,
REQ-00593,Hotel Booking,The system should be user-friendly and easy to use for all guests.,Non-Functional,Usability,ambiguous,1,0,,0,easy|user-friendly,12,
REQ-00594,Hotel Booking,The system shall be secure and protect guest data appropriately.,Non-Functional,Security,ambiguous,1,0,,0,appropriate|appropriately,10,
REQ-00595,Hotel Booking,The system shall load guest review pages quickly.,Non-Functional,Performance,ambiguous,1,0,,0,quickly,8,
REQ-00596,Hotel Booking,The system shall allow hotel managers to archive a reservation older than one year.,Functional,archival,well-formed,0,0,,1,,14,
REQ-00597,Hotel Booking,The system shall send an SMS alert to the guest when the status of a guest review changes.,Functional,notify,well-formed,0,0,,1,,18,
REQ-00598,Hotel Booking,The system shall prevent a guest from submitting a duplicate loyalty point record.,Functional,validation,well-formed,0,0,,1,,13,
REQ-00599,Hotel Booking,The system shall allow guests to sort the list of reservations by date of creation.,Functional,search,well-formed,0,0,,1,,15,
REQ-00600,Hotel Booking,The system shall allow hotel managers to view a dashboard summarising reservation counts by status.,Functional,report,well-formed,0,0,,1,,15,
REQ-00601,Airline Reservation,The system shall allow airline administrators to assign roles and permissions to a user account.,Functional,authorization,well-formed,0,0,,1,,15,
REQ-00602,Airline Reservation,The system shall allow passengers to pay for a booking using a credit or debit card.,Functional,payment,well-formed,0,0,,1,,16,
REQ-00603,Airline Reservation,The system shall allow passengers to pay for a booking using a UPI transaction.,Functional,payment,well-formed,0,0,,1,,14,
REQ-00604,Airline Reservation,The system shall generate a printable invoice for every completed booking.,Functional,payment,well-formed,0,0,,1,,11,
REQ-00605,Airline Reservation,The system shall allow passengers to request a refund for a cancelled booking.,Functional,payment,well-formed,0,0,,1,,13,
REQ-00606,Airline Reservation,The system shall allow airline administrators to apply a discount to a booking before payment.,Functional,payment,well-formed,0,0,,1,,15,
REQ-00607,Airline Reservation,The system shall allow passengers to view the payment history of all past bookings.,Functional,payment,well-formed,0,0,,1,,14,
REQ-00608,Airline Reservation,The system shall mark a booking as failed if the payment gateway returns an error.,Functional,payment,well-formed,0,0,,1,,15,
REQ-00609,Airline Reservation,The system shall allow passengers to download a flight as a PDF document.,Functional,export,well-formed,0,0,,1,,13,
REQ-00610,Airline Reservation,The system shall allow passengers to create a new baggage entry.,Functional,create,well-formed,0,0,,1,,11,
REQ-00611,Airline Reservation,The system shall send an SMS alert to the passenger when the status of a travel document changes.,Functional,notify,well-formed,0,0,,1,,18,
REQ-00612,Airline Reservation,The system shall allow airline administrators to view a dashboard summarising seat counts by status.,Functional,report,well-formed,0,0,,1,,15,
REQ-00613,Airline Reservation,The system shall allow airline administrators to archive a cancellation record older than one year.,Functional,archival,well-formed,0,0,,1,,15,
REQ-00614,Airline Reservation,The system shall maintain an audit log of every change made to a baggage entry.,Functional,audit,well-formed,0,0,,1,,15,
REQ-00615,Airline Reservation,The system shall send an SMS alert to the passenger when the status of a fare rule changes.,Functional,notify,well-formed,0,0,,1,,18,
REQ-00616,Airline Reservation,The system shall allow passengers to create a new seat.,Functional,create,well-formed,0,0,,1,,10,
REQ-00617,Airline Reservation,The system shall allow passengers to sort the list of frequent flyer records by date of creation.,Functional,search,well-formed,0,0,,1,,17,
REQ-00618,Airline Reservation,The system shall allow passengers to download a travel document as a PDF document.,Functional,export,well-formed,0,0,,1,,14,
REQ-00619,Airline Reservation,The system shall allow airline administrators to reject a travel document with a mandatory reason.,Functional,workflow,well-formed,0,0,,1,,15,
REQ-00620,Airline Reservation,The system shall allow passengers to attach a supporting document to a meal preference.,Functional,attachment,well-formed,0,0,,1,,14,
REQ-00621,Airline Reservation,The system shall validate all mandatory fields of a cancellation record before saving it.,Functional,validation,well-formed,0,0,,1,,14,
REQ-00622,Airline Reservation,The system shall send an SMS alert to the passenger when the status of a cancellation record changes.,Functional,notify,well-formed,0,0,,1,,18,
REQ-00623,Airline Reservation,The system shall allow passengers to update an existing cancellation record.,Functional,update,well-formed,0,0,,1,,11,
REQ-00624,Airline Reservation,The system shall allow airline administrators to archive a flight older than one year.,Functional,archival,well-formed,0,0,,1,,14,
REQ-00625,Airline Reservation,The system shall display the current status of each booking on the passenger dashboard.,Functional,read,well-formed,0,0,,1,,14,
REQ-00626,Airline Reservation,The system shall maintain an audit log of every change made to a cancellation record.,Functional,audit,well-formed,0,0,,1,,15,
REQ-00627,Airline Reservation,The system shall prevent a passenger from submitting a duplicate meal preference.,Functional,validation,well-formed,0,0,,1,,12,
REQ-00628,Airline Reservation,The system shall restrict access to a booking to the passenger who created it.,Functional,authorization,well-formed,0,0,,1,,14,
REQ-00629,Airline Reservation,The system shall prevent a passenger from submitting a duplicate baggage entry.,Functional,validation,well-formed,0,0,,1,,12,
REQ-00630,Airline Reservation,The system shall allow passengers to attach a supporting document to a cancellation record.,Functional,attachment,well-formed,0,0,,1,,14,
REQ-00631,Airline Reservation,The system shall allow passengers to delete a boarding pass that is no longer required.,Functional,delete,well-formed,0,0,,1,,15,
REQ-00632,Airline Reservation,The system shall allow passengers to filter the list of fare rules by status.,Functional,search,well-formed,0,0,,1,,14,
REQ-00633,Airline Reservation,The system shall validate all mandatory fields of a baggage entry before saving it.,Functional,validation,well-formed,0,0,,1,,14,
REQ-00634,Airline Reservation,The system shall allow passengers to attach a supporting document to a baggage entry.,Functional,attachment,well-formed,0,0,,1,,14,
REQ-00635,Airline Reservation,The system shall allow passengers to view the details of a selected travel document.,Functional,read,well-formed,0,0,,1,,14,
REQ-00636,Airline Reservation,The system shall allow passengers to attach a supporting document to a frequent flyer record.,Functional,attachment,well-formed,0,0,,1,,15,
REQ-00637,Airline Reservation,The system shall prevent a passenger from submitting a duplicate fare rule.,Functional,validation,well-formed,0,0,,1,,12,
REQ-00638,Airline Reservation,The system shall allow airline administrators to reject a boarding pass with a mandatory reason.,Functional,workflow,well-formed,0,0,,1,,15,
REQ-00639,Airline Reservation,The system shall allow airline administrators to archive a booking older than one year.,Functional,archival,well-formed,0,0,,1,,14,
REQ-00640,Airline Reservation,The system shall send an SMS alert to the passenger when the status of a baggage entry changes.,Functional,notify,well-formed,0,0,,1,,18,
REQ-00641,Airline Reservation,The system shall allow airline administrators to archive a baggage entry older than one year.,Functional,archival,well-formed,0,0,,1,,15,
REQ-00642,Airline Reservation,The system shall record the date and time at which each flight is modified.,Functional,audit,well-formed,0,0,,1,,14,
REQ-00643,Airline Reservation,The system shall allow airline administrators to reject a baggage entry with a mandatory reason.,Functional,workflow,well-formed,0,0,,1,,15,
REQ-00644,Airline Reservation,The system shall prevent a passenger from submitting a duplicate frequent flyer record.,Functional,validation,well-formed,0,0,,1,,13,
REQ-00645,Airline Reservation,The system shall allow passengers to export the list of bookings as a CSV file.,Functional,export,well-formed,0,0,,1,,15,
REQ-00646,Airline Reservation,The system shall allow passengers to filter the list of bookings by status.,Functional,search,well-formed,0,0,,1,,13,
REQ-00647,Airline Reservation,The system shall allow passengers to update an existing seat.,Functional,update,well-formed,0,0,,1,,10,
REQ-00648,Airline Reservation,The system shall allow passengers to update an existing meal preference.,Functional,update,well-formed,0,0,,1,,11,
REQ-00649,Airline Reservation,The system shall allow passengers to export the list of fare rules as a CSV file.,Functional,export,well-formed,0,0,,1,,16,
REQ-00650,Airline Reservation,The system shall allow airline administrators to archive a seat older than one year.,Functional,archival,well-formed,0,0,,1,,14,
REQ-00651,Airline Reservation,The system shall allow passengers to create a new meal preference.,Functional,create,well-formed,0,0,,1,,11,
REQ-00652,Airline Reservation,The system shall display a paginated list of boarding passs with twenty entries per page.,Functional,read,well-formed,0,0,,1,,15,
REQ-00653,Airline Reservation,The system shall allow passengers to create a new flight.,Functional,create,well-formed,0,0,,1,,10,
REQ-00654,Airline Reservation,The system shall allow airline administrators to generate a monthly report of all travel documents.,Functional,report,well-formed,0,0,,1,,15,
REQ-00655,Airline Reservation,The system shall allow passengers to attach a supporting document to a seat.,Functional,attachment,well-formed,0,0,,1,,13,
REQ-00656,Airline Reservation,The system shall send an email notification to the passenger when a travel document is created.,Functional,notify,well-formed,0,0,,1,,16,
REQ-00657,Airline Reservation,The system shall record the date and time at which each cancellation record is modified.,Functional,audit,well-formed,0,0,,1,,15,
REQ-00658,Airline Reservation,The system shall allow airline administrators to view a dashboard summarising meal preference counts by status.,Functional,report,well-formed,0,0,,1,,16,
REQ-00659,Airline Reservation,The system shall allow passengers to create a new booking.,Functional,create,well-formed,0,0,,1,,10,
REQ-00660,Airline Reservation,The system shall allow passengers to attach a supporting document to a boarding pass.,Functional,attachment,well-formed,0,0,,1,,14,
REQ-00661,Airline Reservation,The system shall allow passengers to create a new boarding pass.,Functional,create,well-formed,0,0,,1,,11,
REQ-00662,Airline Reservation,The system shall allow passengers to delete a frequent flyer record that is no longer required.,Functional,delete,well-formed,0,0,,1,,16,
REQ-00663,Airline Reservation,The system shall allow passengers to save a frequent flyer record for later use.,Functional,duplicate-pair,well-formed,0,0,AIR-DUP-1,1,,14,original of a near-duplicate pair
REQ-00664,Airline Reservation,The system shall allow passengers to bookmark a frequent flyer record for future reference.,Functional,duplicate-pair,duplicate,0,1,AIR-DUP-1,0,,14,restates the requirement above
REQ-00665,Airline Reservation,The system shall allow passengers to cancel a meal preference before it is processed.,Functional,duplicate-pair,well-formed,0,0,AIR-DUP-2,1,,14,original of a near-duplicate pair
REQ-00666,Airline Reservation,The system shall allow passengers to withdraw a meal preference prior to processing.,Functional,duplicate-pair,duplicate,0,1,AIR-DUP-2,0,,13,restates the requirement above
REQ-00667,Airline Reservation,The system shall allow passengers to search for a baggage entry by flight number.,Functional,duplicate-pair,well-formed,0,0,AIR-DUP-3,1,,14,original of a near-duplicate pair
REQ-00668,Airline Reservation,The system shall provide a search facility that locates a baggage entry using flight number.,Functional,duplicate-pair,duplicate,0,1,AIR-DUP-3,0,,15,restates the requirement above
REQ-00669,Airline Reservation,The system shall send a confirmation message once a boarding pass is submitted.,Functional,duplicate-pair,well-formed,0,0,AIR-DUP-4,1,,13,original of a near-duplicate pair
REQ-00670,Airline Reservation,The system shall notify the passenger after a boarding pass has been submitted successfully.,Functional,duplicate-pair,duplicate,0,1,AIR-DUP-4,0,,14,restates the requirement above
REQ-00671,Airline Reservation,The system shall allow airline administrators to remove a cancellation record from the system.,Functional,duplicate-pair,well-formed,0,0,AIR-DUP-5,1,,14,original of a near-duplicate pair
REQ-00672,Airline Reservation,The system shall allow airline administrators to delete an existing cancellation record record.,Functional,duplicate-pair,duplicate,0,1,AIR-DUP-5,0,,13,restates the requirement above
REQ-00673,Airline Reservation,The system shall allow passengers to rate a completed booking from one to five stars.,Functional,duplicate-pair,well-formed,0,0,AIR-DUP-6,1,,15,original of a near-duplicate pair
REQ-00674,Airline Reservation,The system shall allow passengers to give a star rating between one and five for a finished booking.,Functional,duplicate-pair,duplicate,0,1,AIR-DUP-6,0,,18,restates the requirement above
REQ-00675,Airline Reservation,The system shall handle boarding passs appropriately.,Functional,under-specified,ambiguous,1,0,,0,appropriate|appropriately,7,
REQ-00676,Airline Reservation,The system shall manage flights in an efficient manner.,Functional,under-specified,ambiguous,1,0,,0,efficient,9,
REQ-00677,Airline Reservation,The system shall process a fare rule as quickly as possible.,Functional,under-specified,ambiguous,1,0,,0,as quickly as possible|quickly,11,
REQ-00678,Airline Reservation,The system should support various operations on seats as needed.,Functional,under-specified,ambiguous,1,0,,0,as needed|various,10,
REQ-00679,Airline Reservation,The system shall provide adequate options for managing cancellation records.,Functional,under-specified,ambiguous,1,0,,0,adequate,10,
REQ-00680,Airline Reservation,The system shall display suitable information about each seat.,Functional,under-specified,ambiguous,1,0,,0,suitable,9,
REQ-00681,Airline Reservation,The system shall deal with invalid travel document data properly.,Functional,under-specified,ambiguous,1,0,,0,properly,10,
REQ-00682,Airline Reservation,The system shall support most of the common actions on a boarding pass.,Functional,under-specified,ambiguous,1,0,,0,common|most,13,
REQ-00683,Airline Reservation,The system shall provide appropriate error messages when something goes wrong with a meal preference.,Functional,under-specified,ambiguous,1,0,,0,appropriate|something goes wrong,15,
REQ-00684,Airline Reservation,The system shall be able to work with a reasonable number of bookings.,Functional,under-specified,ambiguous,1,0,,0,reasonable,13,
REQ-00685,Airline Reservation,The system shall allow a passenger to download all personal data held about them within 48 hours of request.,Non-Functional,Compliance,well-formed,0,0,,1,,19,
REQ-00686,Airline Reservation,The system shall retain fare rule records for 7 years before permanent deletion.,Non-Functional,Compliance,well-formed,0,0,,1,,13,
REQ-00687,Airline Reservation,The system shall display any travel document search result within 2 seconds for 95 percent of requests.,Non-Functional,Performance,well-formed,0,0,,1,,17,
REQ-00688,Airline Reservation,The system shall process at least 200 booking submissions per minute at peak load.,Non-Functional,Performance,well-formed,0,0,,1,,14,
REQ-00689,Airline Reservation,The system shall expose all frequent flyer record operations through a documented REST API.,Non-Functional,Interoperability,well-formed,0,0,,1,,14,
REQ-00690,Airline Reservation,The system shall recover and resume an interrupted booking submission within 10 seconds of reconnection.,Non-Functional,Reliability,well-formed,0,0,,1,,15,
REQ-00691,Airline Reservation,The system shall take an automated backup of the cancellation record database every 6 hours.,Non-Functional,Reliability,well-formed,0,0,,1,,15,
REQ-00692,Airline Reservation,The system shall allow a new passenger to complete a booking within 3 minutes without external assistance.,Non-Functional,Usability,well-formed,0,0,,1,,17,
REQ-00693,Airline Reservation,The system should be user-friendly and easy to use for all passengers.,Non-Functional,Usability,ambiguous,1,0,,0,easy|user-friendly,12,
REQ-00694,Airline Reservation,The system shall be secure and protect passenger data appropriately.,Non-Functional,Security,ambiguous,1,0,,0,appropriate|appropriately,10,
REQ-00695,Airline Reservation,The system shall load booking pages quickly.,Non-Functional,Performance,ambiguous,1,0,,0,quickly,7,
REQ-00696,Airline Reservation,The system shall allow passengers to view the details of a selected boarding pass.,Functional,read,well-formed,0,0,,1,,14,
REQ-00697,Airline Reservation,The system shall allow passengers to sort the list of fare rules by date of creation.,Functional,search,well-formed,0,0,,1,,16,
REQ-00698,Airline Reservation,The system shall display the current status of each fare rule on the passenger dashboard.,Functional,read,well-formed,0,0,,1,,15,
REQ-00699,Airline Reservation,The system shall allow passengers to sort the list of bookings by date of creation.,Functional,search,well-formed,0,0,,1,,15,
REQ-00700,Airline Reservation,The system shall allow airline administrators to approve a frequent flyer record submitted by a passenger.,Functional,workflow,well-formed,0,0,,1,,16,
REQ-00701,Library Management,The system shall allow librarians to assign roles and permissions to a user account.,Functional,authorization,well-formed,0,0,,1,,14,
REQ-00702,Library Management,The system shall allow members to create a new reading list.,Functional,create,well-formed,0,0,,1,,11,
REQ-00703,Library Management,The system shall display a paginated list of digital resources with twenty entries per page.,Functional,read,well-formed,0,0,,1,,15,
REQ-00704,Library Management,The system shall allow members to search for a borrowing record by accession number.,Functional,search,well-formed,0,0,,1,,14,
REQ-00705,Library Management,The system shall restrict access to a reservation request to the member who created it.,Functional,authorization,well-formed,0,0,,1,,15,
REQ-00706,Library Management,The system shall allow members to view the details of a selected return record.,Functional,read,well-formed,0,0,,1,,14,
REQ-00707,Library Management,The system shall validate all mandatory fields of a borrowing record before saving it.,Functional,validation,well-formed,0,0,,1,,14,
REQ-00708,Library Management,The system shall allow librarians to approve a return record submitted by a member.,Functional,workflow,well-formed,0,0,,1,,14,
REQ-00709,Library Management,The system shall allow members to download a return record as a PDF document.,Functional,export,well-formed,0,0,,1,,14,
REQ-00710,Library Management,The system shall allow librarians to view a dashboard summarising overdue notice counts by status.,Functional,report,well-formed,0,0,,1,,15,
REQ-00711,Library Management,The system shall allow members to update an existing fine record.,Functional,update,well-formed,0,0,,1,,11,
REQ-00712,Library Management,The system shall validate all mandatory fields of a book copy before saving it.,Functional,validation,well-formed,0,0,,1,,14,
REQ-00713,Library Management,The system shall allow members to delete a reservation request that is no longer required.,Functional,delete,well-formed,0,0,,1,,15,
REQ-00714,Library Management,The system shall send an email notification to the member when a journal issue is created.,Functional,notify,well-formed,0,0,,1,,16,
REQ-00715,Library Management,The system shall restrict access to a book copy to the member who created it.,Functional,authorization,well-formed,0,0,,1,,15,
REQ-00716,Library Management,The system shall allow members to filter the list of fine records by status.,Functional,search,well-formed,0,0,,1,,14,
REQ-00717,Library Management,The system shall prevent a member from submitting a duplicate reading list.,Functional,validation,well-formed,0,0,,1,,12,
REQ-00718,Library Management,The system shall allow members to delete a digital resource that is no longer required.,Functional,delete,well-formed,0,0,,1,,15,
REQ-00719,Library Management,The system shall allow members to attach a supporting document to a reservation request.,Functional,attachment,well-formed,0,0,,1,,14,
REQ-00720,Library Management,The system shall allow members to attach a supporting document to a fine record.,Functional,attachment,well-formed,0,0,,1,,14,
REQ-00721,Library Management,The system shall send an SMS alert to the member when the status of a overdue notice changes.,Functional,notify,well-formed,0,0,,1,,18,
REQ-00722,Library Management,The system shall prevent a member from submitting a duplicate return record.,Functional,validation,well-formed,0,0,,1,,12,
REQ-00723,Library Management,The system shall allow members to filter the list of overdue notices by status.,Functional,search,well-formed,0,0,,1,,14,
REQ-00724,Library Management,The system shall restrict access to a membership profile to the member who created it.,Functional,authorization,well-formed,0,0,,1,,15,
REQ-00725,Library Management,The system shall allow members to attach a supporting document to a overdue notice.,Functional,attachment,well-formed,0,0,,1,,14,
REQ-00726,Library Management,The system shall allow members to add a comment to a journal issue.,Functional,collaboration,well-formed,0,0,,1,,13,
REQ-00727,Library Management,The system shall allow librarians to view a dashboard summarising reading list counts by status.,Functional,report,well-formed,0,0,,1,,15,
REQ-00728,Library Management,The system shall allow members to delete a overdue notice that is no longer required.,Functional,delete,well-formed,0,0,,1,,15,
REQ-00729,Library Management,The system shall record the date and time at which each book copy is modified.,Functional,audit,well-formed,0,0,,1,,15,
REQ-00730,Library Management,The system shall record the date and time at which each digital resource is modified.,Functional,audit,well-formed,0,0,,1,,15,
REQ-00731,Library Management,The system shall allow members to delete a membership profile that is no longer required.,Functional,delete,well-formed,0,0,,1,,15,
REQ-00732,Library Management,The system shall restrict access to a reading list to the member who created it.,Functional,authorization,well-formed,0,0,,1,,15,
REQ-00733,Library Management,The system shall allow members to sort the list of overdue notices by date of creation.,Functional,search,well-formed,0,0,,1,,16,
REQ-00734,Library Management,The system shall allow members to search for a membership profile by title.,Functional,search,well-formed,0,0,,1,,13,
REQ-00735,Library Management,The system shall allow librarians to reject a fine record with a mandatory reason.,Functional,workflow,well-formed,0,0,,1,,14,
REQ-00736,Library Management,The system shall prevent a member from submitting a duplicate membership profile.,Functional,validation,well-formed,0,0,,1,,12,
REQ-00737,Library Management,The system shall validate all mandatory fields of a fine record before saving it.,Functional,validation,well-formed,0,0,,1,,14,
REQ-00738,Library Management,The system shall maintain an audit log of every change made to a return record.,Functional,audit,well-formed,0,0,,1,,15,
REQ-00739,Library Management,The system shall prevent a member from submitting a duplicate borrowing record.,Functional,validation,well-formed,0,0,,1,,12,
REQ-00740,Library Management,The system shall allow librarians to reject a reading list with a mandatory reason.,Functional,workflow,well-formed,0,0,,1,,14,
REQ-00741,Library Management,The system shall display a paginated list of fine records with twenty entries per page.,Functional,read,well-formed,0,0,,1,,15,
REQ-00742,Library Management,The system shall validate all mandatory fields of a reading list before saving it.,Functional,validation,well-formed,0,0,,1,,14,
REQ-00743,Library Management,The system shall allow members to download a book copy as a PDF document.,Functional,export,well-formed,0,0,,1,,14,
REQ-00744,Library Management,The system shall record the date and time at which each overdue notice is modified.,Functional,audit,well-formed,0,0,,1,,15,
REQ-00745,Library Management,The system shall allow librarians to generate a monthly report of all borrowing records.,Functional,report,well-formed,0,0,,1,,14,
REQ-00746,Library Management,The system shall allow members to view the details of a selected reading list.,Functional,read,well-formed,0,0,,1,,14,
REQ-00747,Library Management,The system shall allow librarians to approve a book copy submitted by a member.,Functional,workflow,well-formed,0,0,,1,,14,
REQ-00748,Library Management,The system shall send an email notification to the member when a book copy is created.,Functional,notify,well-formed,0,0,,1,,16,
REQ-00749,Library Management,The system shall allow members to filter the list of borrowing records by status.,Functional,search,well-formed,0,0,,1,,14,
REQ-00750,Library Management,The system shall allow members to download a digital resource as a PDF document.,Functional,export,well-formed,0,0,,1,,14,
REQ-00751,Library Management,The system shall allow members to export the list of digital resources as a CSV file.,Functional,export,well-formed,0,0,,1,,16,
REQ-00752,Library Management,The system shall record the date and time at which each fine record is modified.,Functional,audit,well-formed,0,0,,1,,15,
REQ-00753,Library Management,The system shall send an email notification to the member when a reservation request is created.,Functional,notify,well-formed,0,0,,1,,16,
REQ-00754,Library Management,The system shall allow members to view the details of a selected overdue notice.,Functional,read,well-formed,0,0,,1,,14,
REQ-00755,Library Management,The system shall allow members to update an existing digital resource.,Functional,update,well-formed,0,0,,1,,11,
REQ-00756,Library Management,The system shall allow librarians to generate a monthly report of all digital resources.,Functional,report,well-formed,0,0,,1,,14,
REQ-00757,Library Management,The system shall allow members to delete a return record that is no longer required.,Functional,delete,well-formed,0,0,,1,,15,
REQ-00758,Library Management,The system shall allow librarians to view a dashboard summarising digital resource counts by status.,Functional,report,well-formed,0,0,,1,,15,
REQ-00759,Library Management,The system shall allow librarians to reject a reservation request with a mandatory reason.,Functional,workflow,well-formed,0,0,,1,,14,
REQ-00760,Library Management,The system shall restrict access to a journal issue to the member who created it.,Functional,authorization,well-formed,0,0,,1,,15,
REQ-00761,Library Management,The system shall allow members to create a new return record.,Functional,create,well-formed,0,0,,1,,11,
REQ-00762,Library Management,The system shall allow members to update an existing reservation request.,Functional,update,well-formed,0,0,,1,,11,
REQ-00763,Library Management,The system shall allow members to save a overdue notice for later use.,Functional,duplicate-pair,well-formed,0,0,LIB-DUP-1,1,,13,original of a near-duplicate pair
REQ-00764,Library Management,The system shall allow members to bookmark a overdue notice for future reference.,Functional,duplicate-pair,duplicate,0,1,LIB-DUP-1,0,,13,restates the requirement above
REQ-00765,Library Management,The system shall allow members to cancel a journal issue before it is processed.,Functional,duplicate-pair,well-formed,0,0,LIB-DUP-2,1,,14,original of a near-duplicate pair
REQ-00766,Library Management,The system shall allow members to withdraw a journal issue prior to processing.,Functional,duplicate-pair,duplicate,0,1,LIB-DUP-2,0,,13,restates the requirement above
REQ-00767,Library Management,The system shall allow members to search for a return record by accession number.,Functional,duplicate-pair,well-formed,0,0,LIB-DUP-3,1,,14,original of a near-duplicate pair
REQ-00768,Library Management,The system shall provide a search facility that locates a return record using accession number.,Functional,duplicate-pair,duplicate,0,1,LIB-DUP-3,0,,15,restates the requirement above
REQ-00769,Library Management,The system shall send a confirmation message once a journal issue is submitted.,Functional,duplicate-pair,well-formed,0,0,LIB-DUP-4,1,,13,original of a near-duplicate pair
REQ-00770,Library Management,The system shall notify the member after a journal issue has been submitted successfully.,Functional,duplicate-pair,duplicate,0,1,LIB-DUP-4,0,,14,restates the requirement above
REQ-00771,Library Management,The system shall allow librarians to remove a return record from the system.,Functional,duplicate-pair,well-formed,0,0,LIB-DUP-5,1,,13,original of a near-duplicate pair
REQ-00772,Library Management,The system shall allow librarians to delete an existing return record record.,Functional,duplicate-pair,duplicate,0,1,LIB-DUP-5,0,,12,restates the requirement above
REQ-00773,Library Management,The system shall allow members to rate a completed loan from one to five stars.,Functional,duplicate-pair,well-formed,0,0,LIB-DUP-6,1,,15,original of a near-duplicate pair
REQ-00774,Library Management,The system shall allow members to give a star rating between one and five for a finished loan.,Functional,duplicate-pair,duplicate,0,1,LIB-DUP-6,0,,18,restates the requirement above
REQ-00775,Library Management,The system shall handle membership profiles appropriately.,Functional,under-specified,ambiguous,1,0,,0,appropriate|appropriately,7,
REQ-00776,Library Management,The system shall manage return records in an efficient manner.,Functional,under-specified,ambiguous,1,0,,0,efficient,10,
REQ-00777,Library Management,The system shall process a reading list as quickly as possible.,Functional,under-specified,ambiguous,1,0,,0,as quickly as possible|quickly,11,
REQ-00778,Library Management,The system should support various operations on borrowing records as needed.,Functional,under-specified,ambiguous,1,0,,0,as needed|various,11,
REQ-00779,Library Management,The system shall provide adequate options for managing journal issues.,Functional,under-specified,ambiguous,1,0,,0,adequate,10,
REQ-00780,Library Management,The system shall display suitable information about each fine record.,Functional,under-specified,ambiguous,1,0,,0,suitable,10,
REQ-00781,Library Management,The system shall deal with invalid overdue notice data properly.,Functional,under-specified,ambiguous,1,0,,0,properly,10,
REQ-00782,Library Management,The system shall support most of the common actions on a membership profile.,Functional,under-specified,ambiguous,1,0,,0,common|most,13,
REQ-00783,Library Management,The system shall provide appropriate error messages when something goes wrong with a reading list.,Functional,under-specified,ambiguous,1,0,,0,appropriate|something goes wrong,15,
REQ-00784,Library Management,The system shall be able to work with a reasonable number of fine records.,Functional,under-specified,ambiguous,1,0,,0,reasonable,14,
REQ-00785,Library Management,The system shall allow a member to download all personal data held about them within 48 hours of request.,Non-Functional,Compliance,well-formed,0,0,,1,,19,
REQ-00786,Library Management,The system shall process at least 200 loan submissions per minute at peak load.,Non-Functional,Performance,well-formed,0,0,,1,,14,
REQ-00787,Library Management,The system shall allow a new member to complete a loan within 3 minutes without external assistance.,Non-Functional,Usability,well-formed,0,0,,1,,17,
REQ-00788,Library Management,The system shall display any borrowing record search result within 2 seconds for 95 percent of requests.,Non-Functional,Performance,well-formed,0,0,,1,,17,
REQ-00789,Library Management,The system shall take an automated backup of the return record database every 6 hours.,Non-Functional,Reliability,well-formed,0,0,,1,,15,
REQ-00790,Library Management,The system shall retain return record records for 7 years before permanent deletion.,Non-Functional,Compliance,well-formed,0,0,,1,,13,
REQ-00791,Library Management,The system shall recover and resume an interrupted loan submission within 10 seconds of reconnection.,Non-Functional,Reliability,well-formed,0,0,,1,,15,
REQ-00792,Library Management,The system shall expose all membership profile operations through a documented REST API.,Non-Functional,Interoperability,well-formed,0,0,,1,,13,
REQ-00793,Library Management,The system should be user-friendly and easy to use for all members.,Non-Functional,Usability,ambiguous,1,0,,0,easy|user-friendly,12,
REQ-00794,Library Management,The system shall be secure and protect member data appropriately.,Non-Functional,Security,ambiguous,1,0,,0,appropriate|appropriately,10,
REQ-00795,Library Management,The system shall load reading list pages quickly.,Non-Functional,Performance,ambiguous,1,0,,0,quickly,8,
REQ-00796,Library Management,The system shall allow members to view the details of a selected borrowing record.,Functional,read,well-formed,0,0,,1,,14,
REQ-00797,Library Management,The system shall allow members to delete a borrowing record that is no longer required.,Functional,delete,well-formed,0,0,,1,,15,
REQ-00798,Library Management,The system shall send an SMS alert to the member when the status of a book copy changes.,Functional,notify,well-formed,0,0,,1,,18,
REQ-00799,Library Management,The system shall prevent a member from submitting a duplicate digital resource.,Functional,validation,well-formed,0,0,,1,,12,
REQ-00800,Library Management,The system shall send an email notification to the member when a reading list is created.,Functional,notify,well-formed,0,0,,1,,16,
REQ-00801,Inventory Management,The system shall allow warehouse administrators to assign roles and permissions to a user account.,Functional,authorization,well-formed,0,0,,1,,15,
REQ-00802,Inventory Management,The system shall allow store operators to pay for a purchase order using a credit or debit card.,Functional,payment,well-formed,0,0,,1,,18,
REQ-00803,Inventory Management,The system shall allow store operators to pay for a purchase order using a UPI transaction.,Functional,payment,well-formed,0,0,,1,,16,
REQ-00804,Inventory Management,The system shall generate a printable invoice for every completed purchase order.,Functional,payment,well-formed,0,0,,1,,12,
REQ-00805,Inventory Management,The system shall allow store operators to request a refund for a cancelled purchase order.,Functional,payment,well-formed,0,0,,1,,15,
REQ-00806,Inventory Management,The system shall allow warehouse administrators to apply a discount to a purchase order before payment.,Functional,payment,well-formed,0,0,,1,,16,
REQ-00807,Inventory Management,The system shall allow store operators to view the payment history of all past purchase orders.,Functional,payment,well-formed,0,0,,1,,16,
REQ-00808,Inventory Management,The system shall mark a purchase order as failed if the payment gateway returns an error.,Functional,payment,well-formed,0,0,,1,,16,
REQ-00809,Inventory Management,The system shall allow store operators to export the list of supplier records as a CSV file.,Functional,export,well-formed,0,0,,1,,17,
REQ-00810,Inventory Management,The system shall allow warehouse administrators to approve a purchase order submitted by a store operator.,Functional,workflow,well-formed,0,0,,1,,16,
REQ-00811,Inventory Management,The system shall allow store operators to download a stock audit entry as a PDF document.,Functional,export,well-formed,0,0,,1,,16,
REQ-00812,Inventory Management,The system shall allow store operators to download a supplier record as a PDF document.,Functional,export,well-formed,0,0,,1,,15,
REQ-00813,Inventory Management,The system shall display a paginated list of purchase orders with twenty entries per page.,Functional,read,well-formed,0,0,,1,,15,
REQ-00814,Inventory Management,The system shall allow warehouse administrators to reject a batch record with a mandatory reason.,Functional,workflow,well-formed,0,0,,1,,15,
REQ-00815,Inventory Management,The system shall allow warehouse administrators to archive a purchase order older than one year.,Functional,archival,well-formed,0,0,,1,,15,
REQ-00816,Inventory Management,The system shall restrict access to a barcode label to the store operator who created it.,Functional,authorization,well-formed,0,0,,1,,16,
REQ-00817,Inventory Management,The system shall allow store operators to attach a supporting document to a stock audit entry.,Functional,attachment,well-formed,0,0,,1,,16,
REQ-00818,Inventory Management,The system shall allow store operators to filter the list of damaged goods entrys by status.,Functional,search,well-formed,0,0,,1,good,16,
REQ-00819,Inventory Management,The system shall display the current status of each purchase order on the store operator dashboard.,Functional,read,well-formed,0,0,,1,,16,
REQ-00820,Inventory Management,The system shall allow store operators to add a comment to a supplier record.,Functional,collaboration,well-formed,0,0,,1,,14,
REQ-00821,Inventory Management,The system shall allow store operators to search for a reorder rule by supplier name.,Functional,search,well-formed,0,0,,1,,15,
REQ-00822,Inventory Management,The system shall allow warehouse administrators to generate a monthly report of all damaged goods entrys.,Functional,report,well-formed,0,0,,1,good,16,
REQ-00823,Inventory Management,The system shall allow store operators to attach a supporting document to a damaged goods entry.,Functional,attachment,well-formed,0,0,,1,good,16,
REQ-00824,Inventory Management,The system shall send an SMS alert to the store operator when the status of a purchase order changes.,Functional,notify,well-formed,0,0,,1,,19,
REQ-00825,Inventory Management,The system shall allow store operators to filter the list of goods receipt notes by status.,Functional,search,well-formed,0,0,,1,good,16,
REQ-00826,Inventory Management,The system shall allow store operators to delete a stock item that is no longer required.,Functional,delete,well-formed,0,0,,1,,16,
REQ-00827,Inventory Management,The system shall allow store operators to attach a supporting document to a batch record.,Functional,attachment,well-formed,0,0,,1,,15,
REQ-00828,Inventory Management,The system shall allow store operators to view the details of a selected stock audit entry.,Functional,read,well-formed,0,0,,1,,16,
REQ-00829,Inventory Management,The system shall allow warehouse administrators to approve a stock item submitted by a store operator.,Functional,workflow,well-formed,0,0,,1,,16,
REQ-00830,Inventory Management,The system shall allow store operators to create a new goods receipt note.,Functional,create,well-formed,0,0,,1,good,13,
REQ-00831,Inventory Management,The system shall maintain an audit log of every change made to a supplier record.,Functional,audit,well-formed,0,0,,1,,15,
REQ-00832,Inventory Management,The system shall allow store operators to attach a supporting document to a goods receipt note.,Functional,attachment,well-formed,0,0,,1,good,16,
REQ-00833,Inventory Management,The system shall allow store operators to search for a batch record by supplier name.,Functional,search,well-formed,0,0,,1,,15,
REQ-00834,Inventory Management,The system shall allow store operators to add a comment to a batch record.,Functional,collaboration,well-formed,0,0,,1,,14,
REQ-00835,Inventory Management,The system shall validate all mandatory fields of a stock item before saving it.,Functional,validation,well-formed,0,0,,1,,14,
REQ-00836,Inventory Management,The system shall display a paginated list of supplier records with twenty entries per page.,Functional,read,well-formed,0,0,,1,,15,
REQ-00837,Inventory Management,The system shall validate all mandatory fields of a barcode label before saving it.,Functional,validation,well-formed,0,0,,1,,14,
REQ-00838,Inventory Management,The system shall send an SMS alert to the store operator when the status of a reorder rule changes.,Functional,notify,well-formed,0,0,,1,,19,
REQ-00839,Inventory Management,The system shall allow store operators to update an existing goods receipt note.,Functional,update,well-formed,0,0,,1,good,13,
REQ-00840,Inventory Management,The system shall allow store operators to download a purchase order as a PDF document.,Functional,export,well-formed,0,0,,1,,15,
REQ-00841,Inventory Management,The system shall record the date and time at which each stock item is modified.,Functional,audit,well-formed,0,0,,1,,15,
REQ-00842,Inventory Management,The system shall display the current status of each barcode label on the store operator dashboard.,Functional,read,well-formed,0,0,,1,,16,
REQ-00843,Inventory Management,The system shall allow store operators to search for a stock audit entry by item code.,Functional,search,well-formed,0,0,,1,,16,
REQ-00844,Inventory Management,The system shall restrict access to a stock item to the store operator who created it.,Functional,authorization,well-formed,0,0,,1,,16,
REQ-00845,Inventory Management,The system shall restrict access to a stock audit entry to the store operator who created it.,Functional,authorization,well-formed,0,0,,1,,17,
REQ-00846,Inventory Management,The system shall allow store operators to add a comment to a reorder rule.,Functional,collaboration,well-formed,0,0,,1,,14,
REQ-00847,Inventory Management,The system shall allow store operators to create a new supplier record.,Functional,create,well-formed,0,0,,1,,12,
REQ-00848,Inventory Management,The system shall validate all mandatory fields of a stock transfer before saving it.,Functional,validation,well-formed,0,0,,1,,14,
REQ-00849,Inventory Management,The system shall send an SMS alert to the store operator when the status of a goods receipt note changes.,Functional,notify,well-formed,0,0,,1,good,20,
REQ-00850,Inventory Management,The system shall prevent a store operator from submitting a duplicate stock item.,Functional,validation,well-formed,0,0,,1,,13,
REQ-00851,Inventory Management,The system shall allow store operators to sort the list of reorder rules by date of creation.,Functional,search,well-formed,0,0,,1,,17,
REQ-00852,Inventory Management,The system shall maintain an audit log of every change made to a goods receipt note.,Functional,audit,well-formed,0,0,,1,good,16,
REQ-00853,Inventory Management,The system shall send an SMS alert to the store operator when the status of a damaged goods entry changes.,Functional,notify,well-formed,0,0,,1,good,20,
REQ-00854,Inventory Management,The system shall allow warehouse administrators to reject a goods receipt note with a mandatory reason.,Functional,workflow,well-formed,0,0,,1,good,16,
REQ-00855,Inventory Management,The system shall allow store operators to delete a batch record that is no longer required.,Functional,delete,well-formed,0,0,,1,,16,
REQ-00856,Inventory Management,The system shall allow store operators to sort the list of barcode labels by date of creation.,Functional,search,well-formed,0,0,,1,,17,
REQ-00857,Inventory Management,The system shall allow store operators to view the details of a selected goods receipt note.,Functional,read,well-formed,0,0,,1,good,16,
REQ-00858,Inventory Management,The system shall allow store operators to filter the list of reorder rules by status.,Functional,search,well-formed,0,0,,1,,15,
REQ-00859,Inventory Management,The system shall maintain an audit log of every change made to a barcode label.,Functional,audit,well-formed,0,0,,1,,15,
REQ-00860,Inventory Management,The system shall prevent a store operator from submitting a duplicate barcode label.,Functional,validation,well-formed,0,0,,1,,13,
REQ-00861,Inventory Management,The system shall allow store operators to create a new reorder rule.,Functional,create,well-formed,0,0,,1,,12,
REQ-00862,Inventory Management,The system shall allow store operators to view the details of a selected stock item.,Functional,read,well-formed,0,0,,1,,15,
REQ-00863,Inventory Management,The system shall allow store operators to save a barcode label for later use.,Functional,duplicate-pair,well-formed,0,0,INV-DUP-1,1,,14,original of a near-duplicate pair
REQ-00864,Inventory Management,The system shall allow store operators to bookmark a barcode label for future reference.,Functional,duplicate-pair,duplicate,0,1,INV-DUP-1,0,,14,restates the requirement above
REQ-00865,Inventory Management,The system shall allow store operators to cancel a goods receipt note before it is processed.,Functional,duplicate-pair,well-formed,0,0,INV-DUP-2,1,good,16,original of a near-duplicate pair
REQ-00866,Inventory Management,The system shall allow store operators to withdraw a goods receipt note prior to processing.,Functional,duplicate-pair,duplicate,0,1,INV-DUP-2,0,good,15,restates the requirement above
REQ-00867,Inventory Management,The system shall allow store operators to search for a purchase order by supplier name.,Functional,duplicate-pair,well-formed,0,0,INV-DUP-3,1,,15,original of a near-duplicate pair
REQ-00868,Inventory Management,The system shall provide a search facility that locates a purchase order using supplier name.,Functional,duplicate-pair,duplicate,0,1,INV-DUP-3,0,,15,restates the requirement above
REQ-00869,Inventory Management,The system shall send a confirmation message once a goods receipt note is submitted.,Functional,duplicate-pair,well-formed,0,0,INV-DUP-4,1,good,14,original of a near-duplicate pair
REQ-00870,Inventory Management,The system shall notify the store operator after a goods receipt note has been submitted successfully.,Functional,duplicate-pair,duplicate,0,1,INV-DUP-4,0,good,16,restates the requirement above
REQ-00871,Inventory Management,The system shall allow warehouse administrators to remove a stock item from the system.,Functional,duplicate-pair,well-formed,0,0,INV-DUP-5,1,,14,original of a near-duplicate pair
REQ-00872,Inventory Management,The system shall allow warehouse administrators to delete an existing stock item record.,Functional,duplicate-pair,duplicate,0,1,INV-DUP-5,0,,13,restates the requirement above
REQ-00873,Inventory Management,The system shall allow store operators to rate a completed purchase order from one to five stars.,Functional,duplicate-pair,well-formed,0,0,INV-DUP-6,1,,17,original of a near-duplicate pair
REQ-00874,Inventory Management,The system shall allow store operators to give a star rating between one and five for a finished purchase order.,Functional,duplicate-pair,duplicate,0,1,INV-DUP-6,0,,20,restates the requirement above
REQ-00875,Inventory Management,The system shall handle stock transfers appropriately.,Functional,under-specified,ambiguous,1,0,,0,appropriate|appropriately,7,
REQ-00876,Inventory Management,The system shall manage purchase orders in an efficient manner.,Functional,under-specified,ambiguous,1,0,,0,efficient,10,
REQ-00877,Inventory Management,The system shall process a stock transfer as quickly as possible.,Functional,under-specified,ambiguous,1,0,,0,as quickly as possible|quickly,11,
REQ-00878,Inventory Management,The system should support various operations on supplier records as needed.,Functional,under-specified,ambiguous,1,0,,0,as needed|various,11,
REQ-00879,Inventory Management,The system shall provide adequate options for managing purchase orders.,Functional,under-specified,ambiguous,1,0,,0,adequate,10,
REQ-00880,Inventory Management,The system shall display suitable information about each stock transfer.,Functional,under-specified,ambiguous,1,0,,0,suitable,10,
REQ-00881,Inventory Management,The system shall deal with invalid purchase order data properly.,Functional,under-specified,ambiguous,1,0,,0,properly,10,
REQ-00882,Inventory Management,The system shall support most of the common actions on a stock audit entry.,Functional,under-specified,ambiguous,1,0,,0,common|most,14,
REQ-00883,Inventory Management,The system shall provide appropriate error messages when something goes wrong with a supplier record.,Functional,under-specified,ambiguous,1,0,,0,appropriate|something goes wrong,15,
REQ-00884,Inventory Management,The system shall be able to work with a reasonable number of damaged goods entrys.,Functional,under-specified,ambiguous,1,0,,0,good|reasonable,15,
REQ-00885,Inventory Management,The system shall allow a new store operator to complete a purchase order within 3 minutes without external assistance.,Non-Functional,Usability,well-formed,0,0,,1,,19,
REQ-00886,Inventory Management,The system shall process at least 200 purchase order submissions per minute at peak load.,Non-Functional,Performance,well-formed,0,0,,1,,15,
REQ-00887,Inventory Management,The system shall allow a store operator to download all personal data held about them within 48 hours of request.,Non-Functional,Compliance,well-formed,0,0,,1,,20,
REQ-00888,Inventory Management,The system shall recover and resume an interrupted purchase order submission within 10 seconds of reconnection.,Non-Functional,Reliability,well-formed,0,0,,1,,16,
REQ-00889,Inventory Management,The system shall expose all reorder rule operations through a documented REST API.,Non-Functional,Interoperability,well-formed,0,0,,1,,13,
REQ-00890,Inventory Management,The system shall take an automated backup of the stock transfer database every 6 hours.,Non-Functional,Reliability,well-formed,0,0,,1,,15,
REQ-00891,Inventory Management,The system shall display any barcode label search result within 2 seconds for 95 percent of requests.,Non-Functional,Performance,well-formed,0,0,,1,,17,
REQ-00892,Inventory Management,The system shall retain stock item records for 7 years before permanent deletion.,Non-Functional,Compliance,well-formed,0,0,,1,,13,
REQ-00893,Inventory Management,The system should be user-friendly and easy to use for all store operators.,Non-Functional,Usability,ambiguous,1,0,,0,easy|user-friendly,13,
REQ-00894,Inventory Management,The system shall be secure and protect store operator data appropriately.,Non-Functional,Security,ambiguous,1,0,,0,appropriate|appropriately,11,
REQ-00895,Inventory Management,The system shall load barcode label pages quickly.,Non-Functional,Performance,ambiguous,1,0,,0,quickly,8,
REQ-00896,Inventory Management,The system shall allow store operators to delete a stock audit entry that is no longer required.,Functional,delete,well-formed,0,0,,1,,17,
REQ-00897,Inventory Management,The system shall allow store operators to update an existing damaged goods entry.,Functional,update,well-formed,0,0,,1,good,13,
REQ-00898,Inventory Management,The system shall allow warehouse administrators to archive a stock item older than one year.,Functional,archival,well-formed,0,0,,1,,15,
REQ-00899,Inventory Management,The system shall allow warehouse administrators to reject a supplier record with a mandatory reason.,Functional,workflow,well-formed,0,0,,1,,15,
REQ-00900,Inventory Management,The system shall allow warehouse administrators to reject a stock transfer with a mandatory reason.,Functional,workflow,well-formed,0,0,,1,,15,
REQ-00901,Payroll System,The system shall allow payroll administrators to assign roles and permissions to a user account.,Functional,authorization,well-formed,0,0,,1,,15,
REQ-00902,Payroll System,The system shall allow employees to pay for a payroll run using a credit or debit card.,Functional,payment,well-formed,0,0,,1,,17,
REQ-00903,Payroll System,The system shall allow employees to pay for a payroll run using a UPI transaction.,Functional,payment,well-formed,0,0,,1,,15,
REQ-00904,Payroll System,The system shall generate a printable invoice for every completed payroll run.,Functional,payment,well-formed,0,0,,1,,12,
REQ-00905,Payroll System,The system shall allow employees to request a refund for a cancelled payroll run.,Functional,payment,well-formed,0,0,,1,,14,
REQ-00906,Payroll System,The system shall allow payroll administrators to apply a discount to a payroll run before payment.,Functional,payment,well-formed,0,0,,1,,16,
REQ-00907,Payroll System,The system shall allow employees to view the payment history of all past payroll runs.,Functional,payment,well-formed,0,0,,1,,15,
REQ-00908,Payroll System,The system shall mark a payroll run as failed if the payment gateway returns an error.,Functional,payment,well-formed,0,0,,1,,16,
REQ-00909,Payroll System,The system shall send an SMS alert to the employee when the status of a attendance record changes.,Functional,notify,well-formed,0,0,,1,,18,
REQ-00910,Payroll System,The system shall allow payroll administrators to generate a monthly report of all bank detail records.,Functional,report,well-formed,0,0,,1,,16,
REQ-00911,Payroll System,The system shall maintain an audit log of every change made to a appraisal record.,Functional,audit,well-formed,0,0,,1,,15,
REQ-00912,Payroll System,The system shall allow employees to search for a bonus entry by employee ID.,Functional,search,well-formed,0,0,,1,,14,
REQ-00913,Payroll System,The system shall allow employees to sort the list of bank detail records by date of creation.,Functional,search,well-formed,0,0,,1,,17,
REQ-00914,Payroll System,The system shall send an email notification to the employee when a attendance record is created.,Functional,notify,well-formed,0,0,,1,,16,
REQ-00915,Payroll System,The system shall record the date and time at which each reimbursement claim is modified.,Functional,audit,well-formed,0,0,,1,,15,
REQ-00916,Payroll System,The system shall allow employees to add a comment to a appraisal record.,Functional,collaboration,well-formed,0,0,,1,,13,
REQ-00917,Payroll System,The system shall allow payroll administrators to archive a attendance record older than one year.,Functional,archival,well-formed,0,0,,1,,15,
REQ-00918,Payroll System,The system shall allow employees to delete a tax declaration that is no longer required.,Functional,delete,well-formed,0,0,,1,,15,
REQ-00919,Payroll System,The system shall allow employees to delete a overtime entry that is no longer required.,Functional,delete,well-formed,0,0,,1,,15,
REQ-00920,Payroll System,The system shall allow employees to sort the list of appraisal records by date of creation.,Functional,search,well-formed,0,0,,1,,16,
REQ-00921,Payroll System,The system shall allow employees to export the list of appraisal records as a CSV file.,Functional,export,well-formed,0,0,,1,,16,
REQ-00922,Payroll System,The system shall allow payroll administrators to view a dashboard summarising bonus entry counts by status.,Functional,report,well-formed,0,0,,1,,16,
REQ-00923,Payroll System,The system shall allow employees to download a overtime entry as a PDF document.,Functional,export,well-formed,0,0,,1,,14,
REQ-00924,Payroll System,The system shall validate all mandatory fields of a attendance record before saving it.,Functional,validation,well-formed,0,0,,1,,14,
REQ-00925,Payroll System,The system shall display a paginated list of attendance records with twenty entries per page.,Functional,read,well-formed,0,0,,1,,15,
REQ-00926,Payroll System,The system shall allow employees to filter the list of leave applications by status.,Functional,search,well-formed,0,0,,1,,14,
REQ-00927,Payroll System,The system shall allow employees to search for a bank detail record by department.,Functional,search,well-formed,0,0,,1,,14,
REQ-00928,Payroll System,The system shall allow employees to sort the list of reimbursement claims by date of creation.,Functional,search,well-formed,0,0,,1,,16,
REQ-00929,Payroll System,The system shall allow employees to attach a supporting document to a reimbursement claim.,Functional,attachment,well-formed,0,0,,1,,14,
REQ-00930,Payroll System,The system shall display a paginated list of appraisal records with twenty entries per page.,Functional,read,well-formed,0,0,,1,,15,
REQ-00931,Payroll System,The system shall allow employees to view the details of a selected tax declaration.,Functional,read,well-formed,0,0,,1,,14,
REQ-00932,Payroll System,The system shall allow employees to add a comment to a reimbursement claim.,Functional,collaboration,well-formed,0,0,,1,,13,
REQ-00933,Payroll System,The system shall allow employees to update an existing attendance record.,Functional,update,well-formed,0,0,,1,,11,
REQ-00934,Payroll System,The system shall allow payroll administrators to view a dashboard summarising attendance record counts by status.,Functional,report,well-formed,0,0,,1,,16,
REQ-00935,Payroll System,The system shall send an SMS alert to the employee when the status of a overtime entry changes.,Functional,notify,well-formed,0,0,,1,,18,
REQ-00936,Payroll System,The system shall validate all mandatory fields of a deduction rule before saving it.,Functional,validation,well-formed,0,0,,1,,14,
REQ-00937,Payroll System,The system shall allow employees to export the list of overtime entrys as a CSV file.,Functional,export,well-formed,0,0,,1,,16,
REQ-00938,Payroll System,The system shall allow employees to filter the list of tax declarations by status.,Functional,search,well-formed,0,0,,1,,14,
REQ-00939,Payroll System,The system shall allow employees to delete a appraisal record that is no longer required.,Functional,delete,well-formed,0,0,,1,,15,
REQ-00940,Payroll System,The system shall record the date and time at which each overtime entry is modified.,Functional,audit,well-formed,0,0,,1,,15,
REQ-00941,Payroll System,The system shall allow employees to search for a deduction rule by department.,Functional,search,well-formed,0,0,,1,,13,
REQ-00942,Payroll System,The system shall allow payroll administrators to reject a bonus entry with a mandatory reason.,Functional,workflow,well-formed,0,0,,1,,15,
REQ-00943,Payroll System,The system shall display the current status of each tax declaration on the employee dashboard.,Functional,read,well-formed,0,0,,1,,15,
REQ-00944,Payroll System,The system shall allow employees to attach a supporting document to a attendance record.,Functional,attachment,well-formed,0,0,,1,,14,
REQ-00945,Payroll System,The system shall allow employees to export the list of reimbursement claims as a CSV file.,Functional,export,well-formed,0,0,,1,,16,
REQ-00946,Payroll System,The system shall display the current status of each leave application on the employee dashboard.,Functional,read,well-formed,0,0,,1,,15,
REQ-00947,Payroll System,The system shall allow employees to update an existing salary slip.,Functional,update,well-formed,0,0,,1,,11,
REQ-00948,Payroll System,The system shall allow employees to sort the list of tax declarations by date of creation.,Functional,search,well-formed,0,0,,1,,16,
REQ-00949,Payroll System,The system shall allow payroll administrators to reject a overtime entry with a mandatory reason.,Functional,workflow,well-formed,0,0,,1,,15,
REQ-00950,Payroll System,The system shall allow employees to attach a supporting document to a overtime entry.,Functional,attachment,well-formed,0,0,,1,,14,
REQ-00951,Payroll System,The system shall send an email notification to the employee when a overtime entry is created.,Functional,notify,well-formed,0,0,,1,,16,
REQ-00952,Payroll System,The system shall validate all mandatory fields of a bonus entry before saving it.,Functional,validation,well-formed,0,0,,1,,14,
REQ-00953,Payroll System,The system shall display the current status of each salary slip on the employee dashboard.,Functional,read,well-formed,0,0,,1,,15,
REQ-00954,Payroll System,The system shall allow payroll administrators to generate a monthly report of all tax declarations.,Functional,report,well-formed,0,0,,1,,15,
REQ-00955,Payroll System,The system shall allow employees to delete a bonus entry that is no longer required.,Functional,delete,well-formed,0,0,,1,,15,
REQ-00956,Payroll System,The system shall allow employees to export the list of leave applications as a CSV file.,Functional,export,well-formed,0,0,,1,,16,
REQ-00957,Payroll System,The system shall validate all mandatory fields of a bank detail record before saving it.,Functional,validation,well-formed,0,0,,1,,15,
REQ-00958,Payroll System,The system shall allow employees to search for a leave application by employee ID.,Functional,search,well-formed,0,0,,1,,14,
REQ-00959,Payroll System,The system shall maintain an audit log of every change made to a attendance record.,Functional,audit,well-formed,0,0,,1,,15,
REQ-00960,Payroll System,The system shall allow payroll administrators to reject a reimbursement claim with a mandatory reason.,Functional,workflow,well-formed,0,0,,1,,15,
REQ-00961,Payroll System,The system shall allow employees to create a new reimbursement claim.,Functional,create,well-formed,0,0,,1,,11,
REQ-00962,Payroll System,The system shall allow employees to view the details of a selected overtime entry.,Functional,read,well-formed,0,0,,1,,14,
REQ-00963,Payroll System,The system shall allow employees to save a bank detail record for later use.,Functional,duplicate-pair,well-formed,0,0,PAY-DUP-1,1,,14,original of a near-duplicate pair
REQ-00964,Payroll System,The system shall allow employees to bookmark a bank detail record for future reference.,Functional,duplicate-pair,duplicate,0,1,PAY-DUP-1,0,,14,restates the requirement above
REQ-00965,Payroll System,The system shall allow employees to cancel a salary slip before it is processed.,Functional,duplicate-pair,well-formed,0,0,PAY-DUP-2,1,,14,original of a near-duplicate pair
REQ-00966,Payroll System,The system shall allow employees to withdraw a salary slip prior to processing.,Functional,duplicate-pair,duplicate,0,1,PAY-DUP-2,0,,13,restates the requirement above
REQ-00967,Payroll System,The system shall allow employees to search for a salary slip by employee ID.,Functional,duplicate-pair,well-formed,0,0,PAY-DUP-3,1,,14,original of a near-duplicate pair
REQ-00968,Payroll System,The system shall provide a search facility that locates a salary slip using employee ID.,Functional,duplicate-pair,duplicate,0,1,PAY-DUP-3,0,,15,restates the requirement above
REQ-00969,Payroll System,The system shall send a confirmation message once a reimbursement claim is submitted.,Functional,duplicate-pair,well-formed,0,0,PAY-DUP-4,1,,13,original of a near-duplicate pair
REQ-00970,Payroll System,The system shall notify the employee after a reimbursement claim has been submitted successfully.,Functional,duplicate-pair,duplicate,0,1,PAY-DUP-4,0,,14,restates the requirement above
REQ-00971,Payroll System,The system shall allow payroll administrators to remove a leave application from the system.,Functional,duplicate-pair,well-formed,0,0,PAY-DUP-5,1,,14,original of a near-duplicate pair
REQ-00972,Payroll System,The system shall allow payroll administrators to delete an existing leave application record.,Functional,duplicate-pair,duplicate,0,1,PAY-DUP-5,0,,13,restates the requirement above
REQ-00973,Payroll System,The system shall allow employees to rate a completed payroll run from one to five stars.,Functional,duplicate-pair,well-formed,0,0,PAY-DUP-6,1,,16,original of a near-duplicate pair
REQ-00974,Payroll System,The system shall allow employees to give a star rating between one and five for a finished payroll run.,Functional,duplicate-pair,duplicate,0,1,PAY-DUP-6,0,,19,restates the requirement above
REQ-00975,Payroll System,The system shall handle appraisal records appropriately.,Functional,under-specified,ambiguous,1,0,,0,appropriate|appropriately,7,
REQ-00976,Payroll System,The system shall manage tax declarations in an efficient manner.,Functional,under-specified,ambiguous,1,0,,0,efficient,10,
REQ-00977,Payroll System,The system shall process a leave application as quickly as possible.,Functional,under-specified,ambiguous,1,0,,0,as quickly as possible|quickly,11,
REQ-00978,Payroll System,The system should support various operations on attendance records as needed.,Functional,under-specified,ambiguous,1,0,,0,as needed|various,11,
REQ-00979,Payroll System,The system shall provide adequate options for managing attendance records.,Functional,under-specified,ambiguous,1,0,,0,adequate,10,
REQ-00980,Payroll System,The system shall display suitable information about each appraisal record.,Functional,under-specified,ambiguous,1,0,,0,suitable,10,
REQ-00981,Payroll System,The system shall deal with invalid overtime entry data properly.,Functional,under-specified,ambiguous,1,0,,0,properly,10,
REQ-00982,Payroll System,The system shall support most of the common actions on a tax declaration.,Functional,under-specified,ambiguous,1,0,,0,common|most,13,
REQ-00983,Payroll System,The system shall provide appropriate error messages when something goes wrong with a salary slip.,Functional,under-specified,ambiguous,1,0,,0,appropriate|something goes wrong,15,
REQ-00984,Payroll System,The system shall be able to work with a reasonable number of bank detail records.,Functional,under-specified,ambiguous,1,0,,0,reasonable,15,
REQ-00985,Payroll System,The system shall expose all salary slip operations through a documented REST API.,Non-Functional,Interoperability,well-formed,0,0,,1,,13,
REQ-00986,Payroll System,The system shall process at least 200 payroll run submissions per minute at peak load.,Non-Functional,Performance,well-formed,0,0,,1,,15,
REQ-00987,Payroll System,The system shall take an automated backup of the bank detail record database every 6 hours.,Non-Functional,Reliability,well-formed,0,0,,1,,16,
REQ-00988,Payroll System,The system shall allow a new employee to complete a payroll run within 3 minutes without external assistance.,Non-Functional,Usability,well-formed,0,0,,1,,18,
REQ-00989,Payroll System,The system shall retain bonus entry records for 7 years before permanent deletion.,Non-Functional,Compliance,well-formed,0,0,,1,,13,
REQ-00990,Payroll System,The system shall display any leave application search result within 2 seconds for 95 percent of requests.,Non-Functional,Performance,well-formed,0,0,,1,,17,
REQ-00991,Payroll System,The system shall allow a employee to download all personal data held about them within 48 hours of request.,Non-Functional,Compliance,well-formed,0,0,,1,,19,
REQ-00992,Payroll System,The system shall recover and resume an interrupted payroll run submission within 10 seconds of reconnection.,Non-Functional,Reliability,well-formed,0,0,,1,,16,
REQ-00993,Payroll System,The system should be user-friendly and easy to use for all employees.,Non-Functional,Usability,ambiguous,1,0,,0,easy|user-friendly,12,
REQ-00994,Payroll System,The system shall be secure and protect employee data appropriately.,Non-Functional,Security,ambiguous,1,0,,0,appropriate|appropriately,10,
REQ-00995,Payroll System,The system shall load bonus entry pages quickly.,Non-Functional,Performance,ambiguous,1,0,,0,quickly,8,
REQ-00996,Payroll System,The system shall send an SMS alert to the employee when the status of a bank detail record changes.,Functional,notify,well-formed,0,0,,1,,19,
REQ-00997,Payroll System,The system shall allow payroll administrators to view a dashboard summarising reimbursement claim counts by status.,Functional,report,well-formed,0,0,,1,,16,
REQ-00998,Payroll System,The system shall send an email notification to the employee when a reimbursement claim is created.,Functional,notify,well-formed,0,0,,1,,16,
REQ-00999,Payroll System,The system shall allow employees to filter the list of appraisal records by status.,Functional,search,well-formed,0,0,,1,,14,
REQ-01000,Payroll System,The system shall validate all mandatory fields of a tax declaration before saving it.,Functional,validation,well-formed,0,0,,1,,14,
REQ-01001,Ride Hailing,The system shall allow operations administrators to assign roles and permissions to a user account.,Functional,authorization,well-formed,0,0,,1,,15,
REQ-01002,Ride Hailing,The system shall allow riders to pay for a trip using a credit or debit card.,Functional,payment,well-formed,0,0,,1,,16,
REQ-01003,Ride Hailing,The system shall allow riders to pay for a trip using a UPI transaction.,Functional,payment,well-formed,0,0,,1,,14,
REQ-01004,Ride Hailing,The system shall generate a printable invoice for every completed trip.,Functional,payment,well-formed,0,0,,1,,11,
REQ-01005,Ride Hailing,The system shall allow riders to request a refund for a cancelled trip.,Functional,payment,well-formed,0,0,,1,,13,
REQ-01006,Ride Hailing,The system shall allow operations administrators to apply a discount to a trip before payment.,Functional,payment,well-formed,0,0,,1,,15,
REQ-01007,Ride Hailing,The system shall allow riders to view the payment history of all past trips.,Functional,payment,well-formed,0,0,,1,,14,
REQ-01008,Ride Hailing,The system shall mark a trip as failed if the payment gateway returns an error.,Functional,payment,well-formed,0,0,,1,,15,
REQ-01009,Ride Hailing,The system shall allow riders to attach a supporting document to a trip record.,Functional,attachment,well-formed,0,0,,1,,14,
REQ-01010,Ride Hailing,The system shall allow operations administrators to archive a lost item report older than one year.,Functional,archival,well-formed,0,0,,1,,16,
REQ-01011,Ride Hailing,The system shall allow riders to create a new ride request.,Functional,create,well-formed,0,0,,1,,11,
REQ-01012,Ride Hailing,The system shall allow operations administrators to view a dashboard summarising promo code counts by status.,Functional,report,well-formed,0,0,,1,,16,
REQ-01013,Ride Hailing,The system shall display a paginated list of ride requests with twenty entries per page.,Functional,read,well-formed,0,0,,1,,15,
REQ-01014,Ride Hailing,The system shall allow operations administrators to view a dashboard summarising ride request counts by status.,Functional,report,well-formed,0,0,,1,,16,
REQ-01015,Ride Hailing,The system shall allow riders to update an existing fare estimate.,Functional,update,well-formed,0,0,,1,,11,
REQ-01016,Ride Hailing,The system shall validate all mandatory fields of a vehicle document before saving it.,Functional,validation,well-formed,0,0,,1,,14,
REQ-01017,Ride Hailing,The system shall allow riders to add a comment to a vehicle document.,Functional,collaboration,well-formed,0,0,,1,,13,
REQ-01018,Ride Hailing,The system shall allow operations administrators to view a dashboard summarising lost item report counts by status.,Functional,report,well-formed,0,0,,1,,17,
REQ-01019,Ride Hailing,The system shall send an email notification to the rider when a fare estimate is created.,Functional,notify,well-formed,0,0,,1,,16,
REQ-01020,Ride Hailing,The system shall restrict access to a trip record to the rider who created it.,Functional,authorization,well-formed,0,0,,1,,15,
REQ-01021,Ride Hailing,The system shall allow operations administrators to view a dashboard summarising trip rating counts by status.,Functional,report,well-formed,0,0,,1,,16,
REQ-01022,Ride Hailing,The system shall allow riders to filter the list of cancellation records by status.,Functional,search,well-formed,0,0,,1,,14,
REQ-01023,Ride Hailing,The system shall allow riders to attach a supporting document to a fare estimate.,Functional,attachment,well-formed,0,0,,1,,14,
REQ-01024,Ride Hailing,The system shall allow operations administrators to reject a promo code with a mandatory reason.,Functional,workflow,well-formed,0,0,,1,,15,
REQ-01025,Ride Hailing,The system shall display the current status of each ride request on the rider dashboard.,Functional,read,well-formed,0,0,,1,,15,
REQ-01026,Ride Hailing,The system shall maintain an audit log of every change made to a vehicle document.,Functional,audit,well-formed,0,0,,1,,15,
REQ-01027,Ride Hailing,The system shall allow riders to download a promo code as a PDF document.,Functional,export,well-formed,0,0,,1,,14,
REQ-01028,Ride Hailing,The system shall allow riders to sort the list of vehicle documents by date of creation.,Functional,search,well-formed,0,0,,1,,16,
REQ-01029,Ride Hailing,The system shall display a paginated list of saved locations with twenty entries per page.,Functional,read,well-formed,0,0,,1,,15,
REQ-01030,Ride Hailing,The system shall allow operations administrators to view a dashboard summarising vehicle document counts by status.,Functional,report,well-formed,0,0,,1,,16,
REQ-01031,Ride Hailing,The system shall display a paginated list of cancellation records with twenty entries per page.,Functional,read,well-formed,0,0,,1,,15,
REQ-01032,Ride Hailing,The system shall restrict access to a vehicle document to the rider who created it.,Functional,authorization,well-formed,0,0,,1,,15,
REQ-01033,Ride Hailing,The system shall prevent a rider from submitting a duplicate trip record.,Functional,validation,well-formed,0,0,,1,,12,
REQ-01034,Ride Hailing,The system shall send an SMS alert to the rider when the status of a driver profile changes.,Functional,notify,well-formed,0,0,,1,,18,
REQ-01035,Ride Hailing,The system shall prevent a rider from submitting a duplicate cancellation record.,Functional,validation,well-formed,0,0,,1,,12,
REQ-01036,Ride Hailing,The system shall send an SMS alert to the rider when the status of a lost item report changes.,Functional,notify,well-formed,0,0,,1,,19,
REQ-01037,Ride Hailing,The system shall allow operations administrators to generate a monthly report of all fare estimates.,Functional,report,well-formed,0,0,,1,,15,
REQ-01038,Ride Hailing,The system shall allow riders to export the list of ride requests as a CSV file.,Functional,export,well-formed,0,0,,1,,16,
REQ-01039,Ride Hailing,The system shall validate all mandatory fields of a ride request before saving it.,Functional,validation,well-formed,0,0,,1,,14,
REQ-01040,Ride Hailing,The system shall display the current status of each lost item report on the rider dashboard.,Functional,read,well-formed,0,0,,1,,16,
REQ-01041,Ride Hailing,The system shall allow riders to attach a supporting document to a lost item report.,Functional,attachment,well-formed,0,0,,1,,15,
REQ-01042,Ride Hailing,The system shall restrict access to a saved location to the rider who created it.,Functional,authorization,well-formed,0,0,,1,,15,
REQ-01043,Ride Hailing,The system shall allow operations administrators to approve a cancellation record submitted by a rider.,Functional,workflow,well-formed,0,0,,1,,15,
REQ-01044,Ride Hailing,The system shall validate all mandatory fields of a promo code before saving it.,Functional,validation,well-formed,0,0,,1,,14,
REQ-01045,Ride Hailing,The system shall restrict access to a ride request to the rider who created it.,Functional,authorization,well-formed,0,0,,1,,15,
REQ-01046,Ride Hailing,The system shall prevent a rider from submitting a duplicate saved location.,Functional,validation,well-formed,0,0,,1,,12,
REQ-01047,Ride Hailing,The system shall allow riders to export the list of driver profiles as a CSV file.,Functional,export,well-formed,0,0,,1,,16,
REQ-01048,Ride Hailing,The system shall allow riders to sort the list of promo codes by date of creation.,Functional,search,well-formed,0,0,,1,,16,
REQ-01049,Ride Hailing,The system shall allow riders to filter the list of trip ratings by status.,Functional,search,well-formed,0,0,,1,,14,
REQ-01050,Ride Hailing,The system shall allow operations administrators to generate a monthly report of all saved locations.,Functional,report,well-formed,0,0,,1,,15,
REQ-01051,Ride Hailing,The system shall send an email notification to the rider when a saved location is created.,Functional,notify,well-formed,0,0,,1,,16,
REQ-01052,Ride Hailing,The system shall allow riders to delete a driver profile that is no longer required.,Functional,delete,well-formed,0,0,,1,,15,
REQ-01053,Ride Hailing,The system shall allow operations administrators to generate a monthly report of all vehicle documents.,Functional,report,well-formed,0,0,,1,,15,
REQ-01054,Ride Hailing,The system shall record the date and time at which each fare estimate is modified.,Functional,audit,well-formed,0,0,,1,,15,
REQ-01055,Ride Hailing,The system shall allow riders to view the details of a selected vehicle document.,Functional,read,well-formed,0,0,,1,,14,
REQ-01056,Ride Hailing,The system shall send an email notification to the rider when a trip record is created.,Functional,notify,well-formed,0,0,,1,,16,
REQ-01057,Ride Hailing,The system shall display a paginated list of fare estimates with twenty entries per page.,Functional,read,well-formed,0,0,,1,,15,
REQ-01058,Ride Hailing,The system shall allow riders to create a new trip rating.,Functional,create,well-formed,0,0,,1,,11,
REQ-01059,Ride Hailing,The system shall allow operations administrators to reject a trip record with a mandatory reason.,Functional,workflow,well-formed,0,0,,1,,15,
REQ-01060,Ride Hailing,The system shall prevent a rider from submitting a duplicate driver profile.,Functional,validation,well-formed,0,0,,1,,12,
REQ-01061,Ride Hailing,The system shall allow riders to create a new trip record.,Functional,create,well-formed,0,0,,1,,11,
REQ-01062,Ride Hailing,The system shall allow riders to view the details of a selected fare estimate.,Functional,read,well-formed,0,0,,1,,14,
REQ-01063,Ride Hailing,The system shall allow riders to save a trip record for later use.,Functional,duplicate-pair,well-formed,0,0,RID-DUP-1,1,,13,original of a near-duplicate pair
REQ-01064,Ride Hailing,The system shall allow riders to bookmark a trip record for future reference.,Functional,duplicate-pair,duplicate,0,1,RID-DUP-1,0,,13,restates the requirement above
REQ-01065,Ride Hailing,The system shall allow riders to cancel a ride request before it is processed.,Functional,duplicate-pair,well-formed,0,0,RID-DUP-2,1,,14,original of a near-duplicate pair
REQ-01066,Ride Hailing,The system shall allow riders to withdraw a ride request prior to processing.,Functional,duplicate-pair,duplicate,0,1,RID-DUP-2,0,,13,restates the requirement above
REQ-01067,Ride Hailing,The system shall allow riders to search for a trip rating by drop location.,Functional,duplicate-pair,well-formed,0,0,RID-DUP-3,1,,14,original of a near-duplicate pair
REQ-01068,Ride Hailing,The system shall provide a search facility that locates a trip rating using drop location.,Functional,duplicate-pair,duplicate,0,1,RID-DUP-3,0,,15,restates the requirement above
REQ-01069,Ride Hailing,The system shall send a confirmation message once a trip rating is submitted.,Functional,duplicate-pair,well-formed,0,0,RID-DUP-4,1,,13,original of a near-duplicate pair
REQ-01070,Ride Hailing,The system shall notify the rider after a trip rating has been submitted successfully.,Functional,duplicate-pair,duplicate,0,1,RID-DUP-4,0,,14,restates the requirement above
REQ-01071,Ride Hailing,The system shall allow operations administrators to remove a trip record from the system.,Functional,duplicate-pair,well-formed,0,0,RID-DUP-5,1,,14,original of a near-duplicate pair
REQ-01072,Ride Hailing,The system shall allow operations administrators to delete an existing trip record record.,Functional,duplicate-pair,duplicate,0,1,RID-DUP-5,0,,13,restates the requirement above
REQ-01073,Ride Hailing,The system shall allow riders to rate a completed trip from one to five stars.,Functional,duplicate-pair,well-formed,0,0,RID-DUP-6,1,,15,original of a near-duplicate pair
REQ-01074,Ride Hailing,The system shall allow riders to give a star rating between one and five for a finished trip.,Functional,duplicate-pair,duplicate,0,1,RID-DUP-6,0,,18,restates the requirement above
REQ-01075,Ride Hailing,The system shall handle driver profiles appropriately.,Functional,under-specified,ambiguous,1,0,,0,appropriate|appropriately,7,
REQ-01076,Ride Hailing,The system shall manage promo codes in an efficient manner.,Functional,under-specified,ambiguous,1,0,,0,efficient,10,
REQ-01077,Ride Hailing,The system shall process a lost item report as quickly as possible.,Functional,under-specified,ambiguous,1,0,,0,as quickly as possible|quickly,12,
REQ-01078,Ride Hailing,The system should support various operations on trip ratings as needed.,Functional,under-specified,ambiguous,1,0,,0,as needed|various,11,
REQ-01079,Ride Hailing,The system shall provide adequate options for managing fare estimates.,Functional,under-specified,ambiguous,1,0,,0,adequate,10,
REQ-01080,Ride Hailing,The system shall display suitable information about each lost item report.,Functional,under-specified,ambiguous,1,0,,0,suitable,11,
REQ-01081,Ride Hailing,The system shall deal with invalid ride request data properly.,Functional,under-specified,ambiguous,1,0,,0,properly,10,
REQ-01082,Ride Hailing,The system shall support most of the common actions on a fare estimate.,Functional,under-specified,ambiguous,1,0,,0,common|most,13,
REQ-01083,Ride Hailing,The system shall provide appropriate error messages when something goes wrong with a trip rating.,Functional,under-specified,ambiguous,1,0,,0,appropriate|something goes wrong,15,
REQ-01084,Ride Hailing,The system shall be able to work with a reasonable number of trip records.,Functional,under-specified,ambiguous,1,0,,0,reasonable,14,
REQ-01085,Ride Hailing,The system shall process at least 200 trip submissions per minute at peak load.,Non-Functional,Performance,well-formed,0,0,,1,,14,
REQ-01086,Ride Hailing,The system shall take an automated backup of the saved location database every 6 hours.,Non-Functional,Reliability,well-formed,0,0,,1,,15,
REQ-01087,Ride Hailing,The system shall expose all trip record operations through a documented REST API.,Non-Functional,Interoperability,well-formed,0,0,,1,,13,
REQ-01088,Ride Hailing,The system shall recover and resume an interrupted trip submission within 10 seconds of reconnection.,Non-Functional,Reliability,well-formed,0,0,,1,,15,
REQ-01089,Ride Hailing,The system shall display any trip record search result within 2 seconds for 95 percent of requests.,Non-Functional,Performance,well-formed,0,0,,1,,17,
REQ-01090,Ride Hailing,The system shall retain lost item report records for 7 years before permanent deletion.,Non-Functional,Compliance,well-formed,0,0,,1,,14,
REQ-01091,Ride Hailing,The system shall allow a new rider to complete a trip within 3 minutes without external assistance.,Non-Functional,Usability,well-formed,0,0,,1,,17,
REQ-01092,Ride Hailing,The system shall allow a rider to download all personal data held about them within 48 hours of request.,Non-Functional,Compliance,well-formed,0,0,,1,,19,
REQ-01093,Ride Hailing,The system should be user-friendly and easy to use for all riders.,Non-Functional,Usability,ambiguous,1,0,,0,easy|user-friendly,12,
REQ-01094,Ride Hailing,The system shall be secure and protect rider data appropriately.,Non-Functional,Security,ambiguous,1,0,,0,appropriate|appropriately,10,
REQ-01095,Ride Hailing,The system shall load trip rating pages quickly.,Non-Functional,Performance,ambiguous,1,0,,0,quickly,8,
REQ-01096,Ride Hailing,The system shall display the current status of each trip rating on the rider dashboard.,Functional,read,well-formed,0,0,,1,,15,
REQ-01097,Ride Hailing,The system shall allow riders to update an existing lost item report.,Functional,update,well-formed,0,0,,1,,12,
REQ-01098,Ride Hailing,The system shall allow riders to view the details of a selected cancellation record.,Functional,read,well-formed,0,0,,1,,14,
REQ-01099,Ride Hailing,The system shall send an SMS alert to the rider when the status of a ride request changes.,Functional,notify,well-formed,0,0,,1,,18,
REQ-01100,Ride Hailing,The system shall send an SMS alert to the rider when the status of a promo code changes.,Functional,notify,well-formed,0,0,,1,,18,
REQ-01101,Social Networking,The system shall allow moderators to assign roles and permissions to a user account.,Functional,authorization,well-formed,0,0,,1,,14,
REQ-01102,Social Networking,The system shall allow users to sort the list of posts by date of creation.,Functional,search,well-formed,0,0,,1,,15,
REQ-01103,Social Networking,The system shall allow users to view the details of a selected friend request.,Functional,read,well-formed,0,0,,1,,14,
REQ-01104,Social Networking,The system shall allow moderators to view a dashboard summarising direct message counts by status.,Functional,report,well-formed,0,0,,1,,15,
REQ-01105,Social Networking,The system shall validate all mandatory fields of a friend request before saving it.,Functional,validation,well-formed,0,0,,1,,14,
REQ-01106,Social Networking,The system shall display the current status of each direct message on the user dashboard.,Functional,read,well-formed,0,0,,1,,15,
REQ-01107,Social Networking,The system shall restrict access to a notification setting to the user who created it.,Functional,authorization,well-formed,0,0,,1,,15,
REQ-01108,Social Networking,The system shall allow users to filter the list of profile photos by status.,Functional,search,well-formed,0,0,,1,,14,
REQ-01109,Social Networking,The system shall record the date and time at which each friend request is modified.,Functional,audit,well-formed,0,0,,1,,15,
REQ-01110,Social Networking,The system shall allow users to export the list of storys as a CSV file.,Functional,export,well-formed,0,0,,1,,15,
REQ-01111,Social Networking,The system shall allow moderators to view a dashboard summarising blocked user entry counts by status.,Functional,report,well-formed,0,0,,1,,16,
REQ-01112,Social Networking,The system shall restrict access to a group to the user who created it.,Functional,authorization,well-formed,0,0,,1,,14,
REQ-01113,Social Networking,The system shall send an email notification to the user when a reported content item is created.,Functional,notify,well-formed,0,0,,1,,17,
REQ-01114,Social Networking,The system shall send an SMS alert to the user when the status of a friend request changes.,Functional,notify,well-formed,0,0,,1,,18,
REQ-01115,Social Networking,The system shall allow moderators to archive a group older than one year.,Functional,archival,well-formed,0,0,,1,,13,
REQ-01116,Social Networking,The system shall restrict access to a story to the user who created it.,Functional,authorization,well-formed,0,0,,1,,14,
REQ-01117,Social Networking,The system shall display the current status of each friend request on the user dashboard.,Functional,read,well-formed,0,0,,1,,15,
REQ-01118,Social Networking,The system shall allow users to search for a group by hashtag.,Functional,search,well-formed,0,0,,1,,12,
REQ-01119,Social Networking,The system shall display the current status of each blocked user entry on the user dashboard.,Functional,read,well-formed,0,0,,1,,16,
REQ-01120,Social Networking,The system shall allow users to update an existing reported content item.,Functional,update,well-formed,0,0,,1,,12,
REQ-01121,Social Networking,The system shall restrict access to a direct message to the user who created it.,Functional,authorization,well-formed,0,0,,1,,15,
REQ-01122,Social Networking,The system shall restrict access to a blocked user entry to the user who created it.,Functional,authorization,well-formed,0,0,,1,,16,
REQ-01123,Social Networking,The system shall allow moderators to archive a post older than one year.,Functional,archival,well-formed,0,0,,1,,13,
REQ-01124,Social Networking,The system shall allow users to add a comment to a group.,Functional,collaboration,well-formed,0,0,,1,,12,
REQ-01125,Social Networking,The system shall allow users to create a new direct message.,Functional,create,well-formed,0,0,,1,,11,
REQ-01126,Social Networking,The system shall allow users to filter the list of direct messages by status.,Functional,search,well-formed,0,0,,1,,14,
REQ-01127,Social Networking,The system shall allow users to update an existing group.,Functional,update,well-formed,0,0,,1,,10,
REQ-01128,Social Networking,The system shall record the date and time at which each story is modified.,Functional,audit,well-formed,0,0,,1,,14,
REQ-01129,Social Networking,The system shall allow users to search for a comment by username.,Functional,search,well-formed,0,0,,1,,12,
REQ-01130,Social Networking,The system shall allow users to export the list of direct messages as a CSV file.,Functional,export,well-formed,0,0,,1,,16,
REQ-01131,Social Networking,The system shall validate all mandatory fields of a notification setting before saving it.,Functional,validation,well-formed,0,0,,1,,14,
REQ-01132,Social Networking,The system shall allow users to view the details of a selected group.,Functional,read,well-formed,0,0,,1,,13,
REQ-01133,Social Networking,The system shall allow moderators to generate a monthly report of all groups.,Functional,report,well-formed,0,0,,1,,13,
REQ-01134,Social Networking,The system shall record the date and time at which each profile photo is modified.,Functional,audit,well-formed,0,0,,1,,15,
REQ-01135,Social Networking,The system shall allow users to search for a reported content item by username.,Functional,search,well-formed,0,0,,1,,14,
REQ-01136,Social Networking,The system shall send an email notification to the user when a comment is created.,Functional,notify,well-formed,0,0,,1,,15,
REQ-01137,Social Networking,The system shall allow users to view the details of a selected story.,Functional,read,well-formed,0,0,,1,,13,
REQ-01138,Social Networking,The system shall allow users to filter the list of groups by status.,Functional,search,well-formed,0,0,,1,,13,
REQ-01139,Social Networking,The system shall allow users to update an existing comment.,Functional,update,well-formed,0,0,,1,,10,
REQ-01140,Social Networking,The system shall allow users to search for a story by location.,Functional,search,well-formed,0,0,,1,,12,
REQ-01141,Social Networking,The system shall allow users to export the list of comments as a CSV file.,Functional,export,well-formed,0,0,,1,,15,
REQ-01142,Social Networking,The system shall maintain an audit log of every change made to a story.,Functional,audit,well-formed,0,0,,1,,14,
REQ-01143,Social Networking,The system shall prevent a user from submitting a duplicate reported content item.,Functional,validation,well-formed,0,0,,1,,13,
REQ-01144,Social Networking,The system shall allow users to update an existing story.,Functional,update,well-formed,0,0,,1,,10,
REQ-01145,Social Networking,The system shall allow users to attach a supporting document to a story.,Functional,attachment,well-formed,0,0,,1,,13,
REQ-01146,Social Networking,The system shall allow moderators to approve a notification setting submitted by a user.,Functional,workflow,well-formed,0,0,,1,,14,
REQ-01147,Social Networking,The system shall validate all mandatory fields of a reported content item before saving it.,Functional,validation,well-formed,0,0,,1,,15,
REQ-01148,Social Networking,The system shall allow moderators to generate a monthly report of all posts.,Functional,report,well-formed,0,0,,1,,13,
REQ-01149,Social Networking,The system shall send an SMS alert to the user when the status of a comment changes.,Functional,notify,well-formed,0,0,,1,,17,
REQ-01150,Social Networking,The system shall allow users to search for a notification setting by hashtag.,Functional,search,well-formed,0,0,,1,,13,
REQ-01151,Social Networking,The system shall send an email notification to the user when a blocked user entry is created.,Functional,notify,well-formed,0,0,,1,,17,
REQ-01152,Social Networking,The system shall maintain an audit log of every change made to a notification setting.,Functional,audit,well-formed,0,0,,1,,15,
REQ-01153,Social Networking,The system shall allow users to attach a supporting document to a blocked user entry.,Functional,attachment,well-formed,0,0,,1,,15,
REQ-01154,Social Networking,The system shall allow moderators to view a dashboard summarising group counts by status.,Functional,report,well-formed,0,0,,1,,14,
REQ-01155,Social Networking,The system shall allow users to create a new group.,Functional,create,well-formed,0,0,,1,,10,
REQ-01156,Social Networking,The system shall allow users to attach a supporting document to a direct message.,Functional,attachment,well-formed,0,0,,1,,14,
REQ-01157,Social Networking,The system shall allow users to update an existing notification setting.,Functional,update,well-formed,0,0,,1,,11,
REQ-01158,Social Networking,The system shall allow users to create a new profile photo.,Functional,create,well-formed,0,0,,1,,11,
REQ-01159,Social Networking,The system shall allow users to create a new story.,Functional,create,well-formed,0,0,,1,,10,
REQ-01160,Social Networking,The system shall allow users to add a comment to a reported content item.,Functional,collaboration,well-formed,0,0,,1,,14,
REQ-01161,Social Networking,The system shall allow users to create a new blocked user entry.,Functional,create,well-formed,0,0,,1,,12,
REQ-01162,Social Networking,The system shall allow users to view the details of a selected blocked user entry.,Functional,read,well-formed,0,0,,1,,15,
REQ-01163,Social Networking,The system shall allow users to save a direct message for later use.,Functional,duplicate-pair,well-formed,0,0,SOC-DUP-1,1,,13,original of a near-duplicate pair
REQ-01164,Social Networking,The system shall allow users to bookmark a direct message for future reference.,Functional,duplicate-pair,duplicate,0,1,SOC-DUP-1,0,,13,restates the requirement above
REQ-01165,Social Networking,The system shall allow users to cancel a blocked user entry before it is processed.,Functional,duplicate-pair,well-formed,0,0,SOC-DUP-2,1,,15,original of a near-duplicate pair
REQ-01166,Social Networking,The system shall allow users to withdraw a blocked user entry prior to processing.,Functional,duplicate-pair,duplicate,0,1,SOC-DUP-2,0,,14,restates the requirement above
REQ-01167,Social Networking,The system shall allow users to search for a reported content item by location.,Functional,duplicate-pair,well-formed,0,0,SOC-DUP-3,1,,14,original of a near-duplicate pair
REQ-01168,Social Networking,The system shall provide a search facility that locates a reported content item using location.,Functional,duplicate-pair,duplicate,0,1,SOC-DUP-3,0,,15,restates the requirement above
REQ-01169,Social Networking,The system shall send a confirmation message once a post is submitted.,Functional,duplicate-pair,well-formed,0,0,SOC-DUP-4,1,,12,original of a near-duplicate pair
REQ-01170,Social Networking,The system shall notify the user after a post has been submitted successfully.,Functional,duplicate-pair,duplicate,0,1,SOC-DUP-4,0,,13,restates the requirement above
REQ-01171,Social Networking,The system shall allow moderators to remove a reported content item from the system.,Functional,duplicate-pair,well-formed,0,0,SOC-DUP-5,1,,14,original of a near-duplicate pair
REQ-01172,Social Networking,The system shall allow moderators to delete an existing reported content item record.,Functional,duplicate-pair,duplicate,0,1,SOC-DUP-5,0,,13,restates the requirement above
REQ-01173,Social Networking,The system shall allow users to rate a completed post from one to five stars.,Functional,duplicate-pair,well-formed,0,0,SOC-DUP-6,1,,15,original of a near-duplicate pair
REQ-01174,Social Networking,The system shall allow users to give a star rating between one and five for a finished post.,Functional,duplicate-pair,duplicate,0,1,SOC-DUP-6,0,,18,restates the requirement above
REQ-01175,Social Networking,The system shall handle notification settings appropriately.,Functional,under-specified,ambiguous,1,0,,0,appropriate|appropriately,7,
REQ-01176,Social Networking,The system shall manage friend requests in an efficient manner.,Functional,under-specified,ambiguous,1,0,,0,efficient,10,
REQ-01177,Social Networking,The system shall process a friend request as quickly as possible.,Functional,under-specified,ambiguous,1,0,,0,as quickly as possible|quickly,11,
REQ-01178,Social Networking,The system should support various operations on friend requests as needed.,Functional,under-specified,ambiguous,1,0,,0,as needed|various,11,
REQ-01179,Social Networking,The system shall provide adequate options for managing friend requests.,Functional,under-specified,ambiguous,1,0,,0,adequate,10,
REQ-01180,Social Networking,The system shall display suitable information about each blocked user entry.,Functional,under-specified,ambiguous,1,0,,0,suitable,11,
REQ-01181,Social Networking,The system shall deal with invalid group data properly.,Functional,under-specified,ambiguous,1,0,,0,properly,9,
REQ-01182,Social Networking,The system shall support most of the common actions on a comment.,Functional,under-specified,ambiguous,1,0,,0,common|most,12,
REQ-01183,Social Networking,The system shall provide appropriate error messages when something goes wrong with a direct message.,Functional,under-specified,ambiguous,1,0,,0,appropriate|something goes wrong,15,
REQ-01184,Social Networking,The system shall be able to work with a reasonable number of posts.,Functional,under-specified,ambiguous,1,0,,0,reasonable,13,
REQ-01185,Social Networking,The system shall take an automated backup of the comment database every 6 hours.,Non-Functional,Reliability,well-formed,0,0,,1,,14,
REQ-01186,Social Networking,The system shall recover and resume an interrupted post submission within 10 seconds of reconnection.,Non-Functional,Reliability,well-formed,0,0,,1,,15,
REQ-01187,Social Networking,The system shall expose all comment operations through a documented REST API.,Non-Functional,Interoperability,well-formed,0,0,,1,,12,
REQ-01188,Social Networking,The system shall display any direct message search result within 2 seconds for 95 percent of requests.,Non-Functional,Performance,well-formed,0,0,,1,,17,
REQ-01189,Social Networking,The system shall process at least 200 post submissions per minute at peak load.,Non-Functional,Performance,well-formed,0,0,,1,,14,
REQ-01190,Social Networking,The system shall retain story records for 7 years before permanent deletion.,Non-Functional,Compliance,well-formed,0,0,,1,,12,
REQ-01191,Social Networking,The system shall allow a new user to complete a post within 3 minutes without external assistance.,Non-Functional,Usability,well-formed,0,0,,1,,17,
REQ-01192,Social Networking,The system shall allow a user to download all personal data held about them within 48 hours of request.,Non-Functional,Compliance,well-formed,0,0,,1,,19,
REQ-01193,Social Networking,The system should be user-friendly and easy to use for all users.,Non-Functional,Usability,ambiguous,1,0,,0,easy|user-friendly,12,
REQ-01194,Social Networking,The system shall be secure and protect user data appropriately.,Non-Functional,Security,ambiguous,1,0,,0,appropriate|appropriately,10,
REQ-01195,Social Networking,The system shall load story pages quickly.,Non-Functional,Performance,ambiguous,1,0,,0,quickly,7,
REQ-01196,Social Networking,The system shall restrict access to a reported content item to the user who created it.,Functional,authorization,well-formed,0,0,,1,,16,
REQ-01197,Social Networking,The system shall allow users to search for a story by hashtag.,Functional,search,well-formed,0,0,,1,,12,
REQ-01198,Social Networking,The system shall restrict access to a profile photo to the user who created it.,Functional,authorization,well-formed,0,0,,1,,15,
REQ-01199,Social Networking,The system shall send an SMS alert to the user when the status of a story changes.,Functional,notify,well-formed,0,0,,1,,17,
REQ-01200,Social Networking,The system shall allow moderators to reject a blocked user entry with a mandatory reason.,Functional,workflow,well-formed,0,0,,1,,15,
REQ-01201,Hospital Pharmacy,The system shall allow pharmacy administrators to assign roles and permissions to a user account.,Functional,authorization,well-formed,0,0,,1,,15,
REQ-01202,Hospital Pharmacy,The system shall allow pharmacists to pay for a dispensing record using a credit or debit card.,Functional,payment,well-formed,0,0,,1,,17,
REQ-01203,Hospital Pharmacy,The system shall allow pharmacists to pay for a dispensing record using a UPI transaction.,Functional,payment,well-formed,0,0,,1,,15,
REQ-01204,Hospital Pharmacy,The system shall generate a printable invoice for every completed dispensing record.,Functional,payment,well-formed,0,0,,1,,12,
REQ-01205,Hospital Pharmacy,The system shall allow pharmacists to request a refund for a cancelled dispensing record.,Functional,payment,well-formed,0,0,,1,,14,
REQ-01206,Hospital Pharmacy,The system shall allow pharmacy administrators to apply a discount to a dispensing record before payment.,Functional,payment,well-formed,0,0,,1,,16,
REQ-01207,Hospital Pharmacy,The system shall allow pharmacists to view the payment history of all past dispensing records.,Functional,payment,well-formed,0,0,,1,,15,
REQ-01208,Hospital Pharmacy,The system shall mark a dispensing record as failed if the payment gateway returns an error.,Functional,payment,well-formed,0,0,,1,,16,
REQ-01209,Hospital Pharmacy,The system shall allow pharmacists to sort the list of medicine stock items by date of creation.,Functional,search,well-formed,0,0,,1,,17,
REQ-01210,Hospital Pharmacy,The system shall allow pharmacy administrators to reject a prescription order with a mandatory reason.,Functional,workflow,well-formed,0,0,,1,,15,
REQ-01211,Hospital Pharmacy,The system shall allow pharmacists to filter the list of reorder requests by status.,Functional,search,well-formed,0,0,,1,,14,
REQ-01212,Hospital Pharmacy,The system shall send an email notification to the pharmacist when a supplier invoice is created.,Functional,notify,well-formed,0,0,,1,,16,
REQ-01213,Hospital Pharmacy,The system shall allow pharmacy administrators to approve a reorder request submitted by a pharmacist.,Functional,workflow,well-formed,0,0,,1,,15,
REQ-01214,Hospital Pharmacy,The system shall allow pharmacy administrators to generate a monthly report of all dispensing records.,Functional,report,well-formed,0,0,,1,,15,
REQ-01215,Hospital Pharmacy,The system shall display the current status of each medicine stock item on the pharmacist dashboard.,Functional,read,well-formed,0,0,,1,,16,
REQ-01216,Hospital Pharmacy,The system shall restrict access to a cold storage log to the pharmacist who created it.,Functional,authorization,well-formed,0,0,,1,,16,
REQ-01217,Hospital Pharmacy,The system shall allow pharmacists to add a comment to a cold storage log.,Functional,collaboration,well-formed,0,0,,1,,14,
REQ-01218,Hospital Pharmacy,The system shall allow pharmacists to update an existing prescription order.,Functional,update,well-formed,0,0,,1,,11,
REQ-01219,Hospital Pharmacy,The system shall allow pharmacists to download a prescription order as a PDF document.,Functional,export,well-formed,0,0,,1,,14,
REQ-01220,Hospital Pharmacy,The system shall allow pharmacists to delete a narcotic register entry that is no longer required.,Functional,delete,well-formed,0,0,,1,,16,
REQ-01221,Hospital Pharmacy,The system shall allow pharmacists to add a comment to a prescription order.,Functional,collaboration,well-formed,0,0,,1,,13,
REQ-01222,Hospital Pharmacy,The system shall prevent a pharmacist from submitting a duplicate prescription order.,Functional,validation,well-formed,0,0,,1,,12,
REQ-01223,Hospital Pharmacy,The system shall allow pharmacists to export the list of supplier invoices as a CSV file.,Functional,export,well-formed,0,0,,1,,16,
REQ-01224,Hospital Pharmacy,The system shall allow pharmacists to download a reorder request as a PDF document.,Functional,export,well-formed,0,0,,1,,14,
REQ-01225,Hospital Pharmacy,The system shall record the date and time at which each prescription order is modified.,Functional,audit,well-formed,0,0,,1,,15,
REQ-01226,Hospital Pharmacy,The system shall allow pharmacy administrators to archive a supplier invoice older than one year.,Functional,archival,well-formed,0,0,,1,,15,
REQ-01227,Hospital Pharmacy,The system shall send an email notification to the pharmacist when a prescription order is created.,Functional,notify,well-formed,0,0,,1,,16,
REQ-01228,Hospital Pharmacy,The system shall allow pharmacists to add a comment to a dispensing record.,Functional,collaboration,well-formed,0,0,,1,,13,
REQ-01229,Hospital Pharmacy,The system shall allow pharmacists to update an existing narcotic register entry.,Functional,update,well-formed,0,0,,1,,12,
REQ-01230,Hospital Pharmacy,The system shall restrict access to a supplier invoice to the pharmacist who created it.,Functional,authorization,well-formed,0,0,,1,,15,
REQ-01231,Hospital Pharmacy,The system shall allow pharmacy administrators to view a dashboard summarising narcotic register entry counts by status.,Functional,report,well-formed,0,0,,1,,17,
REQ-01232,Hospital Pharmacy,The system shall prevent a pharmacist from submitting a duplicate substitute drug entry.,Functional,validation,well-formed,0,0,,1,,13,
REQ-01233,Hospital Pharmacy,The system shall allow pharmacists to download a expiry alert as a PDF document.,Functional,export,well-formed,0,0,,1,,14,
REQ-01234,Hospital Pharmacy,The system shall allow pharmacy administrators to reject a expiry alert with a mandatory reason.,Functional,workflow,well-formed,0,0,,1,,15,
REQ-01235,Hospital Pharmacy,The system shall send an SMS alert to the pharmacist when the status of a prescription order changes.,Functional,notify,well-formed,0,0,,1,,18,
REQ-01236,Hospital Pharmacy,The system shall allow pharmacy administrators to generate a monthly report of all supplier invoices.,Functional,report,well-formed,0,0,,1,,15,
REQ-01237,Hospital Pharmacy,The system shall display a paginated list of medicine stock items with twenty entries per page.,Functional,read,well-formed,0,0,,1,,16,
REQ-01238,Hospital Pharmacy,The system shall allow pharmacists to delete a expiry alert that is no longer required.,Functional,delete,well-formed,0,0,,1,,15,
REQ-01239,Hospital Pharmacy,The system shall maintain an audit log of every change made to a narcotic register entry.,Functional,audit,well-formed,0,0,,1,,16,
REQ-01240,Hospital Pharmacy,The system shall allow pharmacists to delete a prescription order that is no longer required.,Functional,delete,well-formed,0,0,,1,,15,
REQ-01241,Hospital Pharmacy,The system shall allow pharmacists to view the details of a selected prescription order.,Functional,read,well-formed,0,0,,1,,14,
REQ-01242,Hospital Pharmacy,The system shall allow pharmacists to filter the list of return-to-supplier records by status.,Functional,search,well-formed,0,0,,1,,14,
REQ-01243,Hospital Pharmacy,The system shall allow pharmacists to export the list of narcotic register entrys as a CSV file.,Functional,export,well-formed,0,0,,1,,17,
REQ-01244,Hospital Pharmacy,The system shall allow pharmacists to add a comment to a supplier invoice.,Functional,collaboration,well-formed,0,0,,1,,13,
REQ-01245,Hospital Pharmacy,The system shall send an email notification to the pharmacist when a narcotic register entry is created.,Functional,notify,well-formed,0,0,,1,,17,
REQ-01246,Hospital Pharmacy,The system shall allow pharmacists to filter the list of dispensing records by status.,Functional,search,well-formed,0,0,,1,,14,
REQ-01247,Hospital Pharmacy,The system shall allow pharmacy administrators to generate a monthly report of all medicine stock items.,Functional,report,well-formed,0,0,,1,,16,
REQ-01248,Hospital Pharmacy,The system shall send an email notification to the pharmacist when a substitute drug entry is created.,Functional,notify,well-formed,0,0,,1,,17,
REQ-01249,Hospital Pharmacy,The system shall display the current status of each narcotic register entry on the pharmacist dashboard.,Functional,read,well-formed,0,0,,1,,16,
REQ-01250,Hospital Pharmacy,The system shall record the date and time at which each return-to-supplier record is modified.,Functional,audit,well-formed,0,0,,1,,15,
REQ-01251,Hospital Pharmacy,The system shall allow pharmacists to create a new return-to-supplier record.,Functional,create,well-formed,0,0,,1,,11,
REQ-01252,Hospital Pharmacy,The system shall allow pharmacists to update an existing substitute drug entry.,Functional,update,well-formed,0,0,,1,,12,
REQ-01253,Hospital Pharmacy,The system shall allow pharmacists to view the details of a selected cold storage log.,Functional,read,well-formed,0,0,,1,,15,
REQ-01254,Hospital Pharmacy,The system shall allow pharmacists to filter the list of prescription orders by status.,Functional,search,well-formed,0,0,,1,,14,
REQ-01255,Hospital Pharmacy,The system shall allow pharmacists to create a new cold storage log.,Functional,create,well-formed,0,0,,1,,12,
REQ-01256,Hospital Pharmacy,The system shall send an email notification to the pharmacist when a dispensing record is created.,Functional,notify,well-formed,0,0,,1,,16,
REQ-01257,Hospital Pharmacy,The system shall allow pharmacists to search for a reorder request by batch number.,Functional,search,well-formed,0,0,,1,,14,
REQ-01258,Hospital Pharmacy,The system shall allow pharmacists to create a new medicine stock item.,Functional,create,well-formed,0,0,,1,,12,
REQ-01259,Hospital Pharmacy,The system shall allow pharmacy administrators to archive a prescription order older than one year.,Functional,archival,well-formed,0,0,,1,,15,
REQ-01260,Hospital Pharmacy,The system shall allow pharmacy administrators to view a dashboard summarising return-to-supplier record counts by status.,Functional,report,well-formed,0,0,,1,,16,
REQ-01261,Hospital Pharmacy,The system shall allow pharmacists to create a new narcotic register entry.,Functional,create,well-formed,0,0,,1,,12,
REQ-01262,Hospital Pharmacy,The system shall allow pharmacists to view the details of a selected medicine stock item.,Functional,read,well-formed,0,0,,1,,15,
REQ-01263,Hospital Pharmacy,The system shall allow pharmacists to save a cold storage log for later use.,Functional,duplicate-pair,well-formed,0,0,HOS-DUP-1,1,,14,original of a near-duplicate pair
REQ-01264,Hospital Pharmacy,The system shall allow pharmacists to bookmark a cold storage log for future reference.,Functional,duplicate-pair,duplicate,0,1,HOS-DUP-1,0,,14,restates the requirement above
REQ-01265,Hospital Pharmacy,The system shall allow pharmacists to cancel a prescription order before it is processed.,Functional,duplicate-pair,well-formed,0,0,HOS-DUP-2,1,,14,original of a near-duplicate pair
REQ-01266,Hospital Pharmacy,The system shall allow pharmacists to withdraw a prescription order prior to processing.,Functional,duplicate-pair,duplicate,0,1,HOS-DUP-2,0,,13,restates the requirement above
REQ-01267,Hospital Pharmacy,The system shall allow pharmacists to search for a narcotic register entry by drug name.,Functional,duplicate-pair,well-formed,0,0,HOS-DUP-3,1,,15,original of a near-duplicate pair
REQ-01268,Hospital Pharmacy,The system shall provide a search facility that locates a narcotic register entry using drug name.,Functional,duplicate-pair,duplicate,0,1,HOS-DUP-3,0,,16,restates the requirement above
REQ-01269,Hospital Pharmacy,The system shall send a confirmation message once a reorder request is submitted.,Functional,duplicate-pair,well-formed,0,0,HOS-DUP-4,1,,13,original of a near-duplicate pair
REQ-01270,Hospital Pharmacy,The system shall notify the pharmacist after a reorder request has been submitted successfully.,Functional,duplicate-pair,duplicate,0,1,HOS-DUP-4,0,,14,restates the requirement above
REQ-01271,Hospital Pharmacy,The system shall allow pharmacy administrators to remove a reorder request from the system.,Functional,duplicate-pair,well-formed,0,0,HOS-DUP-5,1,,14,original of a near-duplicate pair
REQ-01272,Hospital Pharmacy,The system shall allow pharmacy administrators to delete an existing reorder request record.,Functional,duplicate-pair,duplicate,0,1,HOS-DUP-5,0,,13,restates the requirement above
REQ-01273,Hospital Pharmacy,The system shall allow pharmacists to rate a completed dispensing record from one to five stars.,Functional,duplicate-pair,well-formed,0,0,HOS-DUP-6,1,,16,original of a near-duplicate pair
REQ-01274,Hospital Pharmacy,The system shall allow pharmacists to give a star rating between one and five for a finished dispensing record.,Functional,duplicate-pair,duplicate,0,1,HOS-DUP-6,0,,19,restates the requirement above
REQ-01275,Hospital Pharmacy,The system shall handle cold storage logs appropriately.,Functional,under-specified,ambiguous,1,0,,0,appropriate|appropriately,8,
REQ-01276,Hospital Pharmacy,The system shall manage return-to-supplier records in an efficient manner.,Functional,under-specified,ambiguous,1,0,,0,efficient,10,
REQ-01277,Hospital Pharmacy,The system shall process a return-to-supplier record as quickly as possible.,Functional,under-specified,ambiguous,1,0,,0,as quickly as possible|quickly,11,
REQ-01278,Hospital Pharmacy,The system should support various operations on narcotic register entrys as needed.,Functional,under-specified,ambiguous,1,0,,0,as needed|various,12,
REQ-01279,Hospital Pharmacy,The system shall provide adequate options for managing return-to-supplier records.,Functional,under-specified,ambiguous,1,0,,0,adequate,10,
REQ-01280,Hospital Pharmacy,The system shall display suitable information about each prescription order.,Functional,under-specified,ambiguous,1,0,,0,suitable,10,
REQ-01281,Hospital Pharmacy,The system shall deal with invalid substitute drug entry data properly.,Functional,under-specified,ambiguous,1,0,,0,properly,11,
REQ-01282,Hospital Pharmacy,The system shall support most of the common actions on a narcotic register entry.,Functional,under-specified,ambiguous,1,0,,0,common|most,14,
REQ-01283,Hospital Pharmacy,The system shall provide appropriate error messages when something goes wrong with a narcotic register entry.,Functional,under-specified,ambiguous,1,0,,0,appropriate|something goes wrong,16,
REQ-01284,Hospital Pharmacy,The system shall be able to work with a reasonable number of reorder requests.,Functional,under-specified,ambiguous,1,0,,0,reasonable,14,
REQ-01285,Hospital Pharmacy,The system shall retain supplier invoice records for 7 years before permanent deletion.,Non-Functional,Compliance,well-formed,0,0,,1,,13,
REQ-01286,Hospital Pharmacy,The system shall display any supplier invoice search result within 2 seconds for 95 percent of requests.,Non-Functional,Performance,well-formed,0,0,,1,,17,
REQ-01287,Hospital Pharmacy,The system shall recover and resume an interrupted dispensing record submission within 10 seconds of reconnection.,Non-Functional,Reliability,well-formed,0,0,,1,,16,
REQ-01288,Hospital Pharmacy,The system shall allow a pharmacist to download all personal data held about them within 48 hours of request.,Non-Functional,Compliance,well-formed,0,0,,1,,19,
REQ-01289,Hospital Pharmacy,The system shall process at least 200 dispensing record submissions per minute at peak load.,Non-Functional,Performance,well-formed,0,0,,1,,15,
REQ-01290,Hospital Pharmacy,The system shall take an automated backup of the reorder request database every 6 hours.,Non-Functional,Reliability,well-formed,0,0,,1,,15,
REQ-01291,Hospital Pharmacy,The system shall expose all supplier invoice operations through a documented REST API.,Non-Functional,Interoperability,well-formed,0,0,,1,,13,
REQ-01292,Hospital Pharmacy,The system shall allow a new pharmacist to complete a dispensing record within 3 minutes without external assistance.,Non-Functional,Usability,well-formed,0,0,,1,,18,
REQ-01293,Hospital Pharmacy,The system should be user-friendly and easy to use for all pharmacists.,Non-Functional,Usability,ambiguous,1,0,,0,easy|user-friendly,12,
REQ-01294,Hospital Pharmacy,The system shall be secure and protect pharmacist data appropriately.,Non-Functional,Security,ambiguous,1,0,,0,appropriate|appropriately,10,
REQ-01295,Hospital Pharmacy,The system shall load return-to-supplier record pages quickly.,Non-Functional,Performance,ambiguous,1,0,,0,quickly,8,
REQ-01296,Hospital Pharmacy,The system shall allow pharmacists to add a comment to a substitute drug entry.,Functional,collaboration,well-formed,0,0,,1,,14,
REQ-01297,Hospital Pharmacy,The system shall send an email notification to the pharmacist when a medicine stock item is created.,Functional,notify,well-formed,0,0,,1,,17,
REQ-01298,Hospital Pharmacy,The system shall display a paginated list of prescription orders with twenty entries per page.,Functional,read,well-formed,0,0,,1,,15,
REQ-01299,Hospital Pharmacy,The system shall validate all mandatory fields of a prescription order before saving it.,Functional,validation,well-formed,0,0,,1,,14,
REQ-01300,Hospital Pharmacy,The system shall allow pharmacists to add a comment to a narcotic register entry.,Functional,collaboration,well-formed,0,0,,1,,14,
REQ-01301,Vehicle Rental,The system shall allow fleet administrators to assign roles and permissions to a user account.,Functional,authorization,well-formed,0,0,,1,,15,
REQ-01302,Vehicle Rental,The system shall allow renters to pay for a rental booking using a credit or debit card.,Functional,payment,well-formed,0,0,,1,,17,
REQ-01303,Vehicle Rental,The system shall allow renters to pay for a rental booking using a UPI transaction.,Functional,payment,well-formed,0,0,,1,,15,
REQ-01304,Vehicle Rental,The system shall generate a printable invoice for every completed rental booking.,Functional,payment,well-formed,0,0,,1,,12,
REQ-01305,Vehicle Rental,The system shall allow renters to request a refund for a cancelled rental booking.,Functional,payment,well-formed,0,0,,1,,14,
REQ-01306,Vehicle Rental,The system shall allow fleet administrators to apply a discount to a rental booking before payment.,Functional,payment,well-formed,0,0,,1,,16,
REQ-01307,Vehicle Rental,The system shall allow renters to view the payment history of all past rental bookings.,Functional,payment,well-formed,0,0,,1,,15,
REQ-01308,Vehicle Rental,The system shall mark a rental booking as failed if the payment gateway returns an error.,Functional,payment,well-formed,0,0,,1,,16,
REQ-01309,Vehicle Rental,The system shall record the date and time at which each return inspection is modified.,Functional,audit,well-formed,0,0,,1,,15,
REQ-01310,Vehicle Rental,The system shall display a paginated list of rental bookings with twenty entries per page.,Functional,read,well-formed,0,0,,1,,15,
REQ-01311,Vehicle Rental,The system shall allow renters to add a comment to a extension request.,Functional,collaboration,well-formed,0,0,,1,,13,
REQ-01312,Vehicle Rental,The system shall allow fleet administrators to archive a extension request older than one year.,Functional,archival,well-formed,0,0,,1,,15,
REQ-01313,Vehicle Rental,The system shall allow renters to view the details of a selected rental booking.,Functional,read,well-formed,0,0,,1,,14,
REQ-01314,Vehicle Rental,The system shall allow renters to attach a supporting document to a damage report.,Functional,attachment,well-formed,0,0,,1,,14,
REQ-01315,Vehicle Rental,The system shall allow fleet administrators to reject a driver licence record with a mandatory reason.,Functional,workflow,well-formed,0,0,,1,,16,
REQ-01316,Vehicle Rental,The system shall allow fleet administrators to reject a extension request with a mandatory reason.,Functional,workflow,well-formed,0,0,,1,,15,
REQ-01317,Vehicle Rental,The system shall allow fleet administrators to generate a monthly report of all damage reports.,Functional,report,well-formed,0,0,,1,,15,
REQ-01318,Vehicle Rental,The system shall allow renters to add a comment to a driver licence record.,Functional,collaboration,well-formed,0,0,,1,,14,
REQ-01319,Vehicle Rental,The system shall display the current status of each rental booking on the renter dashboard.,Functional,read,well-formed,0,0,,1,,15,
REQ-01320,Vehicle Rental,The system shall allow renters to download a insurance record as a PDF document.,Functional,export,well-formed,0,0,,1,,14,
REQ-01321,Vehicle Rental,The system shall prevent a renter from submitting a duplicate pickup schedule.,Functional,validation,well-formed,0,0,,1,,12,
REQ-01322,Vehicle Rental,The system shall restrict access to a maintenance log to the renter who created it.,Functional,authorization,well-formed,0,0,,1,,15,
REQ-01323,Vehicle Rental,The system shall restrict access to a vehicle listing to the renter who created it.,Functional,authorization,well-formed,0,0,,1,,15,
REQ-01324,Vehicle Rental,The system shall validate all mandatory fields of a damage report before saving it.,Functional,validation,well-formed,0,0,,1,,14,
REQ-01325,Vehicle Rental,The system shall allow renters to filter the list of return inspections by status.,Functional,search,well-formed,0,0,,1,,14,
REQ-01326,Vehicle Rental,The system shall allow renters to delete a driver licence record that is no longer required.,Functional,delete,well-formed,0,0,,1,,16,
REQ-01327,Vehicle Rental,The system shall allow renters to attach a supporting document to a insurance record.,Functional,attachment,well-formed,0,0,,1,,14,
REQ-01328,Vehicle Rental,The system shall allow renters to update an existing damage report.,Functional,update,well-formed,0,0,,1,,11,
REQ-01329,Vehicle Rental,The system shall allow renters to add a comment to a insurance record.,Functional,collaboration,well-formed,0,0,,1,,13,
REQ-01330,Vehicle Rental,The system shall validate all mandatory fields of a pickup schedule before saving it.,Functional,validation,well-formed,0,0,,1,,14,
REQ-01331,Vehicle Rental,The system shall allow fleet administrators to approve a damage report submitted by a renter.,Functional,workflow,well-formed,0,0,,1,,15,
REQ-01332,Vehicle Rental,The system shall allow fleet administrators to reject a damage report with a mandatory reason.,Functional,workflow,well-formed,0,0,,1,,15,
REQ-01333,Vehicle Rental,The system shall allow fleet administrators to view a dashboard summarising pickup schedule counts by status.,Functional,report,well-formed,0,0,,1,,16,
REQ-01334,Vehicle Rental,The system shall allow renters to add a comment to a vehicle listing.,Functional,collaboration,well-formed,0,0,,1,,13,
REQ-01335,Vehicle Rental,The system shall allow renters to search for a rental booking by vehicle model.,Functional,search,well-formed,0,0,,1,,14,
REQ-01336,Vehicle Rental,The system shall allow renters to sort the list of return inspections by date of creation.,Functional,search,well-formed,0,0,,1,,16,
REQ-01337,Vehicle Rental,The system shall allow renters to delete a damage report that is no longer required.,Functional,delete,well-formed,0,0,,1,,15,
REQ-01338,Vehicle Rental,The system shall allow fleet administrators to reject a security deposit record with a mandatory reason.,Functional,workflow,well-formed,0,0,,1,,16,
REQ-01339,Vehicle Rental,The system shall allow fleet administrators to approve a rental booking submitted by a renter.,Functional,workflow,well-formed,0,0,,1,,15,
REQ-01340,Vehicle Rental,The system shall restrict access to a damage report to the renter who created it.,Functional,authorization,well-formed,0,0,,1,,15,
REQ-01341,Vehicle Rental,The system shall display the current status of each insurance record on the renter dashboard.,Functional,read,well-formed,0,0,,1,,15,
REQ-01342,Vehicle Rental,The system shall allow renters to filter the list of driver licence records by status.,Functional,search,well-formed,0,0,,1,,15,
REQ-01343,Vehicle Rental,The system shall restrict access to a return inspection to the renter who created it.,Functional,authorization,well-formed,0,0,,1,,15,
REQ-01344,Vehicle Rental,The system shall maintain an audit log of every change made to a insurance record.,Functional,audit,well-formed,0,0,,1,,15,
REQ-01345,Vehicle Rental,The system shall allow fleet administrators to approve a extension request submitted by a renter.,Functional,workflow,well-formed,0,0,,1,,15,
REQ-01346,Vehicle Rental,The system shall allow fleet administrators to view a dashboard summarising damage report counts by status.,Functional,report,well-formed,0,0,,1,,16,
REQ-01347,Vehicle Rental,The system shall allow renters to create a new insurance record.,Functional,create,well-formed,0,0,,1,,11,
REQ-01348,Vehicle Rental,The system shall allow renters to sort the list of vehicle listings by date of creation.,Functional,search,well-formed,0,0,,1,,16,
REQ-01349,Vehicle Rental,The system shall allow renters to update an existing return inspection.,Functional,update,well-formed,0,0,,1,,11,
REQ-01350,Vehicle Rental,The system shall allow fleet administrators to generate a monthly report of all security deposit records.,Functional,report,well-formed,0,0,,1,,16,
REQ-01351,Vehicle Rental,The system shall display the current status of each driver licence record on the renter dashboard.,Functional,read,well-formed,0,0,,1,,16,
REQ-01352,Vehicle Rental,The system shall send an email notification to the renter when a security deposit record is created.,Functional,notify,well-formed,0,0,,1,,17,
REQ-01353,Vehicle Rental,The system shall display a paginated list of damage reports with twenty entries per page.,Functional,read,well-formed,0,0,,1,,15,
REQ-01354,Vehicle Rental,The system shall allow renters to view the details of a selected maintenance log.,Functional,read,well-formed,0,0,,1,,14,
REQ-01355,Vehicle Rental,The system shall allow renters to download a vehicle listing as a PDF document.,Functional,export,well-formed,0,0,,1,,14,
REQ-01356,Vehicle Rental,The system shall allow renters to attach a supporting document to a maintenance log.,Functional,attachment,well-formed,0,0,,1,,14,
REQ-01357,Vehicle Rental,The system shall send an SMS alert to the renter when the status of a rental booking changes.,Functional,notify,well-formed,0,0,,1,,18,
REQ-01358,Vehicle Rental,The system shall allow renters to view the details of a selected extension request.,Functional,read,well-formed,0,0,,1,,14,
REQ-01359,Vehicle Rental,The system shall allow renters to delete a return inspection that is no longer required.,Functional,delete,well-formed,0,0,,1,,15,
REQ-01360,Vehicle Rental,The system shall allow fleet administrators to reject a return inspection with a mandatory reason.,Functional,workflow,well-formed,0,0,,1,,15,
REQ-01361,Vehicle Rental,The system shall allow renters to create a new damage report.,Functional,create,well-formed,0,0,,1,,11,
REQ-01362,Vehicle Rental,The system shall allow renters to view the details of a selected vehicle listing.,Functional,read,well-formed,0,0,,1,,14,
REQ-01363,Vehicle Rental,The system shall allow renters to save a rental booking for later use.,Functional,duplicate-pair,well-formed,0,0,VEH-DUP-1,1,,13,original of a near-duplicate pair
REQ-01364,Vehicle Rental,The system shall allow renters to bookmark a rental booking for future reference.,Functional,duplicate-pair,duplicate,0,1,VEH-DUP-1,0,,13,restates the requirement above
REQ-01365,Vehicle Rental,The system shall allow renters to cancel a maintenance log before it is processed.,Functional,duplicate-pair,well-formed,0,0,VEH-DUP-2,1,,14,original of a near-duplicate pair
REQ-01366,Vehicle Rental,The system shall allow renters to withdraw a maintenance log prior to processing.,Functional,duplicate-pair,duplicate,0,1,VEH-DUP-2,0,,13,restates the requirement above
REQ-01367,Vehicle Rental,The system shall allow renters to search for a maintenance log by rental date.,Functional,duplicate-pair,well-formed,0,0,VEH-DUP-3,1,,14,original of a near-duplicate pair
REQ-01368,Vehicle Rental,The system shall provide a search facility that locates a maintenance log using rental date.,Functional,duplicate-pair,duplicate,0,1,VEH-DUP-3,0,,15,restates the requirement above
REQ-01369,Vehicle Rental,The system shall send a confirmation message once a return inspection is submitted.,Functional,duplicate-pair,well-formed,0,0,VEH-DUP-4,1,,13,original of a near-duplicate pair
REQ-01370,Vehicle Rental,The system shall notify the renter after a return inspection has been submitted successfully.,Functional,duplicate-pair,duplicate,0,1,VEH-DUP-4,0,,14,restates the requirement above
REQ-01371,Vehicle Rental,The system shall allow fleet administrators to remove a insurance record from the system.,Functional,duplicate-pair,well-formed,0,0,VEH-DUP-5,1,,14,original of a near-duplicate pair
REQ-01372,Vehicle Rental,The system shall allow fleet administrators to delete an existing insurance record record.,Functional,duplicate-pair,duplicate,0,1,VEH-DUP-5,0,,13,restates the requirement above
REQ-01373,Vehicle Rental,The system shall allow renters to rate a completed rental booking from one to five stars.,Functional,duplicate-pair,well-formed,0,0,VEH-DUP-6,1,,16,original of a near-duplicate pair
REQ-01374,Vehicle Rental,The system shall allow renters to give a star rating between one and five for a finished rental booking.,Functional,duplicate-pair,duplicate,0,1,VEH-DUP-6,0,,19,restates the requirement above
REQ-01375,Vehicle Rental,The system shall handle insurance records appropriately.,Functional,under-specified,ambiguous,1,0,,0,appropriate|appropriately,7,
REQ-01376,Vehicle Rental,The system shall manage return inspections in an efficient manner.,Functional,under-specified,ambiguous,1,0,,0,efficient,10,
REQ-01377,Vehicle Rental,The system shall process a extension request as quickly as possible.,Functional,under-specified,ambiguous,1,0,,0,as quickly as possible|quickly,11,
REQ-01378,Vehicle Rental,The system should support various operations on damage reports as needed.,Functional,under-specified,ambiguous,1,0,,0,as needed|various,11,
REQ-01379,Vehicle Rental,The system shall provide adequate options for managing return inspections.,Functional,under-specified,ambiguous,1,0,,0,adequate,10,
REQ-01380,Vehicle Rental,The system shall display suitable information about each insurance record.,Functional,under-specified,ambiguous,1,0,,0,suitable,10,
REQ-01381,Vehicle Rental,The system shall deal with invalid vehicle listing data properly.,Functional,under-specified,ambiguous,1,0,,0,properly,10,
REQ-01382,Vehicle Rental,The system shall support most of the common actions on a vehicle listing.,Functional,under-specified,ambiguous,1,0,,0,common|most,13,
REQ-01383,Vehicle Rental,The system shall provide appropriate error messages when something goes wrong with a driver licence record.,Functional,under-specified,ambiguous,1,0,,0,appropriate|something goes wrong,16,
REQ-01384,Vehicle Rental,The system shall be able to work with a reasonable number of rental bookings.,Functional,under-specified,ambiguous,1,0,,0,reasonable,14,
REQ-01385,Vehicle Rental,The system shall recover and resume an interrupted rental booking submission within 10 seconds of reconnection.,Non-Functional,Reliability,well-formed,0,0,,1,,16,
REQ-01386,Vehicle Rental,The system shall take an automated backup of the driver licence record database every 6 hours.,Non-Functional,Reliability,well-formed,0,0,,1,,16,
REQ-01387,Vehicle Rental,The system shall retain vehicle listing records for 7 years before permanent deletion.,Non-Functional,Compliance,well-formed,0,0,,1,,13,
REQ-01388,Vehicle Rental,The system shall display any insurance record search result within 2 seconds for 95 percent of requests.,Non-Functional,Performance,well-formed,0,0,,1,,17,
REQ-01389,Vehicle Rental,The system shall expose all pickup schedule operations through a documented REST API.,Non-Functional,Interoperability,well-formed,0,0,,1,,13,
REQ-01390,Vehicle Rental,The system shall process at least 200 rental booking submissions per minute at peak load.,Non-Functional,Performance,well-formed,0,0,,1,,15,
REQ-01391,Vehicle Rental,The system shall allow a new renter to complete a rental booking within 3 minutes without external assistance.,Non-Functional,Usability,well-formed,0,0,,1,,18,
REQ-01392,Vehicle Rental,The system shall allow a renter to download all personal data held about them within 48 hours of request.,Non-Functional,Compliance,well-formed,0,0,,1,,19,
REQ-01393,Vehicle Rental,The system should be user-friendly and easy to use for all renters.,Non-Functional,Usability,ambiguous,1,0,,0,easy|user-friendly,12,
REQ-01394,Vehicle Rental,The system shall be secure and protect renter data appropriately.,Non-Functional,Security,ambiguous,1,0,,0,appropriate|appropriately,10,
REQ-01395,Vehicle Rental,The system shall load security deposit record pages quickly.,Non-Functional,Performance,ambiguous,1,0,,0,quickly,9,
REQ-01396,Vehicle Rental,The system shall validate all mandatory fields of a insurance record before saving it.,Functional,validation,well-formed,0,0,,1,,14,
REQ-01397,Vehicle Rental,The system shall send an SMS alert to the renter when the status of a damage report changes.,Functional,notify,well-formed,0,0,,1,,18,
REQ-01398,Vehicle Rental,The system shall restrict access to a driver licence record to the renter who created it.,Functional,authorization,well-formed,0,0,,1,,16,
REQ-01399,Vehicle Rental,The system shall allow fleet administrators to archive a security deposit record older than one year.,Functional,archival,well-formed,0,0,,1,,16,
REQ-01400,Vehicle Rental,The system shall allow renters to update an existing extension request.,Functional,update,well-formed,0,0,,1,,11,
REQ-01401,Event Management,The system shall allow event organisers to assign roles and permissions to a user account.,Functional,authorization,well-formed,0,0,,1,,15,
REQ-01402,Event Management,The system shall allow attendees to pay for a ticket using a credit or debit card.,Functional,payment,well-formed,0,0,,1,,16,
REQ-01403,Event Management,The system shall allow attendees to pay for a ticket using a UPI transaction.,Functional,payment,well-formed,0,0,,1,,14,
REQ-01404,Event Management,The system shall generate a printable invoice for every completed ticket.,Functional,payment,well-formed,0,0,,1,,11,
REQ-01405,Event Management,The system shall allow attendees to request a refund for a cancelled ticket.,Functional,payment,well-formed,0,0,,1,,13,
REQ-01406,Event Management,The system shall allow event organisers to apply a discount to a ticket before payment.,Functional,payment,well-formed,0,0,,1,,15,
REQ-01407,Event Management,The system shall allow attendees to view the payment history of all past tickets.,Functional,payment,well-formed,0,0,,1,,14,
REQ-01408,Event Management,The system shall mark a ticket as failed if the payment gateway returns an error.,Functional,payment,well-formed,0,0,,1,,15,
REQ-01409,Event Management,The system shall allow event organisers to generate a monthly report of all speaker profiles.,Functional,report,well-formed,0,0,,1,,15,
REQ-01410,Event Management,The system shall send an SMS alert to the attendee when the status of a venue record changes.,Functional,notify,well-formed,0,0,,1,,18,
REQ-01411,Event Management,The system shall record the date and time at which each venue record is modified.,Functional,audit,well-formed,0,0,,1,,15,
REQ-01412,Event Management,The system shall allow attendees to attach a supporting document to a sponsor entry.,Functional,attachment,well-formed,0,0,,1,,14,
REQ-01413,Event Management,The system shall display the current status of each sponsor entry on the attendee dashboard.,Functional,read,well-formed,0,0,,1,,15,
REQ-01414,Event Management,The system shall send an SMS alert to the attendee when the status of a event listing changes.,Functional,notify,well-formed,0,0,,1,,18,
REQ-01415,Event Management,The system shall allow attendees to create a new session schedule.,Functional,create,well-formed,0,0,,1,,11,
REQ-01416,Event Management,The system shall prevent a attendee from submitting a duplicate attendee feedback.,Functional,validation,well-formed,0,0,,1,,12,
REQ-01417,Event Management,The system shall validate all mandatory fields of a check-in record before saving it.,Functional,validation,well-formed,0,0,,1,,14,
REQ-01418,Event Management,The system shall send an SMS alert to the attendee when the status of a refund request changes.,Functional,notify,well-formed,0,0,,1,,18,
REQ-01419,Event Management,The system shall validate all mandatory fields of a attendee feedback before saving it.,Functional,validation,well-formed,0,0,,1,,14,
REQ-01420,Event Management,The system shall allow event organisers to view a dashboard summarising ticket counts by status.,Functional,report,well-formed,0,0,,1,,15,
REQ-01421,Event Management,The system shall allow event organisers to archive a speaker profile older than one year.,Functional,archival,well-formed,0,0,,1,,15,
REQ-01422,Event Management,The system shall restrict access to a sponsor entry to the attendee who created it.,Functional,authorization,well-formed,0,0,,1,,15,
REQ-01423,Event Management,The system shall allow attendees to update an existing seat allocation.,Functional,update,well-formed,0,0,,1,,11,
REQ-01424,Event Management,The system shall send an SMS alert to the attendee when the status of a check-in record changes.,Functional,notify,well-formed,0,0,,1,,18,
REQ-01425,Event Management,The system shall allow event organisers to approve a session schedule submitted by a attendee.,Functional,workflow,well-formed,0,0,,1,,15,
REQ-01426,Event Management,The system shall display a paginated list of session schedules with twenty entries per page.,Functional,read,well-formed,0,0,,1,,15,
REQ-01427,Event Management,The system shall allow event organisers to view a dashboard summarising seat allocation counts by status.,Functional,report,well-formed,0,0,,1,,16,
REQ-01428,Event Management,The system shall allow attendees to view the details of a selected event listing.,Functional,read,well-formed,0,0,,1,,14,
REQ-01429,Event Management,The system shall allow attendees to download a check-in record as a PDF document.,Functional,export,well-formed,0,0,,1,,14,
REQ-01430,Event Management,The system shall allow event organisers to archive a refund request older than one year.,Functional,archival,well-formed,0,0,,1,,15,
REQ-01431,Event Management,The system shall allow attendees to view the details of a selected speaker profile.,Functional,read,well-formed,0,0,,1,,14,
REQ-01432,Event Management,The system shall send an email notification to the attendee when a seat allocation is created.,Functional,notify,well-formed,0,0,,1,,16,
REQ-01433,Event Management,The system shall allow event organisers to archive a ticket older than one year.,Functional,archival,well-formed,0,0,,1,,14,
REQ-01434,Event Management,The system shall allow event organisers to reject a speaker profile with a mandatory reason.,Functional,workflow,well-formed,0,0,,1,,15,
REQ-01435,Event Management,The system shall allow event organisers to reject a session schedule with a mandatory reason.,Functional,workflow,well-formed,0,0,,1,,15,
REQ-01436,Event Management,The system shall allow event organisers to generate a monthly report of all attendee feedbacks.,Functional,report,well-formed,0,0,,1,,15,
REQ-01437,Event Management,The system shall maintain an audit log of every change made to a session schedule.,Functional,audit,well-formed,0,0,,1,,15,
REQ-01438,Event Management,The system shall allow attendees to create a new event listing.,Functional,create,well-formed,0,0,,1,,11,
REQ-01439,Event Management,The system shall validate all mandatory fields of a venue record before saving it.,Functional,validation,well-formed,0,0,,1,,14,
REQ-01440,Event Management,The system shall record the date and time at which each refund request is modified.,Functional,audit,well-formed,0,0,,1,,15,
REQ-01441,Event Management,The system shall allow attendees to sort the list of refund requests by date of creation.,Functional,search,well-formed,0,0,,1,,16,
REQ-01442,Event Management,The system shall allow attendees to delete a refund request that is no longer required.,Functional,delete,well-formed,0,0,,1,,15,
REQ-01443,Event Management,The system shall display the current status of each venue record on the attendee dashboard.,Functional,read,well-formed,0,0,,1,,15,
REQ-01444,Event Management,The system shall allow attendees to filter the list of event listings by status.,Functional,search,well-formed,0,0,,1,,14,
REQ-01445,Event Management,The system shall allow event organisers to approve a venue record submitted by a attendee.,Functional,workflow,well-formed,0,0,,1,,15,
REQ-01446,Event Management,The system shall allow event organisers to approve a speaker profile submitted by a attendee.,Functional,workflow,well-formed,0,0,,1,,15,
REQ-01447,Event Management,The system shall allow attendees to download a speaker profile as a PDF document.,Functional,export,well-formed,0,0,,1,,14,
REQ-01448,Event Management,The system shall allow event organisers to reject a venue record with a mandatory reason.,Functional,workflow,well-formed,0,0,,1,,15,
REQ-01449,Event Management,The system shall allow attendees to view the details of a selected check-in record.,Functional,read,well-formed,0,0,,1,,14,
REQ-01450,Event Management,The system shall display the current status of each check-in record on the attendee dashboard.,Functional,read,well-formed,0,0,,1,,15,
REQ-01451,Event Management,The system shall record the date and time at which each attendee feedback is modified.,Functional,audit,well-formed,0,0,,1,,15,
REQ-01452,Event Management,The system shall allow attendees to export the list of seat allocations as a CSV file.,Functional,export,well-formed,0,0,,1,,16,
REQ-01453,Event Management,The system shall maintain an audit log of every change made to a attendee feedback.,Functional,audit,well-formed,0,0,,1,,15,
REQ-01454,Event Management,The system shall allow attendees to sort the list of venue records by date of creation.,Functional,search,well-formed,0,0,,1,,16,
REQ-01455,Event Management,The system shall allow event organisers to view a dashboard summarising sponsor entry counts by status.,Functional,report,well-formed,0,0,,1,,16,
REQ-01456,Event Management,The system shall allow event organisers to view a dashboard summarising check-in record counts by status.,Functional,report,well-formed,0,0,,1,,16,
REQ-01457,Event Management,The system shall maintain an audit log of every change made to a check-in record.,Functional,audit,well-formed,0,0,,1,,15,
REQ-01458,Event Management,The system shall allow attendees to filter the list of tickets by status.,Functional,search,well-formed,0,0,,1,,13,
REQ-01459,Event Management,The system shall allow attendees to attach a supporting document to a ticket.,Functional,attachment,well-formed,0,0,,1,,13,
REQ-01460,Event Management,The system shall allow attendees to search for a sponsor entry by date.,Functional,search,well-formed,0,0,,1,,13,
REQ-01461,Event Management,The system shall allow attendees to update an existing venue record.,Functional,update,well-formed,0,0,,1,,11,
REQ-01462,Event Management,The system shall allow attendees to delete a session schedule that is no longer required.,Functional,delete,well-formed,0,0,,1,,15,
REQ-01463,Event Management,The system shall allow attendees to save a sponsor entry for later use.,Functional,duplicate-pair,well-formed,0,0,EVE-DUP-1,1,,13,original of a near-duplicate pair
REQ-01464,Event Management,The system shall allow attendees to bookmark a sponsor entry for future reference.,Functional,duplicate-pair,duplicate,0,1,EVE-DUP-1,0,,13,restates the requirement above
REQ-01465,Event Management,The system shall allow attendees to cancel a refund request before it is processed.,Functional,duplicate-pair,well-formed,0,0,EVE-DUP-2,1,,14,original of a near-duplicate pair
REQ-01466,Event Management,The system shall allow attendees to withdraw a refund request prior to processing.,Functional,duplicate-pair,duplicate,0,1,EVE-DUP-2,0,,13,restates the requirement above
REQ-01467,Event Management,The system shall allow attendees to search for a check-in record by date.,Functional,duplicate-pair,well-formed,0,0,EVE-DUP-3,1,,13,original of a near-duplicate pair
REQ-01468,Event Management,The system shall provide a search facility that locates a check-in record using date.,Functional,duplicate-pair,duplicate,0,1,EVE-DUP-3,0,,14,restates the requirement above
REQ-01469,Event Management,The system shall send a confirmation message once a attendee feedback is submitted.,Functional,duplicate-pair,well-formed,0,0,EVE-DUP-4,1,,13,original of a near-duplicate pair
REQ-01470,Event Management,The system shall notify the attendee after a attendee feedback has been submitted successfully.,Functional,duplicate-pair,duplicate,0,1,EVE-DUP-4,0,,14,restates the requirement above
REQ-01471,Event Management,The system shall allow event organisers to remove a attendee feedback from the system.,Functional,duplicate-pair,well-formed,0,0,EVE-DUP-5,1,,14,original of a near-duplicate pair
REQ-01472,Event Management,The system shall allow event organisers to delete an existing attendee feedback record.,Functional,duplicate-pair,duplicate,0,1,EVE-DUP-5,0,,13,restates the requirement above
REQ-01473,Event Management,The system shall allow attendees to rate a completed ticket from one to five stars.,Functional,duplicate-pair,well-formed,0,0,EVE-DUP-6,1,,15,original of a near-duplicate pair
REQ-01474,Event Management,The system shall allow attendees to give a star rating between one and five for a finished ticket.,Functional,duplicate-pair,duplicate,0,1,EVE-DUP-6,0,,18,restates the requirement above
REQ-01475,Event Management,The system shall handle venue records appropriately.,Functional,under-specified,ambiguous,1,0,,0,appropriate|appropriately,7,
REQ-01476,Event Management,The system shall manage seat allocations in an efficient manner.,Functional,under-specified,ambiguous,1,0,,0,efficient,10,
REQ-01477,Event Management,The system shall process a seat allocation as quickly as possible.,Functional,under-specified,ambiguous,1,0,,0,as quickly as possible|quickly,11,
REQ-01478,Event Management,The system should support various operations on tickets as needed.,Functional,under-specified,ambiguous,1,0,,0,as needed|various,10,
REQ-01479,Event Management,The system shall provide adequate options for managing event listings.,Functional,under-specified,ambiguous,1,0,,0,adequate,10,
REQ-01480,Event Management,The system shall display suitable information about each venue record.,Functional,under-specified,ambiguous,1,0,,0,suitable,10,
REQ-01481,Event Management,The system shall deal with invalid event listing data properly.,Functional,under-specified,ambiguous,1,0,,0,properly,10,
REQ-01482,Event Management,The system shall support most of the common actions on a refund request.,Functional,under-specified,ambiguous,1,0,,0,common|most,13,
REQ-01483,Event Management,The system shall provide appropriate error messages when something goes wrong with a refund request.,Functional,under-specified,ambiguous,1,0,,0,appropriate|something goes wrong,15,
REQ-01484,Event Management,The system shall be able to work with a reasonable number of venue records.,Functional,under-specified,ambiguous,1,0,,0,reasonable,14,
REQ-01485,Event Management,The system shall retain attendee feedback records for 7 years before permanent deletion.,Non-Functional,Compliance,well-formed,0,0,,1,,13,
REQ-01486,Event Management,The system shall process at least 200 ticket submissions per minute at peak load.,Non-Functional,Performance,well-formed,0,0,,1,,14,
REQ-01487,Event Management,The system shall display any session schedule search result within 2 seconds for 95 percent of requests.,Non-Functional,Performance,well-formed,0,0,,1,,17,
REQ-01488,Event Management,The system shall recover and resume an interrupted ticket submission within 10 seconds of reconnection.,Non-Functional,Reliability,well-formed,0,0,,1,,15,
REQ-01489,Event Management,The system shall allow a attendee to download all personal data held about them within 48 hours of request.,Non-Functional,Compliance,well-formed,0,0,,1,,19,
REQ-01490,Event Management,The system shall take an automated backup of the venue record database every 6 hours.,Non-Functional,Reliability,well-formed,0,0,,1,,15,
REQ-01491,Event Management,The system shall expose all event listing operations through a documented REST API.,Non-Functional,Interoperability,well-formed,0,0,,1,,13,
REQ-01492,Event Management,The system shall allow a new attendee to complete a ticket within 3 minutes without external assistance.,Non-Functional,Usability,well-formed,0,0,,1,,17,
REQ-01493,Event Management,The system should be user-friendly and easy to use for all attendees.,Non-Functional,Usability,ambiguous,1,0,,0,easy|user-friendly,12,
REQ-01494,Event Management,The system shall be secure and protect attendee data appropriately.,Non-Functional,Security,ambiguous,1,0,,0,appropriate|appropriately,10,
REQ-01495,Event Management,The system shall load session schedule pages quickly.,Non-Functional,Performance,ambiguous,1,0,,0,quickly,8,
REQ-01496,Event Management,The system shall display the current status of each event listing on the attendee dashboard.,Functional,read,well-formed,0,0,,1,,15,
REQ-01497,Event Management,The system shall allow attendees to sort the list of session schedules by date of creation.,Functional,search,well-formed,0,0,,1,,16,
REQ-01498,Event Management,The system shall allow attendees to download a seat allocation as a PDF document.,Functional,export,well-formed,0,0,,1,,14,
REQ-01499,Event Management,The system shall send an email notification to the attendee when a speaker profile is created.,Functional,notify,well-formed,0,0,,1,,16,
REQ-01500,Event Management,The system shall maintain an audit log of every change made to a ticket.,Functional,audit,well-formed,0,0,,1,,14,
REQ-01501,Real Estate Portal,The system shall allow portal administrators to assign roles and permissions to a user account.,Functional,authorization,well-formed,0,0,,1,,15,
REQ-01502,Real Estate Portal,The system shall allow buyers to pay for a listing using a credit or debit card.,Functional,payment,well-formed,0,0,,1,,16,
REQ-01503,Real Estate Portal,The system shall allow buyers to pay for a listing using a UPI transaction.,Functional,payment,well-formed,0,0,,1,,14,
REQ-01504,Real Estate Portal,The system shall generate a printable invoice for every completed listing.,Functional,payment,well-formed,0,0,,1,,11,
REQ-01505,Real Estate Portal,The system shall allow buyers to request a refund for a cancelled listing.,Functional,payment,well-formed,0,0,,1,,13,
REQ-01506,Real Estate Portal,The system shall allow portal administrators to apply a discount to a listing before payment.,Functional,payment,well-formed,0,0,,1,,15,
REQ-01507,Real Estate Portal,The system shall allow buyers to view the payment history of all past listings.,Functional,payment,well-formed,0,0,,1,,14,
REQ-01508,Real Estate Portal,The system shall mark a listing as failed if the payment gateway returns an error.,Functional,payment,well-formed,0,0,,1,,15,
REQ-01509,Real Estate Portal,The system shall allow portal administrators to view a dashboard summarising listing photo set counts by status.,Functional,report,well-formed,0,0,,1,,17,
REQ-01510,Real Estate Portal,The system shall allow portal administrators to archive a site visit request older than one year.,Functional,archival,well-formed,0,0,,1,,16,
REQ-01511,Real Estate Portal,The system shall prevent a buyer from submitting a duplicate document upload.,Functional,validation,well-formed,0,0,,1,,12,
REQ-01512,Real Estate Portal,The system shall allow portal administrators to approve a price alert submitted by a buyer.,Functional,workflow,well-formed,0,0,,1,,15,
REQ-01513,Real Estate Portal,The system shall allow buyers to search for a locality report by locality.,Functional,search,well-formed,0,0,,1,,13,
REQ-01514,Real Estate Portal,The system shall allow buyers to search for a agent profile by locality.,Functional,search,well-formed,0,0,,1,,13,
REQ-01515,Real Estate Portal,The system shall allow buyers to sort the list of ownership records by date of creation.,Functional,search,well-formed,0,0,,1,,16,
REQ-01516,Real Estate Portal,The system shall allow portal administrators to approve a site visit request submitted by a buyer.,Functional,workflow,well-formed,0,0,,1,,16,
REQ-01517,Real Estate Portal,The system shall allow buyers to sort the list of price alerts by date of creation.,Functional,search,well-formed,0,0,,1,,16,
REQ-01518,Real Estate Portal,The system shall record the date and time at which each shortlisted property is modified.,Functional,audit,well-formed,0,0,,1,,15,
REQ-01519,Real Estate Portal,The system shall allow buyers to update an existing shortlisted property.,Functional,update,well-formed,0,0,,1,,11,
REQ-01520,Real Estate Portal,The system shall allow portal administrators to view a dashboard summarising agent profile counts by status.,Functional,report,well-formed,0,0,,1,,16,
REQ-01521,Real Estate Portal,The system shall restrict access to a site visit request to the buyer who created it.,Functional,authorization,well-formed,0,0,,1,,16,
REQ-01522,Real Estate Portal,The system shall display a paginated list of site visit requests with twenty entries per page.,Functional,read,well-formed,0,0,,1,,16,
REQ-01523,Real Estate Portal,The system shall send an SMS alert to the buyer when the status of a price alert changes.,Functional,notify,well-formed,0,0,,1,,18,
REQ-01524,Real Estate Portal,The system shall allow buyers to create a new ownership record.,Functional,create,well-formed,0,0,,1,,11,
REQ-01525,Real Estate Portal,The system shall allow buyers to update an existing ownership record.,Functional,update,well-formed,0,0,,1,,11,
REQ-01526,Real Estate Portal,The system shall allow buyers to create a new agent profile.,Functional,create,well-formed,0,0,,1,,11,
REQ-01527,Real Estate Portal,The system shall allow buyers to add a comment to a locality report.,Functional,collaboration,well-formed,0,0,,1,,13,
REQ-01528,Real Estate Portal,The system shall allow buyers to update an existing listing photo set.,Functional,update,well-formed,0,0,,1,,12,
REQ-01529,Real Estate Portal,The system shall record the date and time at which each agent profile is modified.,Functional,audit,well-formed,0,0,,1,,15,
REQ-01530,Real Estate Portal,The system shall allow buyers to create a new listing photo set.,Functional,create,well-formed,0,0,,1,,12,
REQ-01531,Real Estate Portal,The system shall allow buyers to update an existing document upload.,Functional,update,well-formed,0,0,,1,,11,
REQ-01532,Real Estate Portal,The system shall allow buyers to update an existing site visit request.,Functional,update,well-formed,0,0,,1,,12,
REQ-01533,Real Estate Portal,The system shall allow buyers to view the details of a selected loan enquiry.,Functional,read,well-formed,0,0,,1,,14,
REQ-01534,Real Estate Portal,The system shall allow portal administrators to view a dashboard summarising loan enquiry counts by status.,Functional,report,well-formed,0,0,,1,,16,
REQ-01535,Real Estate Portal,The system shall allow buyers to filter the list of price alerts by status.,Functional,search,well-formed,0,0,,1,,14,
REQ-01536,Real Estate Portal,The system shall allow portal administrators to reject a property listing with a mandatory reason.,Functional,workflow,well-formed,0,0,,1,,15,
REQ-01537,Real Estate Portal,The system shall allow buyers to attach a supporting document to a loan enquiry.,Functional,attachment,well-formed,0,0,,1,,14,
REQ-01538,Real Estate Portal,The system shall allow buyers to view the details of a selected shortlisted property.,Functional,read,well-formed,0,0,,1,,14,
REQ-01539,Real Estate Portal,The system shall restrict access to a property listing to the buyer who created it.,Functional,authorization,well-formed,0,0,,1,,15,
REQ-01540,Real Estate Portal,The system shall allow buyers to delete a ownership record that is no longer required.,Functional,delete,well-formed,0,0,,1,,15,
REQ-01541,Real Estate Portal,The system shall allow buyers to delete a locality report that is no longer required.,Functional,delete,well-formed,0,0,,1,,15,
REQ-01542,Real Estate Portal,The system shall allow buyers to attach a supporting document to a price alert.,Functional,attachment,well-formed,0,0,,1,,14,
REQ-01543,Real Estate Portal,The system shall display a paginated list of document uploads with twenty entries per page.,Functional,read,well-formed,0,0,,1,,15,
REQ-01544,Real Estate Portal,The system shall allow portal administrators to archive a agent profile older than one year.,Functional,archival,well-formed,0,0,,1,,15,
REQ-01545,Real Estate Portal,The system shall validate all mandatory fields of a price alert before saving it.,Functional,validation,well-formed,0,0,,1,,14,
REQ-01546,Real Estate Portal,The system shall prevent a buyer from submitting a duplicate locality report.,Functional,validation,well-formed,0,0,,1,,12,
REQ-01547,Real Estate Portal,The system shall allow portal administrators to reject a loan enquiry with a mandatory reason.,Functional,workflow,well-formed,0,0,,1,,15,
REQ-01548,Real Estate Portal,The system shall allow buyers to update an existing loan enquiry.,Functional,update,well-formed,0,0,,1,,11,
REQ-01549,Real Estate Portal,The system shall allow portal administrators to reject a site visit request with a mandatory reason.,Functional,workflow,well-formed,0,0,,1,,16,
REQ-01550,Real Estate Portal,The system shall allow buyers to export the list of locality reports as a CSV file.,Functional,export,well-formed,0,0,,1,,16,
REQ-01551,Real Estate Portal,The system shall allow portal administrators to view a dashboard summarising locality report counts by status.,Functional,report,well-formed,0,0,,1,,16,
REQ-01552,Real Estate Portal,The system shall allow portal administrators to generate a monthly report of all listing photo sets.,Functional,report,well-formed,0,0,,1,,16,
REQ-01553,Real Estate Portal,The system shall validate all mandatory fields of a locality report before saving it.,Functional,validation,well-formed,0,0,,1,,14,
REQ-01554,Real Estate Portal,The system shall allow buyers to add a comment to a site visit request.,Functional,collaboration,well-formed,0,0,,1,,14,
REQ-01555,Real Estate Portal,The system shall allow buyers to delete a loan enquiry that is no longer required.,Functional,delete,well-formed,0,0,,1,,15,
REQ-01556,Real Estate Portal,The system shall validate all mandatory fields of a loan enquiry before saving it.,Functional,validation,well-formed,0,0,,1,,14,
REQ-01557,Real Estate Portal,The system shall allow buyers to create a new locality report.,Functional,create,well-formed,0,0,,1,,11,
REQ-01558,Real Estate Portal,The system shall send an email notification to the buyer when a property listing is created.,Functional,notify,well-formed,0,0,,1,,16,
REQ-01559,Real Estate Portal,The system shall allow buyers to sort the list of agent profiles by date of creation.,Functional,search,well-formed,0,0,,1,,16,
REQ-01560,Real Estate Portal,The system shall allow portal administrators to generate a monthly report of all document uploads.,Functional,report,well-formed,0,0,,1,,15,
REQ-01561,Real Estate Portal,The system shall allow buyers to create a new site visit request.,Functional,create,well-formed,0,0,,1,,12,
REQ-01562,Real Estate Portal,The system shall allow buyers to view the details of a selected price alert.,Functional,read,well-formed,0,0,,1,,14,
REQ-01563,Real Estate Portal,The system shall allow buyers to save a listing photo set for later use.,Functional,duplicate-pair,well-formed,0,0,REA-DUP-1,1,,14,original of a near-duplicate pair
REQ-01564,Real Estate Portal,The system shall allow buyers to bookmark a listing photo set for future reference.,Functional,duplicate-pair,duplicate,0,1,REA-DUP-1,0,,14,restates the requirement above
REQ-01565,Real Estate Portal,The system shall allow buyers to cancel a listing photo set before it is processed.,Functional,duplicate-pair,well-formed,0,0,REA-DUP-2,1,,15,original of a near-duplicate pair
REQ-01566,Real Estate Portal,The system shall allow buyers to withdraw a listing photo set prior to processing.,Functional,duplicate-pair,duplicate,0,1,REA-DUP-2,0,,14,restates the requirement above
REQ-01567,Real Estate Portal,The system shall allow buyers to search for a ownership record by budget range.,Functional,duplicate-pair,well-formed,0,0,REA-DUP-3,1,,14,original of a near-duplicate pair
REQ-01568,Real Estate Portal,The system shall provide a search facility that locates a ownership record using budget range.,Functional,duplicate-pair,duplicate,0,1,REA-DUP-3,0,,15,restates the requirement above
REQ-01569,Real Estate Portal,The system shall send a confirmation message once a site visit request is submitted.,Functional,duplicate-pair,well-formed,0,0,REA-DUP-4,1,,14,original of a near-duplicate pair
REQ-01570,Real Estate Portal,The system shall notify the buyer after a site visit request has been submitted successfully.,Functional,duplicate-pair,duplicate,0,1,REA-DUP-4,0,,15,restates the requirement above
REQ-01571,Real Estate Portal,The system shall allow portal administrators to remove a loan enquiry from the system.,Functional,duplicate-pair,well-formed,0,0,REA-DUP-5,1,,14,original of a near-duplicate pair
REQ-01572,Real Estate Portal,The system shall allow portal administrators to delete an existing loan enquiry record.,Functional,duplicate-pair,duplicate,0,1,REA-DUP-5,0,,13,restates the requirement above
REQ-01573,Real Estate Portal,The system shall allow buyers to rate a completed listing from one to five stars.,Functional,duplicate-pair,well-formed,0,0,REA-DUP-6,1,,15,original of a near-duplicate pair
REQ-01574,Real Estate Portal,The system shall allow buyers to give a star rating between one and five for a finished listing.,Functional,duplicate-pair,duplicate,0,1,REA-DUP-6,0,,18,restates the requirement above
REQ-01575,Real Estate Portal,The system shall handle price alerts appropriately.,Functional,under-specified,ambiguous,1,0,,0,appropriate|appropriately,7,
REQ-01576,Real Estate Portal,The system shall manage ownership records in an efficient manner.,Functional,under-specified,ambiguous,1,0,,0,efficient,10,
REQ-01577,Real Estate Portal,The system shall process a document upload as quickly as possible.,Functional,under-specified,ambiguous,1,0,,0,as quickly as possible|quickly,11,
REQ-01578,Real Estate Portal,The system should support various operations on loan enquirys as needed.,Functional,under-specified,ambiguous,1,0,,0,as needed|various,11,
REQ-01579,Real Estate Portal,The system shall provide adequate options for managing property listings.,Functional,under-specified,ambiguous,1,0,,0,adequate,10,
REQ-01580,Real Estate Portal,The system shall display suitable information about each loan enquiry.,Functional,under-specified,ambiguous,1,0,,0,suitable,10,
REQ-01581,Real Estate Portal,The system shall deal with invalid listing photo set data properly.,Functional,under-specified,ambiguous,1,0,,0,properly,11,
REQ-01582,Real Estate Portal,The system shall support most of the common actions on a agent profile.,Functional,under-specified,ambiguous,1,0,,0,common|most,13,
REQ-01583,Real Estate Portal,The system shall provide appropriate error messages when something goes wrong with a price alert.,Functional,under-specified,ambiguous,1,0,,0,appropriate|something goes wrong,15,
REQ-01584,Real Estate Portal,The system shall be able to work with a reasonable number of locality reports.,Functional,under-specified,ambiguous,1,0,,0,reasonable,14,
REQ-01585,Real Estate Portal,The system shall display any shortlisted property search result within 2 seconds for 95 percent of requests.,Non-Functional,Performance,well-formed,0,0,,1,,17,
REQ-01586,Real Estate Portal,The system shall take an automated backup of the site visit request database every 6 hours.,Non-Functional,Reliability,well-formed,0,0,,1,,16,
REQ-01587,Real Estate Portal,The system shall allow a new buyer to complete a listing within 3 minutes without external assistance.,Non-Functional,Usability,well-formed,0,0,,1,,17,
REQ-01588,Real Estate Portal,The system shall recover and resume an interrupted listing submission within 10 seconds of reconnection.,Non-Functional,Reliability,well-formed,0,0,,1,,15,
REQ-01589,Real Estate Portal,The system shall expose all site visit request operations through a documented REST API.,Non-Functional,Interoperability,well-formed,0,0,,1,,14,
REQ-01590,Real Estate Portal,The system shall retain property listing records for 7 years before permanent deletion.,Non-Functional,Compliance,well-formed,0,0,,1,,13,
REQ-01591,Real Estate Portal,The system shall allow a buyer to download all personal data held about them within 48 hours of request.,Non-Functional,Compliance,well-formed,0,0,,1,,19,
REQ-01592,Real Estate Portal,The system shall process at least 200 listing submissions per minute at peak load.,Non-Functional,Performance,well-formed,0,0,,1,,14,
REQ-01593,Real Estate Portal,The system should be user-friendly and easy to use for all buyers.,Non-Functional,Usability,ambiguous,1,0,,0,easy|user-friendly,12,
REQ-01594,Real Estate Portal,The system shall be secure and protect buyer data appropriately.,Non-Functional,Security,ambiguous,1,0,,0,appropriate|appropriately,10,
REQ-01595,Real Estate Portal,The system shall load ownership record pages quickly.,Non-Functional,Performance,ambiguous,1,0,,0,quickly,8,
REQ-01596,Real Estate Portal,The system shall allow buyers to view the details of a selected agent profile.,Functional,read,well-formed,0,0,,1,,14,
REQ-01597,Real Estate Portal,The system shall restrict access to a listing photo set to the buyer who created it.,Functional,authorization,well-formed,0,0,,1,,16,
REQ-01598,Real Estate Portal,The system shall allow portal administrators to view a dashboard summarising document upload counts by status.,Functional,report,well-formed,0,0,,1,,16,
REQ-01599,Real Estate Portal,The system shall allow buyers to search for a ownership record by property type.,Functional,search,well-formed,0,0,,1,,14,
REQ-01600,Real Estate Portal,The system shall allow portal administrators to approve a agent profile submitted by a buyer.,Functional,workflow,well-formed,0,0,,1,,15,
REQ-01601,Crop Advisory,The system shall allow agriculture officers to assign roles and permissions to a user account.,Functional,authorization,well-formed,0,0,,1,,15,
REQ-01602,Crop Advisory,The system shall allow agriculture officers to view a dashboard summarising fertiliser recommendation counts by status.,Functional,report,well-formed,0,0,,1,,16,
REQ-01603,Crop Advisory,The system shall maintain an audit log of every change made to a crop record.,Functional,audit,well-formed,0,0,,1,,15,
REQ-01604,Crop Advisory,The system shall maintain an audit log of every change made to a fertiliser recommendation.,Functional,audit,well-formed,0,0,,1,,15,
REQ-01605,Crop Advisory,The system shall validate all mandatory fields of a weather advisory before saving it.,Functional,validation,well-formed,0,0,,1,,14,
REQ-01606,Crop Advisory,The system shall allow farmers to create a new crop record.,Functional,create,well-formed,0,0,,1,,11,
REQ-01607,Crop Advisory,The system shall allow agriculture officers to archive a soil test report older than one year.,Functional,archival,well-formed,0,0,,1,,16,
REQ-01608,Crop Advisory,The system shall restrict access to a soil test report to the farmer who created it.,Functional,authorization,well-formed,0,0,,1,,16,
REQ-01609,Crop Advisory,The system shall display a paginated list of weather advisorys with twenty entries per page.,Functional,read,well-formed,0,0,,1,,15,
REQ-01610,Crop Advisory,The system shall allow farmers to add a comment to a harvest log.,Functional,collaboration,well-formed,0,0,,1,,13,
REQ-01611,Crop Advisory,The system shall allow farmers to attach a supporting document to a fertiliser recommendation.,Functional,attachment,well-formed,0,0,,1,,14,
REQ-01612,Crop Advisory,The system shall allow farmers to add a comment to a subsidy application.,Functional,collaboration,well-formed,0,0,,1,,13,
REQ-01613,Crop Advisory,The system shall record the date and time at which each market price entry is modified.,Functional,audit,well-formed,0,0,,1,,16,
REQ-01614,Crop Advisory,The system shall allow agriculture officers to reject a fertiliser recommendation with a mandatory reason.,Functional,workflow,well-formed,0,0,,1,,15,
REQ-01615,Crop Advisory,The system shall display the current status of each irrigation schedule on the farmer dashboard.,Functional,read,well-formed,0,0,,1,,15,
REQ-01616,Crop Advisory,The system shall allow farmers to view the details of a selected harvest log.,Functional,read,well-formed,0,0,,1,,14,
REQ-01617,Crop Advisory,The system shall allow farmers to delete a market price entry that is no longer required.,Functional,delete,well-formed,0,0,,1,,16,
REQ-01618,Crop Advisory,The system shall allow farmers to delete a fertiliser recommendation that is no longer required.,Functional,delete,well-formed,0,0,,1,,15,
REQ-01619,Crop Advisory,The system shall allow farmers to sort the list of irrigation schedules by date of creation.,Functional,search,well-formed,0,0,,1,,16,
REQ-01620,Crop Advisory,The system shall send an email notification to the farmer when a harvest log is created.,Functional,notify,well-formed,0,0,,1,,16,
REQ-01621,Crop Advisory,The system shall prevent a farmer from submitting a duplicate harvest log.,Functional,validation,well-formed,0,0,,1,,12,
REQ-01622,Crop Advisory,The system shall allow agriculture officers to reject a equipment rental request with a mandatory reason.,Functional,workflow,well-formed,0,0,,1,,16,
REQ-01623,Crop Advisory,The system shall allow farmers to download a market price entry as a PDF document.,Functional,export,well-formed,0,0,,1,,15,
REQ-01624,Crop Advisory,The system shall allow farmers to filter the list of equipment rental requests by status.,Functional,search,well-formed,0,0,,1,,15,
REQ-01625,Crop Advisory,The system shall allow farmers to add a comment to a pest alert.,Functional,collaboration,well-formed,0,0,,1,,13,
REQ-01626,Crop Advisory,The system shall display the current status of each equipment rental request on the farmer dashboard.,Functional,read,well-formed,0,0,,1,,16,
REQ-01627,Crop Advisory,The system shall allow agriculture officers to archive a subsidy application older than one year.,Functional,archival,well-formed,0,0,,1,,15,
REQ-01628,Crop Advisory,The system shall allow farmers to search for a market price entry by district.,Functional,search,well-formed,0,0,,1,,14,
REQ-01629,Crop Advisory,The system shall allow farmers to sort the list of market price entrys by date of creation.,Functional,search,well-formed,0,0,,1,,17,
REQ-01630,Crop Advisory,The system shall send an email notification to the farmer when a pest alert is created.,Functional,notify,well-formed,0,0,,1,,16,
REQ-01631,Crop Advisory,The system shall allow agriculture officers to approve a harvest log submitted by a farmer.,Functional,workflow,well-formed,0,0,,1,,15,
REQ-01632,Crop Advisory,The system shall allow farmers to view the details of a selected market price entry.,Functional,read,well-formed,0,0,,1,,15,
REQ-01633,Crop Advisory,The system shall allow farmers to search for a weather advisory by crop name.,Functional,search,well-formed,0,0,,1,,14,
REQ-01634,Crop Advisory,The system shall display a paginated list of soil test reports with twenty entries per page.,Functional,read,well-formed,0,0,,1,,16,
REQ-01635,Crop Advisory,The system shall restrict access to a irrigation schedule to the farmer who created it.,Functional,authorization,well-formed,0,0,,1,,15,
REQ-01636,Crop Advisory,The system shall display the current status of each market price entry on the farmer dashboard.,Functional,read,well-formed,0,0,,1,,16,
REQ-01637,Crop Advisory,The system shall display a paginated list of crop records with twenty entries per page.,Functional,read,well-formed,0,0,,1,,15,
REQ-01638,Crop Advisory,The system shall allow agriculture officers to view a dashboard summarising subsidy application counts by status.,Functional,report,well-formed,0,0,,1,,16,
REQ-01639,Crop Advisory,The system shall prevent a farmer from submitting a duplicate subsidy application.,Functional,validation,well-formed,0,0,,1,,12,
REQ-01640,Crop Advisory,The system shall allow farmers to sort the list of weather advisorys by date of creation.,Functional,search,well-formed,0,0,,1,,16,
REQ-01641,Crop Advisory,The system shall allow agriculture officers to generate a monthly report of all market price entrys.,Functional,report,well-formed,0,0,,1,,16,
REQ-01642,Crop Advisory,The system shall allow farmers to create a new subsidy application.,Functional,create,well-formed,0,0,,1,,11,
REQ-01643,Crop Advisory,The system shall allow agriculture officers to view a dashboard summarising irrigation schedule counts by status.,Functional,report,well-formed,0,0,,1,,16,
REQ-01644,Crop Advisory,The system shall allow agriculture officers to reject a soil test report with a mandatory reason.,Functional,workflow,well-formed,0,0,,1,,16,
REQ-01645,Crop Advisory,The system shall restrict access to a subsidy application to the farmer who created it.,Functional,authorization,well-formed,0,0,,1,,15,
REQ-01646,Crop Advisory,The system shall allow farmers to search for a subsidy application by district.,Functional,search,well-formed,0,0,,1,,13,
REQ-01647,Crop Advisory,The system shall allow farmers to search for a crop record by crop name.,Functional,search,well-formed,0,0,,1,,14,
REQ-01648,Crop Advisory,The system shall prevent a farmer from submitting a duplicate equipment rental request.,Functional,validation,well-formed,0,0,,1,,13,
REQ-01649,Crop Advisory,The system shall allow farmers to search for a harvest log by season.,Functional,search,well-formed,0,0,,1,,13,
REQ-01650,Crop Advisory,The system shall allow farmers to download a soil test report as a PDF document.,Functional,export,well-formed,0,0,,1,,15,
REQ-01651,Crop Advisory,The system shall allow agriculture officers to generate a monthly report of all crop records.,Functional,report,well-formed,0,0,,1,,15,
REQ-01652,Crop Advisory,The system shall record the date and time at which each equipment rental request is modified.,Functional,audit,well-formed,0,0,,1,,16,
REQ-01653,Crop Advisory,The system shall allow agriculture officers to reject a pest alert with a mandatory reason.,Functional,workflow,well-formed,0,0,,1,,15,
REQ-01654,Crop Advisory,The system shall allow farmers to add a comment to a equipment rental request.,Functional,collaboration,well-formed,0,0,,1,,14,
REQ-01655,Crop Advisory,The system shall record the date and time at which each irrigation schedule is modified.,Functional,audit,well-formed,0,0,,1,,15,
REQ-01656,Crop Advisory,The system shall allow farmers to delete a subsidy application that is no longer required.,Functional,delete,well-formed,0,0,,1,,15,
REQ-01657,Crop Advisory,The system shall record the date and time at which each weather advisory is modified.,Functional,audit,well-formed,0,0,,1,,15,
REQ-01658,Crop Advisory,The system shall display the current status of each pest alert on the farmer dashboard.,Functional,read,well-formed,0,0,,1,,15,
REQ-01659,Crop Advisory,The system shall send an SMS alert to the farmer when the status of a subsidy application changes.,Functional,notify,well-formed,0,0,,1,,18,
REQ-01660,Crop Advisory,The system shall display the current status of each weather advisory on the farmer dashboard.,Functional,read,well-formed,0,0,,1,,15,
REQ-01661,Crop Advisory,The system shall allow farmers to create a new harvest log.,Functional,create,well-formed,0,0,,1,,11,
REQ-01662,Crop Advisory,The system shall allow farmers to view the details of a selected soil test report.,Functional,read,well-formed,0,0,,1,,15,
REQ-01663,Crop Advisory,The system shall allow farmers to save a crop record for later use.,Functional,duplicate-pair,well-formed,0,0,CRO-DUP-1,1,,13,original of a near-duplicate pair
REQ-01664,Crop Advisory,The system shall allow farmers to bookmark a crop record for future reference.,Functional,duplicate-pair,duplicate,0,1,CRO-DUP-1,0,,13,restates the requirement above
REQ-01665,Crop Advisory,The system shall allow farmers to cancel a weather advisory before it is processed.,Functional,duplicate-pair,well-formed,0,0,CRO-DUP-2,1,,14,original of a near-duplicate pair
REQ-01666,Crop Advisory,The system shall allow farmers to withdraw a weather advisory prior to processing.,Functional,duplicate-pair,duplicate,0,1,CRO-DUP-2,0,,13,restates the requirement above
REQ-01667,Crop Advisory,The system shall send a confirmation message once a soil test report is submitted.,Functional,duplicate-pair,well-formed,0,0,CRO-DUP-3,1,,14,original of a near-duplicate pair
REQ-01668,Crop Advisory,The system shall notify the farmer after a soil test report has been submitted successfully.,Functional,duplicate-pair,duplicate,0,1,CRO-DUP-3,0,,15,restates the requirement above
REQ-01669,Crop Advisory,The system shall allow agriculture officers to remove a equipment rental request from the system.,Functional,duplicate-pair,well-formed,0,0,CRO-DUP-4,1,,15,original of a near-duplicate pair
REQ-01670,Crop Advisory,The system shall allow agriculture officers to delete an existing equipment rental request record.,Functional,duplicate-pair,duplicate,0,1,CRO-DUP-4,0,,14,restates the requirement above
REQ-01671,Crop Advisory,The system shall allow farmers to rate a completed crop record from one to five stars.,Functional,duplicate-pair,well-formed,0,0,CRO-DUP-5,1,,16,original of a near-duplicate pair
REQ-01672,Crop Advisory,The system shall allow farmers to give a star rating between one and five for a finished crop record.,Functional,duplicate-pair,duplicate,0,1,CRO-DUP-5,0,,19,restates the requirement above
REQ-01673,Crop Advisory,The system shall handle market price entrys appropriately.,Functional,under-specified,ambiguous,1,0,,0,appropriate|appropriately,8,
REQ-01674,Crop Advisory,The system shall manage fertiliser recommendations in an efficient manner.,Functional,under-specified,ambiguous,1,0,,0,efficient,10,
REQ-01675,Crop Advisory,The system shall process a irrigation schedule as quickly as possible.,Functional,under-specified,ambiguous,1,0,,0,as quickly as possible|quickly,11,
REQ-01676,Crop Advisory,The system should support various operations on weather advisorys as needed.,Functional,under-specified,ambiguous,1,0,,0,as needed|various,11,
REQ-01677,Crop Advisory,The system shall provide adequate options for managing crop records.,Functional,under-specified,ambiguous,1,0,,0,adequate,10,
REQ-01678,Crop Advisory,The system shall display suitable information about each market price entry.,Functional,under-specified,ambiguous,1,0,,0,suitable,11,
REQ-01679,Crop Advisory,The system shall deal with invalid market price entry data properly.,Functional,under-specified,ambiguous,1,0,,0,properly,11,
REQ-01680,Crop Advisory,The system shall support most of the common actions on a harvest log.,Functional,under-specified,ambiguous,1,0,,0,common|most,13,
REQ-01681,Crop Advisory,The system shall provide appropriate error messages when something goes wrong with a equipment rental request.,Functional,under-specified,ambiguous,1,0,,0,appropriate|something goes wrong,16,
REQ-01682,Crop Advisory,The system shall be able to work with a reasonable number of irrigation schedules.,Functional,under-specified,ambiguous,1,0,,0,reasonable,14,
REQ-01683,Crop Advisory,The system shall allow farmers to do the usual things with their fertiliser recommendations.,Functional,under-specified,ambiguous,1,0,,0,usual,14,
REQ-01684,Crop Advisory,The system shall handle equipment rental request errors and other similar issues.,Functional,under-specified,ambiguous,1,0,,0,other similar issues,12,
REQ-01685,Crop Advisory,The system shall take an automated backup of the irrigation schedule database every 6 hours.,Non-Functional,Reliability,well-formed,0,0,,1,,15,
REQ-01686,Crop Advisory,The system shall retain market price entry records for 7 years before permanent deletion.,Non-Functional,Compliance,well-formed,0,0,,1,,14,
REQ-01687,Crop Advisory,The system shall expose all harvest log operations through a documented REST API.,Non-Functional,Interoperability,well-formed,0,0,,1,,13,
REQ-01688,Crop Advisory,The system shall recover and resume an interrupted crop record submission within 10 seconds of reconnection.,Non-Functional,Reliability,well-formed,0,0,,1,,16,
REQ-01689,Crop Advisory,The system shall process at least 200 crop record submissions per minute at peak load.,Non-Functional,Performance,well-formed,0,0,,1,,15,
REQ-01690,Crop Advisory,The system shall allow a new farmer to complete a crop record within 3 minutes without external assistance.,Non-Functional,Usability,well-formed,0,0,,1,,18,
REQ-01691,Crop Advisory,The system shall allow a farmer to download all personal data held about them within 48 hours of request.,Non-Functional,Compliance,well-formed,0,0,,1,,19,
REQ-01692,Crop Advisory,The system shall display any harvest log search result within 2 seconds for 95 percent of requests.,Non-Functional,Performance,well-formed,0,0,,1,,17,
REQ-01693,Crop Advisory,The system should be user-friendly and easy to use for all farmers.,Non-Functional,Usability,ambiguous,1,0,,0,easy|user-friendly,12,
REQ-01694,Crop Advisory,The system shall be secure and protect farmer data appropriately.,Non-Functional,Security,ambiguous,1,0,,0,appropriate|appropriately,10,
REQ-01695,Crop Advisory,The system shall load harvest log pages quickly.,Non-Functional,Performance,ambiguous,1,0,,0,quickly,8,
REQ-01696,Crop Advisory,The system shall restrict access to a crop record to the farmer who created it.,Functional,authorization,well-formed,0,0,,1,,15,
REQ-01697,Crop Advisory,The system shall allow farmers to attach a supporting document to a soil test report.,Functional,attachment,well-formed,0,0,,1,,15,
REQ-01698,Crop Advisory,The system shall allow agriculture officers to archive a pest alert older than one year.,Functional,archival,well-formed,0,0,,1,,15,
REQ-01699,Crop Advisory,The system shall allow agriculture officers to reject a crop record with a mandatory reason.,Functional,workflow,well-formed,0,0,,1,,15,
REQ-01700,Crop Advisory,The system shall send an email notification to the farmer when a crop record is created.,Functional,notify,well-formed,0,0,,1,,16,
REQ-01701,Telemedicine,The system shall allow clinic administrators to assign roles and permissions to a user account.,Functional,authorization,well-formed,0,0,,1,,15,
REQ-01702,Telemedicine,The system shall allow patients to pay for a consultation using a credit or debit card.,Functional,payment,well-formed,0,0,,1,,16,
REQ-01703,Telemedicine,The system shall allow patients to pay for a consultation using a UPI transaction.,Functional,payment,well-formed,0,0,,1,,14,
REQ-01704,Telemedicine,The system shall generate a printable invoice for every completed consultation.,Functional,payment,well-formed,0,0,,1,,11,
REQ-01705,Telemedicine,The system shall allow patients to request a refund for a cancelled consultation.,Functional,payment,well-formed,0,0,,1,,13,
REQ-01706,Telemedicine,The system shall allow clinic administrators to apply a discount to a consultation before payment.,Functional,payment,well-formed,0,0,,1,,15,
REQ-01707,Telemedicine,The system shall allow patients to view the payment history of all past consultations.,Functional,payment,well-formed,0,0,,1,,14,
REQ-01708,Telemedicine,The system shall mark a consultation as failed if the payment gateway returns an error.,Functional,payment,well-formed,0,0,,1,,15,
REQ-01709,Telemedicine,The system shall allow patients to filter the list of follow-up reminders by status.,Functional,search,well-formed,0,0,,1,,14,
REQ-01710,Telemedicine,The system shall allow patients to view the details of a selected medical certificate.,Functional,read,well-formed,0,0,,1,,14,
REQ-01711,Telemedicine,The system shall allow patients to delete a follow-up reminder that is no longer required.,Functional,delete,well-formed,0,0,,1,,15,
REQ-01712,Telemedicine,The system shall allow patients to view the details of a selected health vital entry.,Functional,read,well-formed,0,0,,1,,15,
REQ-01713,Telemedicine,The system shall allow patients to filter the list of chat transcripts by status.,Functional,search,well-formed,0,0,,1,,14,
REQ-01714,Telemedicine,The system shall allow clinic administrators to generate a monthly report of all health vital entrys.,Functional,report,well-formed,0,0,,1,,16,
REQ-01715,Telemedicine,The system shall allow clinic administrators to approve a consultation note submitted by a patient.,Functional,workflow,well-formed,0,0,,1,,15,
REQ-01716,Telemedicine,The system shall prevent a patient from submitting a duplicate video consultation.,Functional,validation,well-formed,0,0,,1,,12,
REQ-01717,Telemedicine,The system shall send an SMS alert to the patient when the status of a video consultation changes.,Functional,notify,well-formed,0,0,,1,,18,
REQ-01718,Telemedicine,The system shall allow patients to update an existing consultation note.,Functional,update,well-formed,0,0,,1,,11,
REQ-01719,Telemedicine,The system shall maintain an audit log of every change made to a symptom questionnaire.,Functional,audit,well-formed,0,0,,1,,15,
REQ-01720,Telemedicine,The system shall allow clinic administrators to approve a e-prescription submitted by a patient.,Functional,workflow,well-formed,0,0,,1,,14,
REQ-01721,Telemedicine,The system shall allow patients to create a new chat transcript.,Functional,create,well-formed,0,0,,1,,11,
REQ-01722,Telemedicine,The system shall allow patients to export the list of consent records as a CSV file.,Functional,export,well-formed,0,0,,1,,16,
REQ-01723,Telemedicine,The system shall allow clinic administrators to reject a chat transcript with a mandatory reason.,Functional,workflow,well-formed,0,0,,1,,15,
REQ-01724,Telemedicine,The system shall send an SMS alert to the patient when the status of a chat transcript changes.,Functional,notify,well-formed,0,0,,1,,18,
REQ-01725,Telemedicine,The system shall allow clinic administrators to reject a medical certificate with a mandatory reason.,Functional,workflow,well-formed,0,0,,1,,15,
REQ-01726,Telemedicine,The system shall send an SMS alert to the patient when the status of a medical certificate changes.,Functional,notify,well-formed,0,0,,1,,18,
REQ-01727,Telemedicine,The system shall send an email notification to the patient when a specialist referral is created.,Functional,notify,well-formed,0,0,,1,,16,
REQ-01728,Telemedicine,The system shall allow clinic administrators to archive a medical certificate older than one year.,Functional,archival,well-formed,0,0,,1,,15,
REQ-01729,Telemedicine,The system shall allow patients to add a comment to a follow-up reminder.,Functional,collaboration,well-formed,0,0,,1,,13,
REQ-01730,Telemedicine,The system shall allow patients to attach a supporting document to a specialist referral.,Functional,attachment,well-formed,0,0,,1,,14,
REQ-01731,Telemedicine,The system shall allow patients to export the list of follow-up reminders as a CSV file.,Functional,export,well-formed,0,0,,1,,16,
REQ-01732,Telemedicine,The system shall record the date and time at which each symptom questionnaire is modified.,Functional,audit,well-formed,0,0,,1,,15,
REQ-01733,Telemedicine,The system shall send an SMS alert to the patient when the status of a specialist referral changes.,Functional,notify,well-formed,0,0,,1,,18,
REQ-01734,Telemedicine,The system shall allow clinic administrators to archive a consent record older than one year.,Functional,archival,well-formed,0,0,,1,,15,
REQ-01735,Telemedicine,The system shall allow clinic administrators to reject a consultation note with a mandatory reason.,Functional,workflow,well-formed,0,0,,1,,15,
REQ-01736,Telemedicine,The system shall restrict access to a medical certificate to the patient who created it.,Functional,authorization,well-formed,0,0,,1,,15,
REQ-01737,Telemedicine,The system shall send an email notification to the patient when a symptom questionnaire is created.,Functional,notify,well-formed,0,0,,1,,16,
REQ-01738,Telemedicine,The system shall allow clinic administrators to archive a health vital entry older than one year.,Functional,archival,well-formed,0,0,,1,,16,
REQ-01739,Telemedicine,The system shall allow patients to attach a supporting document to a symptom questionnaire.,Functional,attachment,well-formed,0,0,,1,,14,
REQ-01740,Telemedicine,The system shall allow patients to create a new medical certificate.,Functional,create,well-formed,0,0,,1,,11,
REQ-01741,Telemedicine,The system shall display a paginated list of consultation notes with twenty entries per page.,Functional,read,well-formed,0,0,,1,,15,
REQ-01742,Telemedicine,The system shall allow clinic administrators to approve a medical certificate submitted by a patient.,Functional,workflow,well-formed,0,0,,1,,15,
REQ-01743,Telemedicine,The system shall allow patients to update an existing chat transcript.,Functional,update,well-formed,0,0,,1,,11,
REQ-01744,Telemedicine,The system shall allow patients to update an existing consent record.,Functional,update,well-formed,0,0,,1,,11,
REQ-01745,Telemedicine,The system shall allow clinic administrators to reject a health vital entry with a mandatory reason.,Functional,workflow,well-formed,0,0,,1,,16,
REQ-01746,Telemedicine,The system shall allow patients to delete a symptom questionnaire that is no longer required.,Functional,delete,well-formed,0,0,,1,,15,
REQ-01747,Telemedicine,The system shall allow patients to view the details of a selected chat transcript.,Functional,read,well-formed,0,0,,1,,14,
REQ-01748,Telemedicine,The system shall record the date and time at which each specialist referral is modified.,Functional,audit,well-formed,0,0,,1,,15,
REQ-01749,Telemedicine,The system shall validate all mandatory fields of a health vital entry before saving it.,Functional,validation,well-formed,0,0,,1,,15,
REQ-01750,Telemedicine,The system shall restrict access to a specialist referral to the patient who created it.,Functional,authorization,well-formed,0,0,,1,,15,
REQ-01751,Telemedicine,The system shall allow patients to download a video consultation as a PDF document.,Functional,export,well-formed,0,0,,1,,14,
REQ-01752,Telemedicine,The system shall display the current status of each e-prescription on the patient dashboard.,Functional,read,well-formed,0,0,,1,,14,
REQ-01753,Telemedicine,The system shall allow clinic administrators to generate a monthly report of all consultation notes.,Functional,report,well-formed,0,0,,1,,15,
REQ-01754,Telemedicine,The system shall allow patients to delete a video consultation that is no longer required.,Functional,delete,well-formed,0,0,,1,,15,
REQ-01755,Telemedicine,The system shall display a paginated list of medical certificates with twenty entries per page.,Functional,read,well-formed,0,0,,1,,15,
REQ-01756,Telemedicine,The system shall display a paginated list of specialist referrals with twenty entries per page.,Functional,read,well-formed,0,0,,1,,15,
REQ-01757,Telemedicine,The system shall allow clinic administrators to view a dashboard summarising symptom questionnaire counts by status.,Functional,report,well-formed,0,0,,1,,16,
REQ-01758,Telemedicine,The system shall allow clinic administrators to reject a e-prescription with a mandatory reason.,Functional,workflow,well-formed,0,0,,1,,14,
REQ-01759,Telemedicine,The system shall allow patients to delete a consent record that is no longer required.,Functional,delete,well-formed,0,0,,1,,15,
REQ-01760,Telemedicine,The system shall maintain an audit log of every change made to a consent record.,Functional,audit,well-formed,0,0,,1,,15,
REQ-01761,Telemedicine,The system shall allow patients to create a new health vital entry.,Functional,create,well-formed,0,0,,1,,12,
REQ-01762,Telemedicine,The system shall allow patients to view the details of a selected e-prescription.,Functional,read,well-formed,0,0,,1,,13,
REQ-01763,Telemedicine,The system shall allow patients to save a video consultation for later use.,Functional,duplicate-pair,well-formed,0,0,TEL-DUP-1,1,,13,original of a near-duplicate pair
REQ-01764,Telemedicine,The system shall allow patients to bookmark a video consultation for future reference.,Functional,duplicate-pair,duplicate,0,1,TEL-DUP-1,0,,13,restates the requirement above
REQ-01765,Telemedicine,The system shall allow patients to cancel a specialist referral before it is processed.,Functional,duplicate-pair,well-formed,0,0,TEL-DUP-2,1,,14,original of a near-duplicate pair
REQ-01766,Telemedicine,The system shall allow patients to withdraw a specialist referral prior to processing.,Functional,duplicate-pair,duplicate,0,1,TEL-DUP-2,0,,13,restates the requirement above
REQ-01767,Telemedicine,The system shall allow patients to search for a chat transcript by specialisation.,Functional,duplicate-pair,well-formed,0,0,TEL-DUP-3,1,,13,original of a near-duplicate pair
REQ-01768,Telemedicine,The system shall provide a search facility that locates a chat transcript using specialisation.,Functional,duplicate-pair,duplicate,0,1,TEL-DUP-3,0,,14,restates the requirement above
REQ-01769,Telemedicine,The system shall send a confirmation message once a medical certificate is submitted.,Functional,duplicate-pair,well-formed,0,0,TEL-DUP-4,1,,13,original of a near-duplicate pair
REQ-01770,Telemedicine,The system shall notify the patient after a medical certificate has been submitted successfully.,Functional,duplicate-pair,duplicate,0,1,TEL-DUP-4,0,,14,restates the requirement above
REQ-01771,Telemedicine,The system shall allow clinic administrators to remove a consent record from the system.,Functional,duplicate-pair,well-formed,0,0,TEL-DUP-5,1,,14,original of a near-duplicate pair
REQ-01772,Telemedicine,The system shall allow clinic administrators to delete an existing consent record record.,Functional,duplicate-pair,duplicate,0,1,TEL-DUP-5,0,,13,restates the requirement above
REQ-01773,Telemedicine,The system shall allow patients to rate a completed consultation from one to five stars.,Functional,duplicate-pair,well-formed,0,0,TEL-DUP-6,1,,15,original of a near-duplicate pair
REQ-01774,Telemedicine,The system shall allow patients to give a star rating between one and five for a finished consultation.,Functional,duplicate-pair,duplicate,0,1,TEL-DUP-6,0,,18,restates the requirement above
REQ-01775,Telemedicine,The system shall handle consent records appropriately.,Functional,under-specified,ambiguous,1,0,,0,appropriate|appropriately,7,
REQ-01776,Telemedicine,The system shall manage consultation notes in an efficient manner.,Functional,under-specified,ambiguous,1,0,,0,efficient,10,
REQ-01777,Telemedicine,The system shall process a consent record as quickly as possible.,Functional,under-specified,ambiguous,1,0,,0,as quickly as possible|quickly,11,
REQ-01778,Telemedicine,The system should support various operations on specialist referrals as needed.,Functional,under-specified,ambiguous,1,0,,0,as needed|various,11,
REQ-01779,Telemedicine,The system shall provide adequate options for managing video consultations.,Functional,under-specified,ambiguous,1,0,,0,adequate,10,
REQ-01780,Telemedicine,The system shall display suitable information about each symptom questionnaire.,Functional,under-specified,ambiguous,1,0,,0,suitable,10,
REQ-01781,Telemedicine,The system shall deal with invalid consultation note data properly.,Functional,under-specified,ambiguous,1,0,,0,properly,10,
REQ-01782,Telemedicine,The system shall support most of the common actions on a video consultation.,Functional,under-specified,ambiguous,1,0,,0,common|most,13,
REQ-01783,Telemedicine,The system shall provide appropriate error messages when something goes wrong with a e-prescription.,Functional,under-specified,ambiguous,1,0,,0,appropriate|something goes wrong,14,
REQ-01784,Telemedicine,The system shall be able to work with a reasonable number of chat transcripts.,Functional,under-specified,ambiguous,1,0,,0,reasonable,14,
REQ-01785,Telemedicine,The system shall retain video consultation records for 7 years before permanent deletion.,Non-Functional,Compliance,well-formed,0,0,,1,,13,
REQ-01786,Telemedicine,The system shall allow a new patient to complete a consultation within 3 minutes without external assistance.,Non-Functional,Usability,well-formed,0,0,,1,,17,
REQ-01787,Telemedicine,The system shall display any consent record search result within 2 seconds for 95 percent of requests.,Non-Functional,Performance,well-formed,0,0,,1,,17,
REQ-01788,Telemedicine,The system shall process at least 200 consultation submissions per minute at peak load.,Non-Functional,Performance,well-formed,0,0,,1,,14,
REQ-01789,Telemedicine,The system shall recover and resume an interrupted consultation submission within 10 seconds of reconnection.,Non-Functional,Reliability,well-formed,0,0,,1,,15,
REQ-01790,Telemedicine,The system shall expose all chat transcript operations through a documented REST API.,Non-Functional,Interoperability,well-formed,0,0,,1,,13,
REQ-01791,Telemedicine,The system shall take an automated backup of the medical certificate database every 6 hours.,Non-Functional,Reliability,well-formed,0,0,,1,,15,
REQ-01792,Telemedicine,The system shall load symptom questionnaire pages quickly.,Non-Functional,Performance,ambiguous,1,0,,0,quickly,8,
REQ-01793,Telemedicine,The system shall allow patients to export the list of consultation notes as a CSV file.,Functional,export,well-formed,0,0,,1,,16,
REQ-01794,Telemedicine,The system shall allow patients to download a e-prescription as a PDF document.,Functional,export,well-formed,0,0,,1,,13,
REQ-01795,Telemedicine,The system shall record the date and time at which each medical certificate is modified.,Functional,audit,well-formed,0,0,,1,,15,
REQ-01796,Telemedicine,The system shall allow patients to search for a specialist referral by doctor name.,Functional,search,well-formed,0,0,,1,,14,
REQ-01797,Telemedicine,The system shall allow patients to sort the list of e-prescriptions by date of creation.,Functional,search,well-formed,0,0,,1,,15,
REQ-01798,Telemedicine,The system shall allow patients to search for a consultation note by doctor name.,Functional,search,well-formed,0,0,,1,,14,
REQ-01799,Telemedicine,The system shall allow clinic administrators to reject a consent record with a mandatory reason.,Functional,workflow,well-formed,0,0,,1,,15,
REQ-01800,Telemedicine,The system shall record the date and time at which each health vital entry is modified.,Functional,audit,well-formed,0,0,,1,,16,
REQ-01801,Fitness Tracking,The system shall record the date and time at which each progress photo is modified.,Functional,audit,well-formed,0,0,,1,,15,
REQ-01802,Fitness Tracking,The system shall allow users to create a new sleep record.,Functional,create,well-formed,0,0,,1,,11,
REQ-01803,Fitness Tracking,The system shall allow administrators to view a dashboard summarising training plan counts by status.,Functional,report,well-formed,0,0,,1,,15,
REQ-01804,Fitness Tracking,The system shall allow users to sort the list of achievement badges by date of creation.,Functional,search,well-formed,0,0,,1,,16,
REQ-01805,Fitness Tracking,The system shall prevent a user from submitting a duplicate water intake log.,Functional,validation,well-formed,0,0,,1,,13,
REQ-01806,Fitness Tracking,The system shall restrict access to a achievement badge to the user who created it.,Functional,authorization,well-formed,0,0,,1,,15,
REQ-01807,Fitness Tracking,The system shall allow users to add a comment to a sleep record.,Functional,collaboration,well-formed,0,0,,1,,13,
REQ-01808,Fitness Tracking,The system shall allow users to view the details of a selected achievement badge.,Functional,read,well-formed,0,0,,1,,14,
REQ-01809,Fitness Tracking,The system shall allow administrators to archive a sleep record older than one year.,Functional,archival,well-formed,0,0,,1,,14,
REQ-01810,Fitness Tracking,The system shall display the current status of each fitness goal on the user dashboard.,Functional,read,well-formed,0,0,,1,,15,
REQ-01811,Fitness Tracking,The system shall restrict access to a water intake log to the user who created it.,Functional,authorization,well-formed,0,0,,1,,16,
REQ-01812,Fitness Tracking,The system shall allow administrators to reject a achievement badge with a mandatory reason.,Functional,workflow,well-formed,0,0,,1,,14,
REQ-01813,Fitness Tracking,The system shall allow users to sort the list of water intake logs by date of creation.,Functional,search,well-formed,0,0,,1,,17,
REQ-01814,Fitness Tracking,The system shall send an SMS alert to the user when the status of a progress photo changes.,Functional,notify,well-formed,0,0,,1,,18,
REQ-01815,Fitness Tracking,The system shall allow users to add a comment to a body measurement.,Functional,collaboration,well-formed,0,0,,1,,13,
REQ-01816,Fitness Tracking,The system shall allow administrators to view a dashboard summarising sleep record counts by status.,Functional,report,well-formed,0,0,,1,,15,
REQ-01817,Fitness Tracking,The system shall allow users to filter the list of water intake logs by status.,Functional,search,well-formed,0,0,,1,,15,
REQ-01818,Fitness Tracking,The system shall allow users to create a new body measurement.,Functional,create,well-formed,0,0,,1,,11,
REQ-01819,Fitness Tracking,The system shall allow users to create a new workout session.,Functional,create,well-formed,0,0,,1,,11,
REQ-01820,Fitness Tracking,The system shall prevent a user from submitting a duplicate calorie entry.,Functional,validation,well-formed,0,0,,1,,12,
REQ-01821,Fitness Tracking,The system shall allow users to search for a progress photo by trainer name.,Functional,search,well-formed,0,0,,1,,14,
REQ-01822,Fitness Tracking,The system shall allow administrators to approve a fitness goal submitted by a user.,Functional,workflow,well-formed,0,0,,1,,14,
REQ-01823,Fitness Tracking,The system shall allow administrators to archive a workout session older than one year.,Functional,archival,well-formed,0,0,,1,,14,
REQ-01824,Fitness Tracking,The system shall allow administrators to archive a training plan older than one year.,Functional,archival,well-formed,0,0,,1,,14,
REQ-01825,Fitness Tracking,The system shall prevent a user from submitting a duplicate step count record.,Functional,validation,well-formed,0,0,,1,,13,
REQ-01826,Fitness Tracking,The system shall send an email notification to the user when a water intake log is created.,Functional,notify,well-formed,0,0,,1,,17,
REQ-01827,Fitness Tracking,The system shall allow users to export the list of training plans as a CSV file.,Functional,export,well-formed,0,0,,1,,16,
REQ-01828,Fitness Tracking,The system shall maintain an audit log of every change made to a progress photo.,Functional,audit,well-formed,0,0,,1,,15,
REQ-01829,Fitness Tracking,The system shall allow users to search for a body measurement by activity type.,Functional,search,well-formed,0,0,,1,,14,
REQ-01830,Fitness Tracking,The system shall display a paginated list of step count records with twenty entries per page.,Functional,read,well-formed,0,0,,1,,16,
REQ-01831,Fitness Tracking,The system shall send an email notification to the user when a sleep record is created.,Functional,notify,well-formed,0,0,,1,,16,
REQ-01832,Fitness Tracking,The system shall allow users to view the details of a selected fitness goal.,Functional,read,well-formed,0,0,,1,,14,
REQ-01833,Fitness Tracking,The system shall send an email notification to the user when a workout session is created.,Functional,notify,well-formed,0,0,,1,,16,
REQ-01834,Fitness Tracking,The system shall display the current status of each sleep record on the user dashboard.,Functional,read,well-formed,0,0,,1,,15,
REQ-01835,Fitness Tracking,The system shall allow users to view the details of a selected workout session.,Functional,read,well-formed,0,0,,1,,14,
REQ-01836,Fitness Tracking,The system shall allow users to export the list of body measurements as a CSV file.,Functional,export,well-formed,0,0,,1,,16,
REQ-01837,Fitness Tracking,The system shall allow users to attach a supporting document to a step count record.,Functional,attachment,well-formed,0,0,,1,,15,
REQ-01838,Fitness Tracking,The system shall maintain an audit log of every change made to a calorie entry.,Functional,audit,well-formed,0,0,,1,,15,
REQ-01839,Fitness Tracking,The system shall allow users to download a calorie entry as a PDF document.,Functional,export,well-formed,0,0,,1,,14,
REQ-01840,Fitness Tracking,The system shall allow users to add a comment to a progress photo.,Functional,collaboration,well-formed,0,0,,1,,13,
REQ-01841,Fitness Tracking,The system shall allow users to attach a supporting document to a fitness goal.,Functional,attachment,well-formed,0,0,,1,,14,
REQ-01842,Fitness Tracking,The system shall allow users to create a new training plan.,Functional,create,well-formed,0,0,,1,,11,
REQ-01843,Fitness Tracking,The system shall allow users to sort the list of sleep records by date of creation.,Functional,search,well-formed,0,0,,1,,16,
REQ-01844,Fitness Tracking,The system shall allow administrators to reject a fitness goal with a mandatory reason.,Functional,workflow,well-formed,0,0,,1,,14,
REQ-01845,Fitness Tracking,The system shall allow administrators to archive a step count record older than one year.,Functional,archival,well-formed,0,0,,1,,15,
REQ-01846,Fitness Tracking,The system shall validate all mandatory fields of a sleep record before saving it.,Functional,validation,well-formed,0,0,,1,,14,
REQ-01847,Fitness Tracking,The system shall display a paginated list of calorie entrys with twenty entries per page.,Functional,read,well-formed,0,0,,1,,15,
REQ-01848,Fitness Tracking,The system shall send an email notification to the user when a step count record is created.,Functional,notify,well-formed,0,0,,1,,17,
REQ-01849,Fitness Tracking,The system shall maintain an audit log of every change made to a training plan.,Functional,audit,well-formed,0,0,,1,,15,
REQ-01850,Fitness Tracking,The system shall send an email notification to the user when a training plan is created.,Functional,notify,well-formed,0,0,,1,,16,
REQ-01851,Fitness Tracking,The system shall allow users to export the list of progress photos as a CSV file.,Functional,export,well-formed,0,0,,1,,16,
REQ-01852,Fitness Tracking,The system shall allow users to create a new water intake log.,Functional,create,well-formed,0,0,,1,,12,
REQ-01853,Fitness Tracking,The system shall send an SMS alert to the user when the status of a water intake log changes.,Functional,notify,well-formed,0,0,,1,,19,
REQ-01854,Fitness Tracking,The system shall allow users to add a comment to a workout session.,Functional,collaboration,well-formed,0,0,,1,,13,
REQ-01855,Fitness Tracking,The system shall allow users to attach a supporting document to a workout session.,Functional,attachment,well-formed,0,0,,1,,14,
REQ-01856,Fitness Tracking,The system shall allow users to download a achievement badge as a PDF document.,Functional,export,well-formed,0,0,,1,,14,
REQ-01857,Fitness Tracking,The system shall send an SMS alert to the user when the status of a calorie entry changes.,Functional,notify,well-formed,0,0,,1,,18,
REQ-01858,Fitness Tracking,The system shall allow administrators to generate a monthly report of all achievement badges.,Functional,report,well-formed,0,0,,1,,14,
REQ-01859,Fitness Tracking,The system shall allow users to add a comment to a calorie entry.,Functional,collaboration,well-formed,0,0,,1,,13,
REQ-01860,Fitness Tracking,The system shall allow users to create a new fitness goal.,Functional,create,well-formed,0,0,,1,,11,
REQ-01861,Fitness Tracking,The system shall allow users to update an existing workout session.,Functional,update,well-formed,0,0,,1,,11,
REQ-01862,Fitness Tracking,The system shall allow users to delete a progress photo that is no longer required.,Functional,delete,well-formed,0,0,,1,,15,
REQ-01863,Fitness Tracking,The system shall allow users to save a step count record for later use.,Functional,duplicate-pair,well-formed,0,0,FIT-DUP-1,1,,14,original of a near-duplicate pair
REQ-01864,Fitness Tracking,The system shall allow users to bookmark a step count record for future reference.,Functional,duplicate-pair,duplicate,0,1,FIT-DUP-1,0,,14,restates the requirement above
REQ-01865,Fitness Tracking,The system shall allow users to cancel a progress photo before it is processed.,Functional,duplicate-pair,well-formed,0,0,FIT-DUP-2,1,,14,original of a near-duplicate pair
REQ-01866,Fitness Tracking,The system shall allow users to withdraw a progress photo prior to processing.,Functional,duplicate-pair,duplicate,0,1,FIT-DUP-2,0,,13,restates the requirement above
REQ-01867,Fitness Tracking,The system shall allow users to search for a calorie entry by date.,Functional,duplicate-pair,well-formed,0,0,FIT-DUP-3,1,,13,original of a near-duplicate pair
REQ-01868,Fitness Tracking,The system shall provide a search facility that locates a calorie entry using date.,Functional,duplicate-pair,duplicate,0,1,FIT-DUP-3,0,,14,restates the requirement above
REQ-01869,Fitness Tracking,The system shall send a confirmation message once a progress photo is submitted.,Functional,duplicate-pair,well-formed,0,0,FIT-DUP-4,1,,13,original of a near-duplicate pair
REQ-01870,Fitness Tracking,The system shall notify the user after a progress photo has been submitted successfully.,Functional,duplicate-pair,duplicate,0,1,FIT-DUP-4,0,,14,restates the requirement above
REQ-01871,Fitness Tracking,The system shall allow administrators to remove a progress photo from the system.,Functional,duplicate-pair,well-formed,0,0,FIT-DUP-5,1,,13,original of a near-duplicate pair
REQ-01872,Fitness Tracking,The system shall allow administrators to delete an existing progress photo record.,Functional,duplicate-pair,duplicate,0,1,FIT-DUP-5,0,,12,restates the requirement above
REQ-01873,Fitness Tracking,The system shall allow users to rate a completed workout session from one to five stars.,Functional,duplicate-pair,well-formed,0,0,FIT-DUP-6,1,,16,original of a near-duplicate pair
REQ-01874,Fitness Tracking,The system shall allow users to give a star rating between one and five for a finished workout session.,Functional,duplicate-pair,duplicate,0,1,FIT-DUP-6,0,,19,restates the requirement above
REQ-01875,Fitness Tracking,The system shall handle water intake logs appropriately.,Functional,under-specified,ambiguous,1,0,,0,appropriate|appropriately,8,
REQ-01876,Fitness Tracking,The system shall manage achievement badges in an efficient manner.,Functional,under-specified,ambiguous,1,0,,0,efficient,10,
REQ-01877,Fitness Tracking,The system shall process a achievement badge as quickly as possible.,Functional,under-specified,ambiguous,1,0,,0,as quickly as possible|quickly,11,
REQ-01878,Fitness Tracking,The system should support various operations on sleep records as needed.,Functional,under-specified,ambiguous,1,0,,0,as needed|various,11,
REQ-01879,Fitness Tracking,The system shall provide adequate options for managing achievement badges.,Functional,under-specified,ambiguous,1,0,,0,adequate,10,
REQ-01880,Fitness Tracking,The system shall display suitable information about each workout session.,Functional,under-specified,ambiguous,1,0,,0,suitable,10,
REQ-01881,Fitness Tracking,The system shall deal with invalid workout session data properly.,Functional,under-specified,ambiguous,1,0,,0,properly,10,
REQ-01882,Fitness Tracking,The system shall support most of the common actions on a body measurement.,Functional,under-specified,ambiguous,1,0,,0,common|most,13,
REQ-01883,Fitness Tracking,The system shall provide appropriate error messages when something goes wrong with a body measurement.,Functional,under-specified,ambiguous,1,0,,0,appropriate|something goes wrong,15,
REQ-01884,Fitness Tracking,The system shall be able to work with a reasonable number of sleep records.,Functional,under-specified,ambiguous,1,0,,0,reasonable,14,
REQ-01885,Fitness Tracking,The system shall expose all training plan operations through a documented REST API.,Non-Functional,Interoperability,well-formed,0,0,,1,,13,
REQ-01886,Fitness Tracking,The system shall recover and resume an interrupted workout session submission within 10 seconds of reconnection.,Non-Functional,Reliability,well-formed,0,0,,1,,16,
REQ-01887,Fitness Tracking,The system shall take an automated backup of the workout session database every 6 hours.,Non-Functional,Reliability,well-formed,0,0,,1,,15,
REQ-01888,Fitness Tracking,The system shall retain fitness goal records for 7 years before permanent deletion.,Non-Functional,Compliance,well-formed,0,0,,1,,13,
REQ-01889,Fitness Tracking,The system shall process at least 200 workout session submissions per minute at peak load.,Non-Functional,Performance,well-formed,0,0,,1,,15,
REQ-01890,Fitness Tracking,The system shall display any workout session search result within 2 seconds for 95 percent of requests.,Non-Functional,Performance,well-formed,0,0,,1,,17,
REQ-01891,Fitness Tracking,The system shall allow a new user to complete a workout session within 3 minutes without external assistance.,Non-Functional,Usability,well-formed,0,0,,1,,18,
REQ-01892,Fitness Tracking,The system shall load achievement badge pages quickly.,Non-Functional,Performance,ambiguous,1,0,,0,quickly,8,
REQ-01893,Fitness Tracking,The system shall display the current status of each calorie entry on the user dashboard.,Functional,read,well-formed,0,0,,1,,15,
REQ-01894,Fitness Tracking,The system shall allow administrators to view a dashboard summarising fitness goal counts by status.,Functional,report,well-formed,0,0,,1,,15,
REQ-01895,Fitness Tracking,The system shall allow users to update an existing sleep record.,Functional,update,well-formed,0,0,,1,,11,
REQ-01896,Fitness Tracking,The system shall allow users to attach a supporting document to a sleep record.,Functional,attachment,well-formed,0,0,,1,,14,
REQ-01897,Fitness Tracking,The system shall allow users to filter the list of body measurements by status.,Functional,search,well-formed,0,0,,1,,14,
REQ-01898,Fitness Tracking,The system shall allow users to create a new calorie entry.,Functional,create,well-formed,0,0,,1,,11,
REQ-01899,Fitness Tracking,The system shall allow administrators to reject a workout session with a mandatory reason.,Functional,workflow,well-formed,0,0,,1,,14,
REQ-01900,Fitness Tracking,The system shall send an SMS alert to the user when the status of a step count record changes.,Functional,notify,well-formed,0,0,,1,,19,
REQ-01901,Ticket Support Desk,The system shall allow support administrators to assign roles and permissions to a user account.,Functional,authorization,well-formed,0,0,,1,,15,
REQ-01902,Ticket Support Desk,The system shall allow support administrators to view a dashboard summarising assignment record counts by status.,Functional,report,well-formed,0,0,,1,,16,
REQ-01903,Ticket Support Desk,The system shall allow requesters to filter the list of canned responses by status.,Functional,search,well-formed,0,0,,1,,14,
REQ-01904,Ticket Support Desk,The system shall display the current status of each knowledge base article on the requester dashboard.,Functional,read,well-formed,0,0,,1,,16,
REQ-01905,Ticket Support Desk,The system shall allow requesters to delete a ticket tag that is no longer required.,Functional,delete,well-formed,0,0,,1,,15,
REQ-01906,Ticket Support Desk,The system shall allow requesters to attach a supporting document to a ticket tag.,Functional,attachment,well-formed,0,0,,1,,14,
REQ-01907,Ticket Support Desk,The system shall allow requesters to view the details of a selected satisfaction survey.,Functional,read,well-formed,0,0,,1,,14,
REQ-01908,Ticket Support Desk,The system shall allow requesters to create a new ticket comment.,Functional,create,well-formed,0,0,,1,,11,
REQ-01909,Ticket Support Desk,The system shall record the date and time at which each attachment is modified.,Functional,audit,well-formed,0,0,,1,,14,
REQ-01910,Ticket Support Desk,The system shall allow requesters to attach a supporting document to a assignment record.,Functional,attachment,well-formed,0,0,,1,,14,
REQ-01911,Ticket Support Desk,The system shall allow requesters to update an existing canned response.,Functional,update,well-formed,0,0,,1,,11,
REQ-01912,Ticket Support Desk,The system shall allow requesters to delete a satisfaction survey that is no longer required.,Functional,delete,well-formed,0,0,,1,,15,
REQ-01913,Ticket Support Desk,The system shall allow requesters to update an existing support ticket.,Functional,update,well-formed,0,0,,1,,11,
REQ-01914,Ticket Support Desk,The system shall allow requesters to filter the list of ticket comments by status.,Functional,search,well-formed,0,0,,1,,14,
REQ-01915,Ticket Support Desk,The system shall allow support administrators to archive a knowledge base article older than one year.,Functional,archival,well-formed,0,0,,1,,16,
REQ-01916,Ticket Support Desk,The system shall allow requesters to create a new attachment.,Functional,create,well-formed,0,0,,1,,10,
REQ-01917,Ticket Support Desk,The system shall allow support administrators to view a dashboard summarising escalation record counts by status.,Functional,report,well-formed,0,0,,1,,16,
REQ-01918,Ticket Support Desk,The system shall allow requesters to filter the list of support tickets by status.,Functional,search,well-formed,0,0,,1,,14,
REQ-01919,Ticket Support Desk,The system shall maintain an audit log of every change made to a escalation record.,Functional,audit,well-formed,0,0,,1,,15,
REQ-01920,Ticket Support Desk,The system shall allow requesters to search for a support ticket by status.,Functional,search,well-formed,0,0,,1,,13,
REQ-01921,Ticket Support Desk,The system shall allow requesters to download a canned response as a PDF document.,Functional,export,well-formed,0,0,,1,,14,
REQ-01922,Ticket Support Desk,The system shall allow support administrators to archive a service level agreement rule older than one year.,Functional,archival,well-formed,0,0,,1,,17,
REQ-01923,Ticket Support Desk,The system shall record the date and time at which each canned response is modified.,Functional,audit,well-formed,0,0,,1,,15,
REQ-01924,Ticket Support Desk,The system shall allow support administrators to generate a monthly report of all service level agreement rules.,Functional,report,well-formed,0,0,,1,,17,
REQ-01925,Ticket Support Desk,The system shall restrict access to a service level agreement rule to the requester who created it.,Functional,authorization,well-formed,0,0,,1,,17,
REQ-01926,Ticket Support Desk,The system shall allow requesters to download a satisfaction survey as a PDF document.,Functional,export,well-formed,0,0,,1,,14,
REQ-01927,Ticket Support Desk,The system shall allow requesters to search for a canned response by status.,Functional,search,well-formed,0,0,,1,,13,
REQ-01928,Ticket Support Desk,The system shall restrict access to a ticket comment to the requester who created it.,Functional,authorization,well-formed,0,0,,1,,15,
REQ-01929,Ticket Support Desk,The system shall display a paginated list of escalation records with twenty entries per page.,Functional,read,well-formed,0,0,,1,,15,
REQ-01930,Ticket Support Desk,The system shall allow requesters to add a comment to a knowledge base article.,Functional,collaboration,well-formed,0,0,,1,,14,
REQ-01931,Ticket Support Desk,The system shall prevent a requester from submitting a duplicate service level agreement rule.,Functional,validation,well-formed,0,0,,1,,14,
REQ-01932,Ticket Support Desk,The system shall allow requesters to create a new escalation record.,Functional,create,well-formed,0,0,,1,,11,
REQ-01933,Ticket Support Desk,The system shall allow requesters to add a comment to a ticket comment.,Functional,collaboration,well-formed,0,0,,1,,13,
REQ-01934,Ticket Support Desk,The system shall allow requesters to view the details of a selected ticket comment.,Functional,read,well-formed,0,0,,1,,14,
REQ-01935,Ticket Support Desk,The system shall record the date and time at which each knowledge base article is modified.,Functional,audit,well-formed,0,0,,1,,16,
REQ-01936,Ticket Support Desk,The system shall prevent a requester from submitting a duplicate knowledge base article.,Functional,validation,well-formed,0,0,,1,,13,
REQ-01937,Ticket Support Desk,The system shall allow requesters to search for a ticket tag by status.,Functional,search,well-formed,0,0,,1,,13,
REQ-01938,Ticket Support Desk,The system shall display the current status of each service level agreement rule on the requester dashboard.,Functional,read,well-formed,0,0,,1,,17,
REQ-01939,Ticket Support Desk,The system shall validate all mandatory fields of a knowledge base article before saving it.,Functional,validation,well-formed,0,0,,1,,15,
REQ-01940,Ticket Support Desk,The system shall allow requesters to sort the list of support tickets by date of creation.,Functional,search,well-formed,0,0,,1,,16,
REQ-01941,Ticket Support Desk,The system shall allow requesters to export the list of support tickets as a CSV file.,Functional,export,well-formed,0,0,,1,,16,
REQ-01942,Ticket Support Desk,The system shall allow requesters to export the list of knowledge base articles as a CSV file.,Functional,export,well-formed,0,0,,1,,17,
REQ-01943,Ticket Support Desk,The system shall validate all mandatory fields of a support ticket before saving it.,Functional,validation,well-formed,0,0,,1,,14,
REQ-01944,Ticket Support Desk,The system shall allow support administrators to reject a service level agreement rule with a mandatory reason.,Functional,workflow,well-formed,0,0,,1,,17,
REQ-01945,Ticket Support Desk,The system shall allow requesters to export the list of ticket comments as a CSV file.,Functional,export,well-formed,0,0,,1,,16,
REQ-01946,Ticket Support Desk,The system shall prevent a requester from submitting a duplicate canned response.,Functional,validation,well-formed,0,0,,1,,12,
REQ-01947,Ticket Support Desk,The system shall allow requesters to view the details of a selected service level agreement rule.,Functional,read,well-formed,0,0,,1,,16,
REQ-01948,Ticket Support Desk,The system shall allow requesters to export the list of service level agreement rules as a CSV file.,Functional,export,well-formed,0,0,,1,,18,
REQ-01949,Ticket Support Desk,The system shall allow requesters to create a new satisfaction survey.,Functional,create,well-formed,0,0,,1,,11,
REQ-01950,Ticket Support Desk,The system shall allow requesters to download a escalation record as a PDF document.,Functional,export,well-formed,0,0,,1,,14,
REQ-01951,Ticket Support Desk,The system shall allow requesters to delete a knowledge base article that is no longer required.,Functional,delete,well-formed,0,0,,1,,16,
REQ-01952,Ticket Support Desk,The system shall allow support administrators to archive a escalation record older than one year.,Functional,archival,well-formed,0,0,,1,,15,
REQ-01953,Ticket Support Desk,The system shall allow support administrators to generate a monthly report of all escalation records.,Functional,report,well-formed,0,0,,1,,15,
REQ-01954,Ticket Support Desk,The system shall allow requesters to view the details of a selected canned response.,Functional,read,well-formed,0,0,,1,,14,
REQ-01955,Ticket Support Desk,The system shall allow support administrators to view a dashboard summarising attachment counts by status.,Functional,report,well-formed,0,0,,1,,15,
REQ-01956,Ticket Support Desk,The system shall display the current status of each support ticket on the requester dashboard.,Functional,read,well-formed,0,0,,1,,15,
REQ-01957,Ticket Support Desk,The system shall prevent a requester from submitting a duplicate satisfaction survey.,Functional,validation,well-formed,0,0,,1,,12,
REQ-01958,Ticket Support Desk,The system shall display a paginated list of attachments with twenty entries per page.,Functional,read,well-formed,0,0,,1,,14,
REQ-01959,Ticket Support Desk,The system shall allow requesters to sort the list of ticket comments by date of creation.,Functional,search,well-formed,0,0,,1,,16,
REQ-01960,Ticket Support Desk,The system shall display the current status of each attachment on the requester dashboard.,Functional,read,well-formed,0,0,,1,,14,
REQ-01961,Ticket Support Desk,The system shall allow requesters to create a new knowledge base article.,Functional,create,well-formed,0,0,,1,,12,
REQ-01962,Ticket Support Desk,The system shall allow requesters to view the details of a selected knowledge base article.,Functional,read,well-formed,0,0,,1,,15,
REQ-01963,Ticket Support Desk,The system shall allow requesters to save a ticket comment for later use.,Functional,duplicate-pair,well-formed,0,0,TIC-DUP-1,1,,13,original of a near-duplicate pair
REQ-01964,Ticket Support Desk,The system shall allow requesters to bookmark a ticket comment for future reference.,Functional,duplicate-pair,duplicate,0,1,TIC-DUP-1,0,,13,restates the requirement above
REQ-01965,Ticket Support Desk,The system shall allow requesters to cancel a support ticket before it is processed.,Functional,duplicate-pair,well-formed,0,0,TIC-DUP-2,1,,14,original of a near-duplicate pair
REQ-01966,Ticket Support Desk,The system shall allow requesters to withdraw a support ticket prior to processing.,Functional,duplicate-pair,duplicate,0,1,TIC-DUP-2,0,,13,restates the requirement above
REQ-01967,Ticket Support Desk,The system shall allow requesters to search for a ticket comment by status.,Functional,duplicate-pair,well-formed,0,0,TIC-DUP-3,1,,13,original of a near-duplicate pair
REQ-01968,Ticket Support Desk,The system shall provide a search facility that locates a ticket comment using status.,Functional,duplicate-pair,duplicate,0,1,TIC-DUP-3,0,,14,restates the requirement above
REQ-01969,Ticket Support Desk,The system shall send a confirmation message once a satisfaction survey is submitted.,Functional,duplicate-pair,well-formed,0,0,TIC-DUP-4,1,,13,original of a near-duplicate pair
REQ-01970,Ticket Support Desk,The system shall notify the requester after a satisfaction survey has been submitted successfully.,Functional,duplicate-pair,duplicate,0,1,TIC-DUP-4,0,,14,restates the requirement above
REQ-01971,Ticket Support Desk,The system shall allow support administrators to remove a ticket tag from the system.,Functional,duplicate-pair,well-formed,0,0,TIC-DUP-5,1,,14,original of a near-duplicate pair
REQ-01972,Ticket Support Desk,The system shall allow support administrators to delete an existing ticket tag record.,Functional,duplicate-pair,duplicate,0,1,TIC-DUP-5,0,,13,restates the requirement above
REQ-01973,Ticket Support Desk,The system shall allow requesters to rate a completed ticket from one to five stars.,Functional,duplicate-pair,well-formed,0,0,TIC-DUP-6,1,,15,original of a near-duplicate pair
REQ-01974,Ticket Support Desk,The system shall allow requesters to give a star rating between one and five for a finished ticket.,Functional,duplicate-pair,duplicate,0,1,TIC-DUP-6,0,,18,restates the requirement above
REQ-01975,Ticket Support Desk,The system shall handle ticket tags appropriately.,Functional,under-specified,ambiguous,1,0,,0,appropriate|appropriately,7,
REQ-01976,Ticket Support Desk,The system shall manage escalation records in an efficient manner.,Functional,under-specified,ambiguous,1,0,,0,efficient,10,
REQ-01977,Ticket Support Desk,The system shall process a ticket tag as quickly as possible.,Functional,under-specified,ambiguous,1,0,,0,as quickly as possible|quickly,11,
REQ-01978,Ticket Support Desk,The system should support various operations on assignment records as needed.,Functional,under-specified,ambiguous,1,0,,0,as needed|various,11,
REQ-01979,Ticket Support Desk,The system shall provide adequate options for managing attachments.,Functional,under-specified,ambiguous,1,0,,0,adequate,9,
REQ-01980,Ticket Support Desk,The system shall display suitable information about each escalation record.,Functional,under-specified,ambiguous,1,0,,0,suitable,10,
REQ-01981,Ticket Support Desk,The system shall deal with invalid attachment data properly.,Functional,under-specified,ambiguous,1,0,,0,properly,9,
REQ-01982,Ticket Support Desk,The system shall support most of the common actions on a knowledge base article.,Functional,under-specified,ambiguous,1,0,,0,common|most,14,
REQ-01983,Ticket Support Desk,The system shall provide appropriate error messages when something goes wrong with a canned response.,Functional,under-specified,ambiguous,1,0,,0,appropriate|something goes wrong,15,
REQ-01984,Ticket Support Desk,The system shall be able to work with a reasonable number of ticket tags.,Functional,under-specified,ambiguous,1,0,,0,reasonable,14,
REQ-01985,Ticket Support Desk,The system shall retain ticket tag records for 7 years before permanent deletion.,Non-Functional,Compliance,well-formed,0,0,,1,,13,
REQ-01986,Ticket Support Desk,The system shall take an automated backup of the knowledge base article database every 6 hours.,Non-Functional,Reliability,well-formed,0,0,,1,,16,
REQ-01987,Ticket Support Desk,The system shall allow a requester to download all personal data held about them within 48 hours of request.,Non-Functional,Compliance,well-formed,0,0,,1,,19,
REQ-01988,Ticket Support Desk,The system shall display any assignment record search result within 2 seconds for 95 percent of requests.,Non-Functional,Performance,well-formed,0,0,,1,,17,
REQ-01989,Ticket Support Desk,The system shall allow a new requester to complete a ticket within 3 minutes without external assistance.,Non-Functional,Usability,well-formed,0,0,,1,,17,
REQ-01990,Ticket Support Desk,The system shall expose all ticket tag operations through a documented REST API.,Non-Functional,Interoperability,well-formed,0,0,,1,,13,
REQ-01991,Ticket Support Desk,The system should be user-friendly and easy to use for all requesters.,Non-Functional,Usability,ambiguous,1,0,,0,easy|user-friendly,12,
REQ-01992,Ticket Support Desk,The system shall be secure and protect requester data appropriately.,Non-Functional,Security,ambiguous,1,0,,0,appropriate|appropriately,10,
REQ-01993,Ticket Support Desk,The system shall load attachment pages quickly.,Non-Functional,Performance,ambiguous,1,0,,0,quickly,7,
REQ-01994,Ticket Support Desk,The system shall allow support administrators to reject a ticket tag with a mandatory reason.,Functional,workflow,well-formed,0,0,,1,,15,
REQ-01995,Ticket Support Desk,The system shall allow support administrators to approve a escalation record submitted by a requester.,Functional,workflow,well-formed,0,0,,1,,15,
REQ-01996,Ticket Support Desk,The system shall allow support administrators to reject a ticket comment with a mandatory reason.,Functional,workflow,well-formed,0,0,,1,,15,
REQ-01997,Ticket Support Desk,The system shall send an email notification to the requester when a assignment record is created.,Functional,notify,well-formed,0,0,,1,,16,
REQ-01998,Ticket Support Desk,The system shall allow requesters to download a ticket comment as a PDF document.,Functional,export,well-formed,0,0,,1,,14,
REQ-01999,Ticket Support Desk,The system shall allow support administrators to generate a monthly report of all satisfaction surveys.,Functional,report,well-formed,0,0,,1,,15,
REQ-02000,Ticket Support Desk,The system shall send an SMS alert to the requester when the status of a support ticket changes.,Functional,notify,well-formed,0,0,,1,,18,
REQ-02001,Examination System,The system shall allow examination controllers to assign roles and permissions to a user account.,Functional,authorization,well-formed,0,0,,1,,15,
REQ-02002,Examination System,The system shall allow candidates to pay for a exam registration using a credit or debit card.,Functional,payment,well-formed,0,0,,1,,17,
REQ-02003,Examination System,The system shall allow candidates to pay for a exam registration using a UPI transaction.,Functional,payment,well-formed,0,0,,1,,15,
REQ-02004,Examination System,The system shall generate a printable invoice for every completed exam registration.,Functional,payment,well-formed,0,0,,1,,12,
REQ-02005,Examination System,The system shall allow candidates to request a refund for a cancelled exam registration.,Functional,payment,well-formed,0,0,,1,,14,
REQ-02006,Examination System,The system shall allow examination controllers to apply a discount to a exam registration before payment.,Functional,payment,well-formed,0,0,,1,,16,
REQ-02007,Examination System,The system shall allow candidates to view the payment history of all past exam registrations.,Functional,payment,well-formed,0,0,,1,,15,
REQ-02008,Examination System,The system shall mark a exam registration as failed if the payment gateway returns an error.,Functional,payment,well-formed,0,0,,1,,16,
REQ-02009,Examination System,The system shall allow candidates to view the details of a selected hall ticket.,Functional,read,well-formed,0,0,,1,,14,
REQ-02010,Examination System,The system shall send an SMS alert to the candidate when the status of a mark sheet changes.,Functional,notify,well-formed,0,0,,1,,18,
REQ-02011,Examination System,The system shall display a paginated list of question papers with twenty entries per page.,Functional,read,well-formed,0,0,,1,,15,
REQ-02012,Examination System,The system shall send an SMS alert to the candidate when the status of a exam timetable entry changes.,Functional,notify,well-formed,0,0,,1,,19,
REQ-02013,Examination System,The system shall allow examination controllers to view a dashboard summarising seating allocation counts by status.,Functional,report,well-formed,0,0,,1,,16,
REQ-02014,Examination System,The system shall allow examination controllers to approve a result record submitted by a candidate.,Functional,workflow,well-formed,0,0,,1,,15,
REQ-02015,Examination System,The system shall allow examination controllers to reject a malpractice report with a mandatory reason.,Functional,workflow,well-formed,0,0,,1,,15,
REQ-02016,Examination System,The system shall allow examination controllers to view a dashboard summarising malpractice report counts by status.,Functional,report,well-formed,0,0,,1,,16,
REQ-02017,Examination System,The system shall display the current status of each question paper on the candidate dashboard.,Functional,read,well-formed,0,0,,1,,15,
REQ-02018,Examination System,The system shall allow candidates to attach a supporting document to a exam timetable entry.,Functional,attachment,well-formed,0,0,,1,,15,
REQ-02019,Examination System,The system shall allow examination controllers to approve a exam timetable entry submitted by a candidate.,Functional,workflow,well-formed,0,0,,1,,16,
REQ-02020,Examination System,The system shall display a paginated list of answer scripts with twenty entries per page.,Functional,read,well-formed,0,0,,1,,15,
REQ-02021,Examination System,The system shall send an email notification to the candidate when a seating allocation is created.,Functional,notify,well-formed,0,0,,1,,16,
REQ-02022,Examination System,The system shall allow candidates to view the details of a selected revaluation request.,Functional,read,well-formed,0,0,,1,,14,
REQ-02023,Examination System,The system shall allow examination controllers to archive a malpractice report older than one year.,Functional,archival,well-formed,0,0,,1,,15,
REQ-02024,Examination System,The system shall prevent a candidate from submitting a duplicate malpractice report.,Functional,validation,well-formed,0,0,,1,,12,
REQ-02025,Examination System,The system shall prevent a candidate from submitting a duplicate result record.,Functional,validation,well-formed,0,0,,1,,12,
REQ-02026,Examination System,The system shall display a paginated list of exam timetable entrys with twenty entries per page.,Functional,read,well-formed,0,0,,1,,16,
REQ-02027,Examination System,The system shall maintain an audit log of every change made to a exam timetable entry.,Functional,audit,well-formed,0,0,,1,,16,
REQ-02028,Examination System,The system shall allow examination controllers to view a dashboard summarising answer script counts by status.,Functional,report,well-formed,0,0,,1,,16,
REQ-02029,Examination System,The system shall allow candidates to delete a mark sheet that is no longer required.,Functional,delete,well-formed,0,0,,1,,15,
REQ-02030,Examination System,The system shall allow candidates to sort the list of mark sheets by date of creation.,Functional,search,well-formed,0,0,,1,,16,
REQ-02031,Examination System,The system shall allow candidates to delete a result record that is no longer required.,Functional,delete,well-formed,0,0,,1,,15,
REQ-02032,Examination System,The system shall restrict access to a exam registration to the candidate who created it.,Functional,authorization,well-formed,0,0,,1,,15,
REQ-02033,Examination System,The system shall allow examination controllers to generate a monthly report of all mark sheets.,Functional,report,well-formed,0,0,,1,,15,
REQ-02034,Examination System,The system shall restrict access to a revaluation request to the candidate who created it.,Functional,authorization,well-formed,0,0,,1,,15,
REQ-02035,Examination System,The system shall allow candidates to download a question paper as a PDF document.,Functional,export,well-formed,0,0,,1,,14,
REQ-02036,Examination System,The system shall record the date and time at which each malpractice report is modified.,Functional,audit,well-formed,0,0,,1,,15,
REQ-02037,Examination System,The system shall record the date and time at which each question paper is modified.,Functional,audit,well-formed,0,0,,1,,15,
REQ-02038,Examination System,The system shall allow candidates to attach a supporting document to a question paper.,Functional,attachment,well-formed,0,0,,1,,14,
REQ-02039,Examination System,The system shall allow candidates to update an existing revaluation request.,Functional,update,well-formed,0,0,,1,,11,
REQ-02040,Examination System,The system shall display a paginated list of exam registrations with twenty entries per page.,Functional,read,well-formed,0,0,,1,,15,
REQ-02041,Examination System,The system shall validate all mandatory fields of a malpractice report before saving it.,Functional,validation,well-formed,0,0,,1,,14,
REQ-02042,Examination System,The system shall allow candidates to attach a supporting document to a exam registration.,Functional,attachment,well-formed,0,0,,1,,14,
REQ-02043,Examination System,The system shall allow examination controllers to reject a result record with a mandatory reason.,Functional,workflow,well-formed,0,0,,1,,15,
REQ-02044,Examination System,The system shall allow candidates to add a comment to a malpractice report.,Functional,collaboration,well-formed,0,0,,1,,13,
REQ-02045,Examination System,The system shall allow candidates to filter the list of question papers by status.,Functional,search,well-formed,0,0,,1,,14,
REQ-02046,Examination System,The system shall allow candidates to download a result record as a PDF document.,Functional,export,well-formed,0,0,,1,,14,
REQ-02047,Examination System,The system shall allow candidates to view the details of a selected answer script.,Functional,read,well-formed,0,0,,1,,14,
REQ-02048,Examination System,The system shall allow examination controllers to archive a result record older than one year.,Functional,archival,well-formed,0,0,,1,,15,
REQ-02049,Examination System,The system shall validate all mandatory fields of a answer script before saving it.,Functional,validation,well-formed,0,0,,1,,14,
REQ-02050,Examination System,The system shall allow examination controllers to generate a monthly report of all exam timetable entrys.,Functional,report,well-formed,0,0,,1,,16,
REQ-02051,Examination System,The system shall allow candidates to download a seating allocation as a PDF document.,Functional,export,well-formed,0,0,,1,,14,
REQ-02052,Examination System,The system shall allow examination controllers to view a dashboard summarising mark sheet counts by status.,Functional,report,well-formed,0,0,,1,,16,
REQ-02053,Examination System,The system shall record the date and time at which each revaluation request is modified.,Functional,audit,well-formed,0,0,,1,,15,
REQ-02054,Examination System,The system shall allow examination controllers to approve a question paper submitted by a candidate.,Functional,workflow,well-formed,0,0,,1,,15,
REQ-02055,Examination System,The system shall allow candidates to search for a exam timetable entry by exam name.,Functional,search,well-formed,0,0,,1,,15,
REQ-02056,Examination System,The system shall prevent a candidate from submitting a duplicate mark sheet.,Functional,validation,well-formed,0,0,,1,,12,
REQ-02057,Examination System,The system shall allow candidates to filter the list of mark sheets by status.,Functional,search,well-formed,0,0,,1,,14,
REQ-02058,Examination System,The system shall display the current status of each exam timetable entry on the candidate dashboard.,Functional,read,well-formed,0,0,,1,,16,
REQ-02059,Examination System,The system shall allow examination controllers to generate a monthly report of all question papers.,Functional,report,well-formed,0,0,,1,,15,
REQ-02060,Examination System,The system shall allow examination controllers to reject a seating allocation with a mandatory reason.,Functional,workflow,well-formed,0,0,,1,,15,
REQ-02061,Examination System,The system shall allow candidates to create a new malpractice report.,Functional,create,well-formed,0,0,,1,,11,
REQ-02062,Examination System,The system shall allow candidates to view the details of a selected mark sheet.,Functional,read,well-formed,0,0,,1,,14,
REQ-02063,Examination System,The system shall allow candidates to save a answer script for later use.,Functional,duplicate-pair,well-formed,0,0,EXA-DUP-1,1,,13,original of a near-duplicate pair
REQ-02064,Examination System,The system shall allow candidates to bookmark a answer script for future reference.,Functional,duplicate-pair,duplicate,0,1,EXA-DUP-1,0,,13,restates the requirement above
REQ-02065,Examination System,The system shall allow candidates to cancel a malpractice report before it is processed.,Functional,duplicate-pair,well-formed,0,0,EXA-DUP-2,1,,14,original of a near-duplicate pair
REQ-02066,Examination System,The system shall allow candidates to withdraw a malpractice report prior to processing.,Functional,duplicate-pair,duplicate,0,1,EXA-DUP-2,0,,13,restates the requirement above
REQ-02067,Examination System,The system shall allow candidates to search for a hall ticket by exam name.,Functional,duplicate-pair,well-formed,0,0,EXA-DUP-3,1,,14,original of a near-duplicate pair
REQ-02068,Examination System,The system shall provide a search facility that locates a hall ticket using exam name.,Functional,duplicate-pair,duplicate,0,1,EXA-DUP-3,0,,15,restates the requirement above
REQ-02069,Examination System,The system shall send a confirmation message once a answer script is submitted.,Functional,duplicate-pair,well-formed,0,0,EXA-DUP-4,1,,13,original of a near-duplicate pair
REQ-02070,Examination System,The system shall notify the candidate after a answer script has been submitted successfully.,Functional,duplicate-pair,duplicate,0,1,EXA-DUP-4,0,,14,restates the requirement above
REQ-02071,Examination System,The system shall allow examination controllers to remove a mark sheet from the system.,Functional,duplicate-pair,well-formed,0,0,EXA-DUP-5,1,,14,original of a near-duplicate pair
REQ-02072,Examination System,The system shall allow examination controllers to delete an existing mark sheet record.,Functional,duplicate-pair,duplicate,0,1,EXA-DUP-5,0,,13,restates the requirement above
REQ-02073,Examination System,The system shall allow candidates to rate a completed exam registration from one to five stars.,Functional,duplicate-pair,well-formed,0,0,EXA-DUP-6,1,,16,original of a near-duplicate pair
REQ-02074,Examination System,The system shall allow candidates to give a star rating between one and five for a finished exam registration.,Functional,duplicate-pair,duplicate,0,1,EXA-DUP-6,0,,19,restates the requirement above
REQ-02075,Examination System,The system shall handle question papers appropriately.,Functional,under-specified,ambiguous,1,0,,0,appropriate|appropriately,7,
REQ-02076,Examination System,The system shall manage result records in an efficient manner.,Functional,under-specified,ambiguous,1,0,,0,efficient,10,
REQ-02077,Examination System,The system shall process a result record as quickly as possible.,Functional,under-specified,ambiguous,1,0,,0,as quickly as possible|quickly,11,
REQ-02078,Examination System,The system should support various operations on revaluation requests as needed.,Functional,under-specified,ambiguous,1,0,,0,as needed|various,11,
REQ-02079,Examination System,The system shall provide adequate options for managing seating allocations.,Functional,under-specified,ambiguous,1,0,,0,adequate,10,
REQ-02080,Examination System,The system shall display suitable information about each mark sheet.,Functional,under-specified,ambiguous,1,0,,0,suitable,10,
REQ-02081,Examination System,The system shall deal with invalid mark sheet data properly.,Functional,under-specified,ambiguous,1,0,,0,properly,10,
REQ-02082,Examination System,The system shall support most of the common actions on a hall ticket.,Functional,under-specified,ambiguous,1,0,,0,common|most,13,
REQ-02083,Examination System,The system shall provide appropriate error messages when something goes wrong with a result record.,Functional,under-specified,ambiguous,1,0,,0,appropriate|something goes wrong,15,
REQ-02084,Examination System,The system shall be able to work with a reasonable number of exam registrations.,Functional,under-specified,ambiguous,1,0,,0,reasonable,14,
REQ-02085,Examination System,The system shall display any question paper search result within 2 seconds for 95 percent of requests.,Non-Functional,Performance,well-formed,0,0,,1,,17,
REQ-02086,Examination System,The system shall take an automated backup of the malpractice report database every 6 hours.,Non-Functional,Reliability,well-formed,0,0,,1,,15,
REQ-02087,Examination System,The system shall retain question paper records for 7 years before permanent deletion.,Non-Functional,Compliance,well-formed,0,0,,1,,13,
REQ-02088,Examination System,The system shall recover and resume an interrupted exam registration submission within 10 seconds of reconnection.,Non-Functional,Reliability,well-formed,0,0,,1,,16,
REQ-02089,Examination System,The system shall allow a candidate to download all personal data held about them within 48 hours of request.,Non-Functional,Compliance,well-formed,0,0,,1,,19,
REQ-02090,Examination System,The system shall allow a new candidate to complete a exam registration within 3 minutes without external assistance.,Non-Functional,Usability,well-formed,0,0,,1,,18,
REQ-02091,Examination System,The system shall process at least 200 exam registration submissions per minute at peak load.,Non-Functional,Performance,well-formed,0,0,,1,,15,
REQ-02092,Examination System,The system shall expose all result record operations through a documented REST API.,Non-Functional,Interoperability,well-formed,0,0,,1,,13,
REQ-02093,Examination System,The system should be user-friendly and easy to use for all candidates.,Non-Functional,Usability,ambiguous,1,0,,0,easy|user-friendly,12,
REQ-02094,Examination System,The system shall be secure and protect candidate data appropriately.,Non-Functional,Security,ambiguous,1,0,,0,appropriate|appropriately,10,
REQ-02095,Examination System,The system shall load hall ticket pages quickly.,Non-Functional,Performance,ambiguous,1,0,,0,quickly,8,
REQ-02096,Examination System,The system shall allow candidates to download a answer script as a PDF document.,Functional,export,well-formed,0,0,,1,,14,
REQ-02097,Examination System,The system shall allow candidates to search for a malpractice report by registration number.,Functional,search,well-formed,0,0,,1,,14,
REQ-02098,Examination System,The system shall send an email notification to the candidate when a revaluation request is created.,Functional,notify,well-formed,0,0,,1,,16,
REQ-02099,Examination System,The system shall allow candidates to add a comment to a seating allocation.,Functional,collaboration,well-formed,0,0,,1,,13,
REQ-02100,Examination System,The system shall send an email notification to the candidate when a malpractice report is created.,Functional,notify,well-formed,0,0,,1,,16,
REQ-02101,Smart Home Control,The system shall allow system administrators to assign roles and permissions to a user account.,Functional,authorization,well-formed,0,0,,1,,15,
REQ-02102,Smart Home Control,The system shall allow system administrators to generate a monthly report of all energy usage records.,Functional,report,well-formed,0,0,,1,,16,
REQ-02103,Smart Home Control,The system shall allow system administrators to approve a energy usage record submitted by a resident.,Functional,workflow,well-formed,0,0,,1,,16,
REQ-02104,Smart Home Control,The system shall allow system administrators to generate a monthly report of all connected devices.,Functional,report,well-formed,0,0,,1,,15,
REQ-02105,Smart Home Control,The system shall allow system administrators to view a dashboard summarising security camera feed counts by status.,Functional,report,well-formed,0,0,,1,,17,
REQ-02106,Smart Home Control,The system shall allow system administrators to view a dashboard summarising door lock event counts by status.,Functional,report,well-formed,0,0,,1,,17,
REQ-02107,Smart Home Control,The system shall allow system administrators to archive a connected device older than one year.,Functional,archival,well-formed,0,0,,1,,15,
REQ-02108,Smart Home Control,The system shall send an SMS alert to the resident when the status of a security camera feed changes.,Functional,notify,well-formed,0,0,,1,,19,
REQ-02109,Smart Home Control,The system shall allow residents to update an existing automation rule.,Functional,update,well-formed,0,0,,1,,11,
REQ-02110,Smart Home Control,The system shall display a paginated list of energy usage records with twenty entries per page.,Functional,read,well-formed,0,0,,1,,16,
REQ-02111,Smart Home Control,The system shall record the date and time at which each security camera feed is modified.,Functional,audit,well-formed,0,0,,1,,16,
REQ-02112,Smart Home Control,The system shall allow residents to export the list of automation rules as a CSV file.,Functional,export,well-formed,0,0,,1,,16,
REQ-02113,Smart Home Control,The system shall record the date and time at which each connected device is modified.,Functional,audit,well-formed,0,0,,1,,15,
REQ-02114,Smart Home Control,The system shall allow residents to view the details of a selected sensor alert.,Functional,read,well-formed,0,0,,1,,14,
REQ-02115,Smart Home Control,The system shall restrict access to a device group to the resident who created it.,Functional,authorization,well-formed,0,0,,1,,15,
REQ-02116,Smart Home Control,The system shall prevent a resident from submitting a duplicate firmware update record.,Functional,validation,well-formed,0,0,,1,,13,
REQ-02117,Smart Home Control,The system shall allow residents to attach a supporting document to a security camera feed.,Functional,attachment,well-formed,0,0,,1,,15,
REQ-02118,Smart Home Control,The system shall allow system administrators to generate a monthly report of all automation rules.,Functional,report,well-formed,0,0,,1,,15,
REQ-02119,Smart Home Control,The system shall maintain an audit log of every change made to a automation rule.,Functional,audit,well-formed,0,0,,1,,15,
REQ-02120,Smart Home Control,The system shall allow residents to add a comment to a firmware update record.,Functional,collaboration,well-formed,0,0,,1,,14,
REQ-02121,Smart Home Control,The system shall allow residents to update an existing device group.,Functional,update,well-formed,0,0,,1,,11,
REQ-02122,Smart Home Control,The system shall allow residents to export the list of sensor alerts as a CSV file.,Functional,export,well-formed,0,0,,1,,16,
REQ-02123,Smart Home Control,The system shall allow residents to add a comment to a door lock event.,Functional,collaboration,well-formed,0,0,,1,,14,
REQ-02124,Smart Home Control,The system shall allow residents to export the list of device groups as a CSV file.,Functional,export,well-formed,0,0,,1,,16,
REQ-02125,Smart Home Control,The system shall display a paginated list of door lock events with twenty entries per page.,Functional,read,well-formed,0,0,,1,,16,
REQ-02126,Smart Home Control,The system shall allow system administrators to archive a firmware update record older than one year.,Functional,archival,well-formed,0,0,,1,,16,
REQ-02127,Smart Home Control,The system shall allow system administrators to generate a monthly report of all guest access tokens.,Functional,report,well-formed,0,0,,1,,16,
REQ-02128,Smart Home Control,The system shall allow residents to delete a sensor alert that is no longer required.,Functional,delete,well-formed,0,0,,1,,15,
REQ-02129,Smart Home Control,The system shall allow residents to attach a supporting document to a connected device.,Functional,attachment,well-formed,0,0,,1,,14,
REQ-02130,Smart Home Control,The system shall allow residents to filter the list of scene presets by status.,Functional,search,well-formed,0,0,,1,,14,
REQ-02131,Smart Home Control,The system shall prevent a resident from submitting a duplicate connected device.,Functional,validation,well-formed,0,0,,1,,12,
REQ-02132,Smart Home Control,The system shall display a paginated list of guest access tokens with twenty entries per page.,Functional,read,well-formed,0,0,,1,,16,
REQ-02133,Smart Home Control,The system shall allow system administrators to reject a door lock event with a mandatory reason.,Functional,workflow,well-formed,0,0,,1,,16,
REQ-02134,Smart Home Control,The system shall allow residents to search for a security camera feed by device type.,Functional,search,well-formed,0,0,,1,,15,
REQ-02135,Smart Home Control,The system shall allow residents to update an existing door lock event.,Functional,update,well-formed,0,0,,1,,12,
REQ-02136,Smart Home Control,The system shall allow system administrators to reject a security camera feed with a mandatory reason.,Functional,workflow,well-formed,0,0,,1,,16,
REQ-02137,Smart Home Control,The system shall send an email notification to the resident when a firmware update record is created.,Functional,notify,well-formed,0,0,,1,,17,
REQ-02138,Smart Home Control,The system shall display the current status of each door lock event on the resident dashboard.,Functional,read,well-formed,0,0,,1,,16,
REQ-02139,Smart Home Control,The system shall display the current status of each scene preset on the resident dashboard.,Functional,read,well-formed,0,0,,1,,15,
REQ-02140,Smart Home Control,The system shall allow system administrators to reject a automation rule with a mandatory reason.,Functional,workflow,well-formed,0,0,,1,,15,
REQ-02141,Smart Home Control,The system shall allow residents to create a new scene preset.,Functional,create,well-formed,0,0,,1,,11,
REQ-02142,Smart Home Control,The system shall allow residents to delete a device group that is no longer required.,Functional,delete,well-formed,0,0,,1,,15,
REQ-02143,Smart Home Control,The system shall display the current status of each guest access token on the resident dashboard.,Functional,read,well-formed,0,0,,1,,16,
REQ-02144,Smart Home Control,The system shall allow residents to filter the list of guest access tokens by status.,Functional,search,well-formed,0,0,,1,,15,
REQ-02145,Smart Home Control,The system shall allow residents to download a door lock event as a PDF document.,Functional,export,well-formed,0,0,,1,,15,
REQ-02146,Smart Home Control,The system shall allow residents to add a comment to a sensor alert.,Functional,collaboration,well-formed,0,0,,1,,13,
REQ-02147,Smart Home Control,The system shall validate all mandatory fields of a guest access token before saving it.,Functional,validation,well-formed,0,0,,1,,15,
REQ-02148,Smart Home Control,The system shall maintain an audit log of every change made to a guest access token.,Functional,audit,well-formed,0,0,,1,,16,
REQ-02149,Smart Home Control,The system shall allow residents to view the details of a selected security camera feed.,Functional,read,well-formed,0,0,,1,,15,
REQ-02150,Smart Home Control,The system shall allow residents to create a new connected device.,Functional,create,well-formed,0,0,,1,,11,
REQ-02151,Smart Home Control,The system shall allow residents to search for a connected device by device name.,Functional,search,well-formed,0,0,,1,,14,
REQ-02152,Smart Home Control,The system shall display a paginated list of automation rules with twenty entries per page.,Functional,read,well-formed,0,0,,1,,15,
REQ-02153,Smart Home Control,The system shall validate all mandatory fields of a firmware update record before saving it.,Functional,validation,well-formed,0,0,,1,,15,
REQ-02154,Smart Home Control,The system shall send an SMS alert to the resident when the status of a firmware update record changes.,Functional,notify,well-formed,0,0,,1,,19,
REQ-02155,Smart Home Control,The system shall allow residents to sort the list of guest access tokens by date of creation.,Functional,search,well-formed,0,0,,1,,17,
REQ-02156,Smart Home Control,The system shall display a paginated list of scene presets with twenty entries per page.,Functional,read,well-formed,0,0,,1,,15,
REQ-02157,Smart Home Control,The system shall validate all mandatory fields of a door lock event before saving it.,Functional,validation,well-formed,0,0,,1,,15,
REQ-02158,Smart Home Control,The system shall allow residents to add a comment to a scene preset.,Functional,collaboration,well-formed,0,0,,1,,13,
REQ-02159,Smart Home Control,The system shall allow residents to view the details of a selected scene preset.,Functional,read,well-formed,0,0,,1,,14,
REQ-02160,Smart Home Control,The system shall allow residents to delete a connected device that is no longer required.,Functional,delete,well-formed,0,0,,1,,15,
REQ-02161,Smart Home Control,The system shall allow residents to create a new guest access token.,Functional,create,well-formed,0,0,,1,,12,
REQ-02162,Smart Home Control,The system shall allow residents to view the details of a selected firmware update record.,Functional,read,well-formed,0,0,,1,,15,
REQ-02163,Smart Home Control,The system shall allow residents to save a scene preset for later use.,Functional,duplicate-pair,well-formed,0,0,SMA-DUP-1,1,,13,original of a near-duplicate pair
REQ-02164,Smart Home Control,The system shall allow residents to bookmark a scene preset for future reference.,Functional,duplicate-pair,duplicate,0,1,SMA-DUP-1,0,,13,restates the requirement above
REQ-02165,Smart Home Control,The system shall allow residents to cancel a device group before it is processed.,Functional,duplicate-pair,well-formed,0,0,SMA-DUP-2,1,,14,original of a near-duplicate pair
REQ-02166,Smart Home Control,The system shall allow residents to withdraw a device group prior to processing.,Functional,duplicate-pair,duplicate,0,1,SMA-DUP-2,0,,13,restates the requirement above
REQ-02167,Smart Home Control,The system shall allow residents to search for a connected device by room.,Functional,duplicate-pair,well-formed,0,0,SMA-DUP-3,1,,13,original of a near-duplicate pair
REQ-02168,Smart Home Control,The system shall provide a search facility that locates a connected device using room.,Functional,duplicate-pair,duplicate,0,1,SMA-DUP-3,0,,14,restates the requirement above
REQ-02169,Smart Home Control,The system shall send a confirmation message once a energy usage record is submitted.,Functional,duplicate-pair,well-formed,0,0,SMA-DUP-4,1,,14,original of a near-duplicate pair
REQ-02170,Smart Home Control,The system shall notify the resident after a energy usage record has been submitted successfully.,Functional,duplicate-pair,duplicate,0,1,SMA-DUP-4,0,,15,restates the requirement above
REQ-02171,Smart Home Control,The system shall allow system administrators to remove a automation rule from the system.,Functional,duplicate-pair,well-formed,0,0,SMA-DUP-5,1,,14,original of a near-duplicate pair
REQ-02172,Smart Home Control,The system shall allow system administrators to delete an existing automation rule record.,Functional,duplicate-pair,duplicate,0,1,SMA-DUP-5,0,,13,restates the requirement above
REQ-02173,Smart Home Control,The system shall allow residents to rate a completed automation rule from one to five stars.,Functional,duplicate-pair,well-formed,0,0,SMA-DUP-6,1,,16,original of a near-duplicate pair
REQ-02174,Smart Home Control,The system shall allow residents to give a star rating between one and five for a finished automation rule.,Functional,duplicate-pair,duplicate,0,1,SMA-DUP-6,0,,19,restates the requirement above
REQ-02175,Smart Home Control,The system shall handle firmware update records appropriately.,Functional,under-specified,ambiguous,1,0,,0,appropriate|appropriately,8,
REQ-02176,Smart Home Control,The system shall manage energy usage records in an efficient manner.,Functional,under-specified,ambiguous,1,0,,0,efficient,11,
REQ-02177,Smart Home Control,The system shall process a connected device as quickly as possible.,Functional,under-specified,ambiguous,1,0,,0,as quickly as possible|quickly,11,
REQ-02178,Smart Home Control,The system should support various operations on sensor alerts as needed.,Functional,under-specified,ambiguous,1,0,,0,as needed|various,11,
REQ-02179,Smart Home Control,The system shall provide adequate options for managing automation rules.,Functional,under-specified,ambiguous,1,0,,0,adequate,10,
REQ-02180,Smart Home Control,The system shall display suitable information about each sensor alert.,Functional,under-specified,ambiguous,1,0,,0,suitable,10,
REQ-02181,Smart Home Control,The system shall deal with invalid security camera feed data properly.,Functional,under-specified,ambiguous,1,0,,0,properly,11,
REQ-02182,Smart Home Control,The system shall support most of the common actions on a automation rule.,Functional,under-specified,ambiguous,1,0,,0,common|most,13,
REQ-02183,Smart Home Control,The system shall provide appropriate error messages when something goes wrong with a device group.,Functional,under-specified,ambiguous,1,0,,0,appropriate|something goes wrong,15,
REQ-02184,Smart Home Control,The system shall be able to work with a reasonable number of automation rules.,Functional,under-specified,ambiguous,1,0,,0,reasonable,14,
REQ-02185,Smart Home Control,The system shall retain guest access token records for 7 years before permanent deletion.,Non-Functional,Compliance,well-formed,0,0,,1,,14,
REQ-02186,Smart Home Control,The system shall allow a new resident to complete a automation rule within 3 minutes without external assistance.,Non-Functional,Usability,well-formed,0,0,,1,,18,
REQ-02187,Smart Home Control,The system shall recover and resume an interrupted automation rule submission within 10 seconds of reconnection.,Non-Functional,Reliability,well-formed,0,0,,1,,16,
REQ-02188,Smart Home Control,The system shall process at least 200 automation rule submissions per minute at peak load.,Non-Functional,Performance,well-formed,0,0,,1,,15,
REQ-02189,Smart Home Control,The system shall allow a resident to download all personal data held about them within 48 hours of request.,Non-Functional,Compliance,well-formed,0,0,,1,,19,
REQ-02190,Smart Home Control,The system shall expose all sensor alert operations through a documented REST API.,Non-Functional,Interoperability,well-formed,0,0,,1,,13,
REQ-02191,Smart Home Control,The system shall take an automated backup of the sensor alert database every 6 hours.,Non-Functional,Reliability,well-formed,0,0,,1,,15,
REQ-02192,Smart Home Control,The system shall display any firmware update record search result within 2 seconds for 95 percent of requests.,Non-Functional,Performance,well-formed,0,0,,1,,18,
REQ-02193,Smart Home Control,The system should be user-friendly and easy to use for all residents.,Non-Functional,Usability,ambiguous,1,0,,0,easy|user-friendly,12,
REQ-02194,Smart Home Control,The system shall be secure and protect resident data appropriately.,Non-Functional,Security,ambiguous,1,0,,0,appropriate|appropriately,10,
REQ-02195,Smart Home Control,The system shall load sensor alert pages quickly.,Non-Functional,Performance,ambiguous,1,0,,0,quickly,8,
REQ-02196,Smart Home Control,The system shall allow system administrators to archive a guest access token older than one year.,Functional,archival,well-formed,0,0,,1,,16,
REQ-02197,Smart Home Control,The system shall allow residents to create a new sensor alert.,Functional,create,well-formed,0,0,,1,,11,
REQ-02198,Smart Home Control,The system shall allow system administrators to generate a monthly report of all security camera feeds.,Functional,report,well-formed,0,0,,1,,16,
REQ-02199,Smart Home Control,The system shall allow residents to add a comment to a device group.,Functional,collaboration,well-formed,0,0,,1,,13,
REQ-02200,Smart Home Control,The system shall allow system administrators to approve a connected device submitted by a resident.,Functional,workflow,well-formed,0,0,,1,,15,
REQ-02201,Job Portal,The system shall maintain an audit log of every change made to a saved job.,Functional,audit,well-formed,0,0,,1,,15,
REQ-02202,Job Portal,The system shall allow job seekers to update an existing skill tag.,Functional,update,well-formed,0,0,,1,,12,
REQ-02203,Job Portal,The system shall allow job seekers to sort the list of applications by date of creation.,Functional,search,well-formed,0,0,,1,,16,
REQ-02204,Job Portal,The system shall allow job seekers to filter the list of employer profiles by status.,Functional,search,well-formed,0,0,,1,,15,
REQ-02205,Job Portal,The system shall allow job seekers to create a new employer profile.,Functional,create,well-formed,0,0,,1,,12,
REQ-02206,Job Portal,The system shall record the date and time at which each resume is modified.,Functional,audit,well-formed,0,0,,1,,14,
REQ-02207,Job Portal,The system shall allow job seekers to attach a supporting document to a employer profile.,Functional,attachment,well-formed,0,0,,1,,15,
REQ-02208,Job Portal,The system shall allow job seekers to create a new job posting.,Functional,create,well-formed,0,0,,1,,12,
REQ-02209,Job Portal,The system shall allow job seekers to add a comment to a job posting.,Functional,collaboration,well-formed,0,0,,1,,14,
REQ-02210,Job Portal,The system shall send an email notification to the job seeker when a recruiter message is created.,Functional,notify,well-formed,0,0,,1,,17,
REQ-02211,Job Portal,The system shall allow job seekers to search for a application by company.,Functional,search,well-formed,0,0,,1,,13,
REQ-02212,Job Portal,The system shall allow job seekers to download a interview schedule as a PDF document.,Functional,export,well-formed,0,0,,1,,15,
REQ-02213,Job Portal,The system shall display a paginated list of offer letter records with twenty entries per page.,Functional,read,well-formed,0,0,,1,,16,
REQ-02214,Job Portal,The system shall allow job seekers to update an existing employer profile.,Functional,update,well-formed,0,0,,1,,12,
REQ-02215,Job Portal,The system shall display a paginated list of job postings with twenty entries per page.,Functional,read,well-formed,0,0,,1,,15,
REQ-02216,Job Portal,The system shall allow job seekers to view the details of a selected skill tag.,Functional,read,well-formed,0,0,,1,,15,
REQ-02217,Job Portal,The system shall allow portal administrators to approve a offer letter record submitted by a job seeker.,Functional,workflow,well-formed,0,0,,1,,17,
REQ-02218,Job Portal,The system shall allow job seekers to sort the list of interview schedules by date of creation.,Functional,search,well-formed,0,0,,1,,17,
REQ-02219,Job Portal,The system shall allow job seekers to attach a supporting document to a offer letter record.,Functional,attachment,well-formed,0,0,,1,,16,
REQ-02220,Job Portal,The system shall allow job seekers to update an existing job posting.,Functional,update,well-formed,0,0,,1,,12,
REQ-02221,Job Portal,The system shall allow job seekers to sort the list of offer letter records by date of creation.,Functional,search,well-formed,0,0,,1,,18,
REQ-02222,Job Portal,The system shall record the date and time at which each application is modified.,Functional,audit,well-formed,0,0,,1,,14,
REQ-02223,Job Portal,The system shall allow job seekers to sort the list of skill tags by date of creation.,Functional,search,well-formed,0,0,,1,,17,
REQ-02224,Job Portal,The system shall allow job seekers to search for a interview schedule by location.,Functional,search,well-formed,0,0,,1,,14,
REQ-02225,Job Portal,The system shall allow job seekers to add a comment to a recruiter message.,Functional,collaboration,well-formed,0,0,,1,,14,
REQ-02226,Job Portal,The system shall allow job seekers to search for a saved job by location.,Functional,search,well-formed,0,0,,1,,14,
REQ-02227,Job Portal,The system shall allow job seekers to create a new saved job.,Functional,create,well-formed,0,0,,1,,12,
REQ-02228,Job Portal,The system shall display the current status of each skill tag on the job seeker dashboard.,Functional,read,well-formed,0,0,,1,,16,
REQ-02229,Job Portal,The system shall allow portal administrators to reject a employer profile with a mandatory reason.,Functional,workflow,well-formed,0,0,,1,,15,
REQ-02230,Job Portal,The system shall allow job seekers to search for a employer profile by company.,Functional,search,well-formed,0,0,,1,,14,
REQ-02231,Job Portal,The system shall display the current status of each application status update on the job seeker dashboard.,Functional,read,well-formed,0,0,,1,,17,
REQ-02232,Job Portal,The system shall allow job seekers to export the list of recruiter messages as a CSV file.,Functional,export,well-formed,0,0,,1,,17,
REQ-02233,Job Portal,The system shall validate all mandatory fields of a recruiter message before saving it.,Functional,validation,well-formed,0,0,,1,,14,
REQ-02234,Job Portal,The system shall restrict access to a skill tag to the job seeker who created it.,Functional,authorization,well-formed,0,0,,1,,16,
REQ-02235,Job Portal,The system shall restrict access to a offer letter record to the job seeker who created it.,Functional,authorization,well-formed,0,0,,1,,17,
REQ-02236,Job Portal,The system shall allow portal administrators to archive a offer letter record older than one year.,Functional,archival,well-formed,0,0,,1,,16,
REQ-02237,Job Portal,The system shall record the date and time at which each offer letter record is modified.,Functional,audit,well-formed,0,0,,1,,16,
REQ-02238,Job Portal,The system shall send an email notification to the job seeker when a application is created.,Functional,notify,well-formed,0,0,,1,,16,
REQ-02239,Job Portal,The system shall allow job seekers to filter the list of offer letter records by status.,Functional,search,well-formed,0,0,,1,,16,
REQ-02240,Job Portal,The system shall allow portal administrators to view a dashboard summarising application counts by status.,Functional,report,well-formed,0,0,,1,,15,
REQ-02241,Job Portal,The system shall allow job seekers to create a new offer letter record.,Functional,create,well-formed,0,0,,1,,13,
REQ-02242,Job Portal,The system shall allow job seekers to add a comment to a resume.,Functional,collaboration,well-formed,0,0,,1,,13,
REQ-02243,Job Portal,The system shall allow portal administrators to approve a application status update submitted by a job seeker.,Functional,workflow,well-formed,0,0,,1,,17,
REQ-02244,Job Portal,The system shall allow job seekers to export the list of employer profiles as a CSV file.,Functional,export,well-formed,0,0,,1,,17,
REQ-02245,Job Portal,The system shall send an email notification to the job seeker when a offer letter record is created.,Functional,notify,well-formed,0,0,,1,,18,
REQ-02246,Job Portal,The system shall display the current status of each application on the job seeker dashboard.,Functional,read,well-formed,0,0,,1,,15,
REQ-02247,Job Portal,The system shall allow portal administrators to approve a resume submitted by a job seeker.,Functional,workflow,well-formed,0,0,,1,,15,
REQ-02248,Job Portal,The system shall allow portal administrators to approve a recruiter message submitted by a job seeker.,Functional,workflow,well-formed,0,0,,1,,16,
REQ-02249,Job Portal,The system shall display the current status of each interview schedule on the job seeker dashboard.,Functional,read,well-formed,0,0,,1,,16,
REQ-02250,Job Portal,The system shall allow job seekers to filter the list of interview schedules by status.,Functional,search,well-formed,0,0,,1,,15,
REQ-02251,Job Portal,The system shall allow portal administrators to reject a application status update with a mandatory reason.,Functional,workflow,well-formed,0,0,,1,,16,
REQ-02252,Job Portal,The system shall allow job seekers to add a comment to a offer letter record.,Functional,collaboration,well-formed,0,0,,1,,15,
REQ-02253,Job Portal,The system shall allow portal administrators to reject a resume with a mandatory reason.,Functional,workflow,well-formed,0,0,,1,,14,
REQ-02254,Job Portal,The system shall allow portal administrators to view a dashboard summarising employer profile counts by status.,Functional,report,well-formed,0,0,,1,,16,
REQ-02255,Job Portal,The system shall allow portal administrators to archive a recruiter message older than one year.,Functional,archival,well-formed,0,0,,1,,15,
REQ-02256,Job Portal,The system shall allow portal administrators to approve a job posting submitted by a job seeker.,Functional,workflow,well-formed,0,0,,1,,16,
REQ-02257,Job Portal,The system shall allow job seekers to download a resume as a PDF document.,Functional,export,well-formed,0,0,,1,,14,
REQ-02258,Job Portal,The system shall prevent a job seeker from submitting a duplicate job posting.,Functional,validation,well-formed,0,0,,1,,13,
REQ-02259,Job Portal,The system shall validate all mandatory fields of a resume before saving it.,Functional,validation,well-formed,0,0,,1,,13,
REQ-02260,Job Portal,The system shall allow job seekers to delete a employer profile that is no longer required.,Functional,delete,well-formed,0,0,,1,,16,
REQ-02261,Job Portal,The system shall allow job seekers to view the details of a selected application status update.,Functional,read,well-formed,0,0,,1,,16,
REQ-02262,Job Portal,The system shall allow job seekers to update an existing saved job.,Functional,update,well-formed,0,0,,1,,12,
REQ-02263,Job Portal,The system shall allow job seekers to save a job posting for later use.,Functional,duplicate-pair,well-formed,0,0,JOB-DUP-1,1,,14,original of a near-duplicate pair
REQ-02264,Job Portal,The system shall allow job seekers to bookmark a job posting for future reference.,Functional,duplicate-pair,duplicate,0,1,JOB-DUP-1,0,,14,restates the requirement above
REQ-02265,Job Portal,The system shall allow job seekers to cancel a recruiter message before it is processed.,Functional,duplicate-pair,well-formed,0,0,JOB-DUP-2,1,,15,original of a near-duplicate pair
REQ-02266,Job Portal,The system shall allow job seekers to withdraw a recruiter message prior to processing.,Functional,duplicate-pair,duplicate,0,1,JOB-DUP-2,0,,14,restates the requirement above
REQ-02267,Job Portal,The system shall allow job seekers to search for a resume by location.,Functional,duplicate-pair,well-formed,0,0,JOB-DUP-3,1,,13,original of a near-duplicate pair
REQ-02268,Job Portal,The system shall provide a search facility that locates a resume using location.,Functional,duplicate-pair,duplicate,0,1,JOB-DUP-3,0,,13,restates the requirement above
REQ-02269,Job Portal,The system shall send a confirmation message once a skill tag is submitted.,Functional,duplicate-pair,well-formed,0,0,JOB-DUP-4,1,,13,original of a near-duplicate pair
REQ-02270,Job Portal,The system shall notify the job seeker after a skill tag has been submitted successfully.,Functional,duplicate-pair,duplicate,0,1,JOB-DUP-4,0,,15,restates the requirement above
REQ-02271,Job Portal,The system shall allow portal administrators to remove a job posting from the system.,Functional,duplicate-pair,well-formed,0,0,JOB-DUP-5,1,,14,original of a near-duplicate pair
REQ-02272,Job Portal,The system shall allow portal administrators to delete an existing job posting record.,Functional,duplicate-pair,duplicate,0,1,JOB-DUP-5,0,,13,restates the requirement above
REQ-02273,Job Portal,The system shall allow job seekers to rate a completed application from one to five stars.,Functional,duplicate-pair,well-formed,0,0,JOB-DUP-6,1,,16,original of a near-duplicate pair
REQ-02274,Job Portal,The system shall allow job seekers to give a star rating between one and five for a finished application.,Functional,duplicate-pair,duplicate,0,1,JOB-DUP-6,0,,19,restates the requirement above
REQ-02275,Job Portal,The system shall handle offer letter records appropriately.,Functional,under-specified,ambiguous,1,0,,0,appropriate|appropriately,8,
REQ-02276,Job Portal,The system shall manage application status updates in an efficient manner.,Functional,under-specified,ambiguous,1,0,,0,efficient,11,
REQ-02277,Job Portal,The system shall process a employer profile as quickly as possible.,Functional,under-specified,ambiguous,1,0,,0,as quickly as possible|quickly,11,
REQ-02278,Job Portal,The system should support various operations on job postings as needed.,Functional,under-specified,ambiguous,1,0,,0,as needed|various,11,
REQ-02279,Job Portal,The system shall provide adequate options for managing offer letter records.,Functional,under-specified,ambiguous,1,0,,0,adequate,11,
REQ-02280,Job Portal,The system shall display suitable information about each employer profile.,Functional,under-specified,ambiguous,1,0,,0,suitable,10,
REQ-02281,Job Portal,The system shall deal with invalid skill tag data properly.,Functional,under-specified,ambiguous,1,0,,0,properly,10,
REQ-02282,Job Portal,The system shall support most of the common actions on a application status update.,Functional,under-specified,ambiguous,1,0,,0,common|most,14,
REQ-02283,Job Portal,The system shall provide appropriate error messages when something goes wrong with a employer profile.,Functional,under-specified,ambiguous,1,0,,0,appropriate|something goes wrong,15,
REQ-02284,Job Portal,The system shall be able to work with a reasonable number of application status updates.,Functional,under-specified,ambiguous,1,0,,0,reasonable,15,
REQ-02285,Job Portal,The system shall recover and resume an interrupted application submission within 10 seconds of reconnection.,Non-Functional,Reliability,well-formed,0,0,,1,,15,
REQ-02286,Job Portal,The system shall take an automated backup of the application database every 6 hours.,Non-Functional,Reliability,well-formed,0,0,,1,,14,
REQ-02287,Job Portal,The system shall display any saved job search result within 2 seconds for 95 percent of requests.,Non-Functional,Performance,well-formed,0,0,,1,,17,
REQ-02288,Job Portal,The system shall allow a job seeker to download all personal data held about them within 48 hours of request.,Non-Functional,Compliance,well-formed,0,0,,1,,20,
REQ-02289,Job Portal,The system shall expose all resume operations through a documented REST API.,Non-Functional,Interoperability,well-formed,0,0,,1,,12,
REQ-02290,Job Portal,The system shall retain offer letter record records for 7 years before permanent deletion.,Non-Functional,Compliance,well-formed,0,0,,1,,14,
REQ-02291,Job Portal,The system shall allow a new job seeker to complete a application within 3 minutes without external assistance.,Non-Functional,Usability,well-formed,0,0,,1,,18,
REQ-02292,Job Portal,The system shall process at least 200 application submissions per minute at peak load.,Non-Functional,Performance,well-formed,0,0,,1,,14,
REQ-02293,Job Portal,The system should be user-friendly and easy to use for all job seekers.,Non-Functional,Usability,ambiguous,1,0,,0,easy|user-friendly,13,
REQ-02294,Job Portal,The system shall be secure and protect job seeker data appropriately.,Non-Functional,Security,ambiguous,1,0,,0,appropriate|appropriately,11,
REQ-02295,Job Portal,The system shall load offer letter record pages quickly.,Non-Functional,Performance,ambiguous,1,0,,0,quickly,9,
REQ-02296,Job Portal,The system shall allow job seekers to attach a supporting document to a saved job.,Functional,attachment,well-formed,0,0,,1,,15,
REQ-02297,Job Portal,The system shall allow job seekers to add a comment to a skill tag.,Functional,collaboration,well-formed,0,0,,1,,14,
REQ-02298,Job Portal,The system shall prevent a job seeker from submitting a duplicate resume.,Functional,validation,well-formed,0,0,,1,,12,
REQ-02299,Job Portal,The system shall prevent a job seeker from submitting a duplicate offer letter record.,Functional,validation,well-formed,0,0,,1,,14,
REQ-02300,Job Portal,The system shall allow job seekers to export the list of resumes as a CSV file.,Functional,export,well-formed,0,0,,1,,16,
REQ-02301,Parking Management,The system shall allow parking administrators to assign roles and permissions to a user account.,Functional,authorization,well-formed,0,0,,1,,15,
REQ-02302,Parking Management,The system shall allow drivers to pay for a slot booking using a credit or debit card.,Functional,payment,well-formed,0,0,,1,,17,
REQ-02303,Parking Management,The system shall allow drivers to pay for a slot booking using a UPI transaction.,Functional,payment,well-formed,0,0,,1,,15,
REQ-02304,Parking Management,The system shall generate a printable invoice for every completed slot booking.,Functional,payment,well-formed,0,0,,1,,12,
REQ-02305,Parking Management,The system shall allow drivers to request a refund for a cancelled slot booking.,Functional,payment,well-formed,0,0,,1,,14,
REQ-02306,Parking Management,The system shall allow parking administrators to apply a discount to a slot booking before payment.,Functional,payment,well-formed,0,0,,1,,16,
REQ-02307,Parking Management,The system shall allow drivers to view the payment history of all past slot bookings.,Functional,payment,well-formed,0,0,,1,,15,
REQ-02308,Parking Management,The system shall mark a slot booking as failed if the payment gateway returns an error.,Functional,payment,well-formed,0,0,,1,,16,
REQ-02309,Parking Management,The system shall allow drivers to delete a entry record that is no longer required.,Functional,delete,well-formed,0,0,,1,,15,
REQ-02310,Parking Management,The system shall allow drivers to search for a parking slot by slot type.,Functional,search,well-formed,0,0,,1,,14,
REQ-02311,Parking Management,The system shall allow drivers to view the details of a selected entry record.,Functional,read,well-formed,0,0,,1,,14,
REQ-02312,Parking Management,The system shall send an SMS alert to the driver when the status of a gate access log changes.,Functional,notify,well-formed,0,0,,1,,19,
REQ-02313,Parking Management,The system shall allow drivers to export the list of exit records as a CSV file.,Functional,export,well-formed,0,0,,1,,16,
REQ-02314,Parking Management,The system shall allow drivers to attach a supporting document to a parking slot.,Functional,attachment,well-formed,0,0,,1,,14,
REQ-02315,Parking Management,The system shall validate all mandatory fields of a slot booking before saving it.,Functional,validation,well-formed,0,0,,1,,14,
REQ-02316,Parking Management,The system shall allow drivers to download a parking slot as a PDF document.,Functional,export,well-formed,0,0,,1,,14,
REQ-02317,Parking Management,The system shall restrict access to a entry record to the driver who created it.,Functional,authorization,well-formed,0,0,,1,,15,
REQ-02318,Parking Management,The system shall allow drivers to add a comment to a slot availability record.,Functional,collaboration,well-formed,0,0,,1,,14,
REQ-02319,Parking Management,The system shall allow parking administrators to approve a vehicle registration record submitted by a driver.,Functional,workflow,well-formed,0,0,,1,,16,
REQ-02320,Parking Management,The system shall allow parking administrators to generate a monthly report of all vehicle registration records.,Functional,report,well-formed,0,0,,1,,16,
REQ-02321,Parking Management,The system shall allow drivers to delete a monthly pass that is no longer required.,Functional,delete,well-formed,0,0,,1,,15,
REQ-02322,Parking Management,The system shall display the current status of each exit record on the driver dashboard.,Functional,read,well-formed,0,0,,1,,15,
REQ-02323,Parking Management,The system shall allow drivers to search for a slot booking by slot type.,Functional,search,well-formed,0,0,,1,,14,
REQ-02324,Parking Management,The system shall allow drivers to download a violation notice as a PDF document.,Functional,export,well-formed,0,0,,1,,14,
REQ-02325,Parking Management,The system shall allow drivers to export the list of violation notices as a CSV file.,Functional,export,well-formed,0,0,,1,,16,
REQ-02326,Parking Management,The system shall send an email notification to the driver when a parking slot is created.,Functional,notify,well-formed,0,0,,1,,16,
REQ-02327,Parking Management,The system shall restrict access to a exit record to the driver who created it.,Functional,authorization,well-formed,0,0,,1,,15,
REQ-02328,Parking Management,The system shall restrict access to a gate access log to the driver who created it.,Functional,authorization,well-formed,0,0,,1,,16,
REQ-02329,Parking Management,The system shall send an SMS alert to the driver when the status of a monthly pass changes.,Functional,notify,well-formed,0,0,,1,,18,
REQ-02330,Parking Management,The system shall allow parking administrators to approve a exit record submitted by a driver.,Functional,workflow,well-formed,0,0,,1,,15,
REQ-02331,Parking Management,The system shall allow drivers to attach a supporting document to a gate access log.,Functional,attachment,well-formed,0,0,,1,,15,
REQ-02332,Parking Management,The system shall display a paginated list of slot availability records with twenty entries per page.,Functional,read,well-formed,0,0,,1,,16,
REQ-02333,Parking Management,The system shall allow parking administrators to reject a parking slot with a mandatory reason.,Functional,workflow,well-formed,0,0,,1,,15,
REQ-02334,Parking Management,The system shall send an email notification to the driver when a vehicle registration record is created.,Functional,notify,well-formed,0,0,,1,,17,
REQ-02335,Parking Management,The system shall validate all mandatory fields of a entry record before saving it.,Functional,validation,well-formed,0,0,,1,,14,
REQ-02336,Parking Management,The system shall allow drivers to attach a supporting document to a slot availability record.,Functional,attachment,well-formed,0,0,,1,,15,
REQ-02337,Parking Management,The system shall allow drivers to add a comment to a entry record.,Functional,collaboration,well-formed,0,0,,1,,13,
REQ-02338,Parking Management,The system shall allow drivers to sort the list of gate access logs by date of creation.,Functional,search,well-formed,0,0,,1,,17,
REQ-02339,Parking Management,The system shall maintain an audit log of every change made to a monthly pass.,Functional,audit,well-formed,0,0,,1,,15,
REQ-02340,Parking Management,The system shall allow parking administrators to archive a parking slot older than one year.,Functional,archival,well-formed,0,0,,1,,15,
REQ-02341,Parking Management,The system shall allow drivers to update an existing exit record.,Functional,update,well-formed,0,0,,1,,11,
REQ-02342,Parking Management,The system shall allow drivers to sort the list of vehicle registration records by date of creation.,Functional,search,well-formed,0,0,,1,,17,
REQ-02343,Parking Management,The system shall allow drivers to export the list of parking fee entrys as a CSV file.,Functional,export,well-formed,0,0,,1,,17,
REQ-02344,Parking Management,The system shall allow parking administrators to reject a gate access log with a mandatory reason.,Functional,workflow,well-formed,0,0,,1,,16,
REQ-02345,Parking Management,The system shall allow drivers to search for a exit record by slot type.,Functional,search,well-formed,0,0,,1,,14,
REQ-02346,Parking Management,The system shall display the current status of each entry record on the driver dashboard.,Functional,read,well-formed,0,0,,1,,15,
REQ-02347,Parking Management,The system shall display a paginated list of monthly passs with twenty entries per page.,Functional,read,well-formed,0,0,,1,,15,
REQ-02348,Parking Management,The system shall allow drivers to download a monthly pass as a PDF document.,Functional,export,well-formed,0,0,,1,,14,
REQ-02349,Parking Management,The system shall allow parking administrators to archive a exit record older than one year.,Functional,archival,well-formed,0,0,,1,,15,
REQ-02350,Parking Management,The system shall maintain an audit log of every change made to a entry record.,Functional,audit,well-formed,0,0,,1,,15,
REQ-02351,Parking Management,The system shall allow drivers to export the list of gate access logs as a CSV file.,Functional,export,well-formed,0,0,,1,,17,
REQ-02352,Parking Management,The system shall allow parking administrators to approve a monthly pass submitted by a driver.,Functional,workflow,well-formed,0,0,,1,,15,
REQ-02353,Parking Management,The system shall allow drivers to sort the list of parking slots by date of creation.,Functional,search,well-formed,0,0,,1,,16,
REQ-02354,Parking Management,The system shall allow parking administrators to reject a slot booking with a mandatory reason.,Functional,workflow,well-formed,0,0,,1,,15,
REQ-02355,Parking Management,The system shall allow drivers to search for a parking fee entry by slot type.,Functional,search,well-formed,0,0,,1,,15,
REQ-02356,Parking Management,The system shall allow drivers to create a new parking fee entry.,Functional,create,well-formed,0,0,,1,,12,
REQ-02357,Parking Management,The system shall prevent a driver from submitting a duplicate exit record.,Functional,validation,well-formed,0,0,,1,,12,
REQ-02358,Parking Management,The system shall allow drivers to delete a exit record that is no longer required.,Functional,delete,well-formed,0,0,,1,,15,
REQ-02359,Parking Management,The system shall allow parking administrators to view a dashboard summarising parking fee entry counts by status.,Functional,report,well-formed,0,0,,1,,17,
REQ-02360,Parking Management,The system shall allow drivers to delete a vehicle registration record that is no longer required.,Functional,delete,well-formed,0,0,,1,,16,
REQ-02361,Parking Management,The system shall allow drivers to create a new violation notice.,Functional,create,well-formed,0,0,,1,,11,
REQ-02362,Parking Management,The system shall allow drivers to update an existing slot booking.,Functional,update,well-formed,0,0,,1,,11,
REQ-02363,Parking Management,The system shall allow drivers to save a entry record for later use.,Functional,duplicate-pair,well-formed,0,0,PAR-DUP-1,1,,13,original of a near-duplicate pair
REQ-02364,Parking Management,The system shall allow drivers to bookmark a entry record for future reference.,Functional,duplicate-pair,duplicate,0,1,PAR-DUP-1,0,,13,restates the requirement above
REQ-02365,Parking Management,The system shall allow drivers to cancel a entry record before it is processed.,Functional,duplicate-pair,well-formed,0,0,PAR-DUP-2,1,,14,original of a near-duplicate pair
REQ-02366,Parking Management,The system shall allow drivers to withdraw a entry record prior to processing.,Functional,duplicate-pair,duplicate,0,1,PAR-DUP-2,0,,13,restates the requirement above
REQ-02367,Parking Management,The system shall allow drivers to search for a slot availability record by vehicle number.,Functional,duplicate-pair,well-formed,0,0,PAR-DUP-3,1,,15,original of a near-duplicate pair
REQ-02368,Parking Management,The system shall provide a search facility that locates a slot availability record using vehicle number.,Functional,duplicate-pair,duplicate,0,1,PAR-DUP-3,0,,16,restates the requirement above
REQ-02369,Parking Management,The system shall send a confirmation message once a vehicle registration record is submitted.,Functional,duplicate-pair,well-formed,0,0,PAR-DUP-4,1,,14,original of a near-duplicate pair
REQ-02370,Parking Management,The system shall notify the driver after a vehicle registration record has been submitted successfully.,Functional,duplicate-pair,duplicate,0,1,PAR-DUP-4,0,,15,restates the requirement above
REQ-02371,Parking Management,The system shall allow parking administrators to remove a entry record from the system.,Functional,duplicate-pair,well-formed,0,0,PAR-DUP-5,1,,14,original of a near-duplicate pair
REQ-02372,Parking Management,The system shall allow parking administrators to delete an existing entry record record.,Functional,duplicate-pair,duplicate,0,1,PAR-DUP-5,0,,13,restates the requirement above
REQ-02373,Parking Management,The system shall allow drivers to rate a completed slot booking from one to five stars.,Functional,duplicate-pair,well-formed,0,0,PAR-DUP-6,1,,16,original of a near-duplicate pair
REQ-02374,Parking Management,The system shall allow drivers to give a star rating between one and five for a finished slot booking.,Functional,duplicate-pair,duplicate,0,1,PAR-DUP-6,0,,19,restates the requirement above
REQ-02375,Parking Management,The system shall handle violation notices appropriately.,Functional,under-specified,ambiguous,1,0,,0,appropriate|appropriately,7,
REQ-02376,Parking Management,The system shall manage exit records in an efficient manner.,Functional,under-specified,ambiguous,1,0,,0,efficient,10,
REQ-02377,Parking Management,The system shall process a gate access log as quickly as possible.,Functional,under-specified,ambiguous,1,0,,0,as quickly as possible|quickly,12,
REQ-02378,Parking Management,The system should support various operations on vehicle registration records as needed.,Functional,under-specified,ambiguous,1,0,,0,as needed|various,12,
REQ-02379,Parking Management,The system shall provide adequate options for managing entry records.,Functional,under-specified,ambiguous,1,0,,0,adequate,10,
REQ-02380,Parking Management,The system shall display suitable information about each violation notice.,Functional,under-specified,ambiguous,1,0,,0,suitable,10,
REQ-02381,Parking Management,The system shall deal with invalid violation notice data properly.,Functional,under-specified,ambiguous,1,0,,0,properly,10,
REQ-02382,Parking Management,The system shall support most of the common actions on a slot booking.,Functional,under-specified,ambiguous,1,0,,0,common|most,13,
REQ-02383,Parking Management,The system shall provide appropriate error messages when something goes wrong with a parking slot.,Functional,under-specified,ambiguous,1,0,,0,appropriate|something goes wrong,15,
REQ-02384,Parking Management,The system shall be able to work with a reasonable number of parking fee entrys.,Functional,under-specified,ambiguous,1,0,,0,reasonable,15,
REQ-02385,Parking Management,The system shall allow a driver to download all personal data held about them within 48 hours of request.,Non-Functional,Compliance,well-formed,0,0,,1,,19,
REQ-02386,Parking Management,The system shall display any monthly pass search result within 2 seconds for 95 percent of requests.,Non-Functional,Performance,well-formed,0,0,,1,,17,
REQ-02387,Parking Management,The system shall recover and resume an interrupted slot booking submission within 10 seconds of reconnection.,Non-Functional,Reliability,well-formed,0,0,,1,,16,
REQ-02388,Parking Management,The system shall allow a new driver to complete a slot booking within 3 minutes without external assistance.,Non-Functional,Usability,well-formed,0,0,,1,,18,
REQ-02389,Parking Management,The system shall process at least 200 slot booking submissions per minute at peak load.,Non-Functional,Performance,well-formed,0,0,,1,,15,
REQ-02390,Parking Management,The system shall take an automated backup of the entry record database every 6 hours.,Non-Functional,Reliability,well-formed,0,0,,1,,15,
REQ-02391,Parking Management,The system shall expose all gate access log operations through a documented REST API.,Non-Functional,Interoperability,well-formed,0,0,,1,,14,
REQ-02392,Parking Management,The system shall retain parking fee entry records for 7 years before permanent deletion.,Non-Functional,Compliance,well-formed,0,0,,1,,14,
REQ-02393,Parking Management,The system should be user-friendly and easy to use for all drivers.,Non-Functional,Usability,ambiguous,1,0,,0,easy|user-friendly,12,
REQ-02394,Parking Management,The system shall be secure and protect driver data appropriately.,Non-Functional,Security,ambiguous,1,0,,0,appropriate|appropriately,10,
REQ-02395,Parking Management,The system shall load vehicle registration record pages quickly.,Non-Functional,Performance,ambiguous,1,0,,0,quickly,9,
REQ-02396,Parking Management,The system shall restrict access to a violation notice to the driver who created it.,Functional,authorization,well-formed,0,0,,1,,15,
REQ-02397,Parking Management,The system shall allow parking administrators to generate a monthly report of all monthly passs.,Functional,report,well-formed,0,0,,1,,15,
REQ-02398,Parking Management,The system shall restrict access to a parking slot to the driver who created it.,Functional,authorization,well-formed,0,0,,1,,15,
REQ-02399,Parking Management,The system shall validate all mandatory fields of a parking slot before saving it.,Functional,validation,well-formed,0,0,,1,,14,
REQ-02400,Parking Management,The system shall validate all mandatory fields of a gate access log before saving it.,Functional,validation,well-formed,0,0,,1,,15,
REQ-02401,Insurance Claims,The system shall allow claims administrators to assign roles and permissions to a user account.,Functional,authorization,well-formed,0,0,,1,,15,
REQ-02402,Insurance Claims,The system shall allow policyholders to pay for a claim using a credit or debit card.,Functional,payment,well-formed,0,0,,1,,16,
REQ-02403,Insurance Claims,The system shall allow policyholders to pay for a claim using a UPI transaction.,Functional,payment,well-formed,0,0,,1,,14,
REQ-02404,Insurance Claims,The system shall generate a printable invoice for every completed claim.,Functional,payment,well-formed,0,0,,1,,11,
REQ-02405,Insurance Claims,The system shall allow policyholders to request a refund for a cancelled claim.,Functional,payment,well-formed,0,0,,1,,13,
REQ-02406,Insurance Claims,The system shall allow claims administrators to apply a discount to a claim before payment.,Functional,payment,well-formed,0,0,,1,,15,
REQ-02407,Insurance Claims,The system shall allow policyholders to view the payment history of all past claims.,Functional,payment,well-formed,0,0,,1,,14,
REQ-02408,Insurance Claims,The system shall mark a claim as failed if the payment gateway returns an error.,Functional,payment,well-formed,0,0,,1,,15,
REQ-02409,Insurance Claims,The system shall display a paginated list of claim status updates with twenty entries per page.,Functional,read,well-formed,0,0,,1,,16,
REQ-02410,Insurance Claims,The system shall prevent a policyholder from submitting a duplicate policy record.,Functional,validation,well-formed,0,0,,1,,12,
REQ-02411,Insurance Claims,The system shall maintain an audit log of every change made to a policy renewal request.,Functional,audit,well-formed,0,0,,1,,16,
REQ-02412,Insurance Claims,The system shall allow policyholders to create a new settlement record.,Functional,create,well-formed,0,0,,1,,11,
REQ-02413,Insurance Claims,The system shall display the current status of each claim request on the policyholder dashboard.,Functional,read,well-formed,0,0,,1,,15,
REQ-02414,Insurance Claims,The system shall allow policyholders to download a policy record as a PDF document.,Functional,export,well-formed,0,0,,1,,14,
REQ-02415,Insurance Claims,The system shall allow policyholders to create a new policy record.,Functional,create,well-formed,0,0,,1,,11,
REQ-02416,Insurance Claims,The system shall allow policyholders to search for a claim request by claim type.,Functional,search,well-formed,0,0,,1,,14,
REQ-02417,Insurance Claims,The system shall allow policyholders to download a premium payment as a PDF document.,Functional,export,well-formed,0,0,,1,,14,
REQ-02418,Insurance Claims,The system shall allow policyholders to add a comment to a settlement record.,Functional,collaboration,well-formed,0,0,,1,,13,
REQ-02419,Insurance Claims,The system shall maintain an audit log of every change made to a claim request.,Functional,audit,well-formed,0,0,,1,,15,
REQ-02420,Insurance Claims,The system shall send an SMS alert to the policyholder when the status of a settlement record changes.,Functional,notify,well-formed,0,0,,1,,18,
REQ-02421,Insurance Claims,The system shall allow policyholders to filter the list of grievance entrys by status.,Functional,search,well-formed,0,0,,1,,14,
REQ-02422,Insurance Claims,The system shall maintain an audit log of every change made to a policy record.,Functional,audit,well-formed,0,0,,1,,15,
REQ-02423,Insurance Claims,The system shall restrict access to a grievance entry to the policyholder who created it.,Functional,authorization,well-formed,0,0,,1,,15,
REQ-02424,Insurance Claims,The system shall validate all mandatory fields of a settlement record before saving it.,Functional,validation,well-formed,0,0,,1,,14,
REQ-02425,Insurance Claims,The system shall allow claims administrators to approve a policy record submitted by a policyholder.,Functional,workflow,well-formed,0,0,,1,,15,
REQ-02426,Insurance Claims,The system shall allow policyholders to filter the list of premium payments by status.,Functional,search,well-formed,0,0,,1,,14,
REQ-02427,Insurance Claims,The system shall allow policyholders to search for a nominee detail by policy number.,Functional,search,well-formed,0,0,,1,,14,
REQ-02428,Insurance Claims,The system shall restrict access to a nominee detail to the policyholder who created it.,Functional,authorization,well-formed,0,0,,1,,15,
REQ-02429,Insurance Claims,The system shall allow claims administrators to approve a policy renewal request submitted by a policyholder.,Functional,workflow,well-formed,0,0,,1,,16,
REQ-02430,Insurance Claims,The system shall allow claims administrators to archive a surveyor report older than one year.,Functional,archival,well-formed,0,0,,1,,15,
REQ-02431,Insurance Claims,The system shall display a paginated list of claim requests with twenty entries per page.,Functional,read,well-formed,0,0,,1,,15,
REQ-02432,Insurance Claims,The system shall restrict access to a policy record to the policyholder who created it.,Functional,authorization,well-formed,0,0,,1,,15,
REQ-02433,Insurance Claims,The system shall send an SMS alert to the policyholder when the status of a claim status update changes.,Functional,notify,well-formed,0,0,,1,,19,
REQ-02434,Insurance Claims,The system shall validate all mandatory fields of a claim request before saving it.,Functional,validation,well-formed,0,0,,1,,14,
REQ-02435,Insurance Claims,The system shall allow policyholders to add a comment to a grievance entry.,Functional,collaboration,well-formed,0,0,,1,,13,
REQ-02436,Insurance Claims,The system shall allow claims administrators to archive a nominee detail older than one year.,Functional,archival,well-formed,0,0,,1,,15,
REQ-02437,Insurance Claims,The system shall send an SMS alert to the policyholder when the status of a premium payment changes.,Functional,notify,well-formed,0,0,,1,,18,
REQ-02438,Insurance Claims,The system shall allow policyholders to view the details of a selected settlement record.,Functional,read,well-formed,0,0,,1,,14,
REQ-02439,Insurance Claims,The system shall allow policyholders to download a supporting document as a PDF document.,Functional,export,well-formed,0,0,,1,,14,
REQ-02440,Insurance Claims,The system shall send an email notification to the policyholder when a claim status update is created.,Functional,notify,well-formed,0,0,,1,,17,
REQ-02441,Insurance Claims,The system shall send an email notification to the policyholder when a grievance entry is created.,Functional,notify,well-formed,0,0,,1,,16,
REQ-02442,Insurance Claims,The system shall allow claims administrators to generate a monthly report of all nominee details.,Functional,report,well-formed,0,0,,1,,15,
REQ-02443,Insurance Claims,The system shall allow policyholders to update an existing surveyor report.,Functional,update,well-formed,0,0,,1,,11,
REQ-02444,Insurance Claims,The system shall allow claims administrators to archive a supporting document older than one year.,Functional,archival,well-formed,0,0,,1,,15,
REQ-02445,Insurance Claims,The system shall allow policyholders to add a comment to a supporting document.,Functional,collaboration,well-formed,0,0,,1,,13,
REQ-02446,Insurance Claims,The system shall send an email notification to the policyholder when a settlement record is created.,Functional,notify,well-formed,0,0,,1,,16,
REQ-02447,Insurance Claims,The system shall allow policyholders to create a new supporting document.,Functional,create,well-formed,0,0,,1,,11,
REQ-02448,Insurance Claims,The system shall allow claims administrators to generate a monthly report of all claim status updates.,Functional,report,well-formed,0,0,,1,,16,
REQ-02449,Insurance Claims,The system shall send an email notification to the policyholder when a claim request is created.,Functional,notify,well-formed,0,0,,1,,16,
REQ-02450,Insurance Claims,The system shall allow policyholders to delete a surveyor report that is no longer required.,Functional,delete,well-formed,0,0,,1,,15,
REQ-02451,Insurance Claims,The system shall send an email notification to the policyholder when a policy record is created.,Functional,notify,well-formed,0,0,,1,,16,
REQ-02452,Insurance Claims,The system shall maintain an audit log of every change made to a claim status update.,Functional,audit,well-formed,0,0,,1,,16,
REQ-02453,Insurance Claims,The system shall allow claims administrators to generate a monthly report of all grievance entrys.,Functional,report,well-formed,0,0,,1,,15,
REQ-02454,Insurance Claims,The system shall record the date and time at which each premium payment is modified.,Functional,audit,well-formed,0,0,,1,,15,
REQ-02455,Insurance Claims,The system shall allow policyholders to delete a premium payment that is no longer required.,Functional,delete,well-formed,0,0,,1,,15,
REQ-02456,Insurance Claims,The system shall allow policyholders to view the details of a selected supporting document.,Functional,read,well-formed,0,0,,1,,14,
REQ-02457,Insurance Claims,The system shall allow claims administrators to reject a policy renewal request with a mandatory reason.,Functional,workflow,well-formed,0,0,,1,,16,
REQ-02458,Insurance Claims,The system shall allow policyholders to search for a settlement record by claim date.,Functional,search,well-formed,0,0,,1,,14,
REQ-02459,Insurance Claims,The system shall allow policyholders to export the list of claim status updates as a CSV file.,Functional,export,well-formed,0,0,,1,,17,
REQ-02460,Insurance Claims,The system shall allow policyholders to filter the list of policy records by status.,Functional,search,well-formed,0,0,,1,,14,
REQ-02461,Insurance Claims,The system shall allow policyholders to view the details of a selected grievance entry.,Functional,read,well-formed,0,0,,1,,14,
REQ-02462,Insurance Claims,The system shall allow policyholders to update an existing claim status update.,Functional,update,well-formed,0,0,,1,,12,
REQ-02463,Insurance Claims,The system shall allow policyholders to save a policy record for later use.,Functional,duplicate-pair,well-formed,0,0,INS-DUP-1,1,,13,original of a near-duplicate pair
REQ-02464,Insurance Claims,The system shall allow policyholders to bookmark a policy record for future reference.,Functional,duplicate-pair,duplicate,0,1,INS-DUP-1,0,,13,restates the requirement above
REQ-02465,Insurance Claims,The system shall allow policyholders to cancel a grievance entry before it is processed.,Functional,duplicate-pair,well-formed,0,0,INS-DUP-2,1,,14,original of a near-duplicate pair
REQ-02466,Insurance Claims,The system shall allow policyholders to withdraw a grievance entry prior to processing.,Functional,duplicate-pair,duplicate,0,1,INS-DUP-2,0,,13,restates the requirement above
REQ-02467,Insurance Claims,The system shall allow policyholders to search for a claim request by claim date.,Functional,duplicate-pair,well-formed,0,0,INS-DUP-3,1,,14,original of a near-duplicate pair
REQ-02468,Insurance Claims,The system shall provide a search facility that locates a claim request using claim date.,Functional,duplicate-pair,duplicate,0,1,INS-DUP-3,0,,15,restates the requirement above
REQ-02469,Insurance Claims,The system shall send a confirmation message once a policy renewal request is submitted.,Functional,duplicate-pair,well-formed,0,0,INS-DUP-4,1,,14,original of a near-duplicate pair
REQ-02470,Insurance Claims,The system shall notify the policyholder after a policy renewal request has been submitted successfully.,Functional,duplicate-pair,duplicate,0,1,INS-DUP-4,0,,15,restates the requirement above
REQ-02471,Insurance Claims,The system shall allow claims administrators to remove a claim request from the system.,Functional,duplicate-pair,well-formed,0,0,INS-DUP-5,1,,14,original of a near-duplicate pair
REQ-02472,Insurance Claims,The system shall allow claims administrators to delete an existing claim request record.,Functional,duplicate-pair,duplicate,0,1,INS-DUP-5,0,,13,restates the requirement above
REQ-02473,Insurance Claims,The system shall allow policyholders to rate a completed claim from one to five stars.,Functional,duplicate-pair,well-formed,0,0,INS-DUP-6,1,,15,original of a near-duplicate pair
REQ-02474,Insurance Claims,The system shall allow policyholders to give a star rating between one and five for a finished claim.,Functional,duplicate-pair,duplicate,0,1,INS-DUP-6,0,,18,restates the requirement above
REQ-02475,Insurance Claims,The system shall handle supporting documents appropriately.,Functional,under-specified,ambiguous,1,0,,0,appropriate|appropriately,7,
REQ-02476,Insurance Claims,The system shall manage policy records in an efficient manner.,Functional,under-specified,ambiguous,1,0,,0,efficient,10,
REQ-02477,Insurance Claims,The system shall process a nominee detail as quickly as possible.,Functional,under-specified,ambiguous,1,0,,0,as quickly as possible|quickly,11,
REQ-02478,Insurance Claims,The system should support various operations on surveyor reports as needed.,Functional,under-specified,ambiguous,1,0,,0,as needed|various,11,
REQ-02479,Insurance Claims,The system shall provide adequate options for managing policy records.,Functional,under-specified,ambiguous,1,0,,0,adequate,10,
REQ-02480,Insurance Claims,The system shall display suitable information about each claim status update.,Functional,under-specified,ambiguous,1,0,,0,suitable,11,
REQ-02481,Insurance Claims,The system shall deal with invalid policy renewal request data properly.,Functional,under-specified,ambiguous,1,0,,0,properly,11,
REQ-02482,Insurance Claims,The system shall support most of the common actions on a policy record.,Functional,under-specified,ambiguous,1,0,,0,common|most,13,
REQ-02483,Insurance Claims,The system shall provide appropriate error messages when something goes wrong with a settlement record.,Functional,under-specified,ambiguous,1,0,,0,appropriate|something goes wrong,15,
REQ-02484,Insurance Claims,The system shall be able to work with a reasonable number of claim requests.,Functional,under-specified,ambiguous,1,0,,0,reasonable,14,
REQ-02485,Insurance Claims,The system shall recover and resume an interrupted claim submission within 10 seconds of reconnection.,Non-Functional,Reliability,well-formed,0,0,,1,,15,
REQ-02486,Insurance Claims,The system shall expose all premium payment operations through a documented REST API.,Non-Functional,Interoperability,well-formed,0,0,,1,,13,
REQ-02487,Insurance Claims,The system shall allow a policyholder to download all personal data held about them within 48 hours of request.,Non-Functional,Compliance,well-formed,0,0,,1,,19,
REQ-02488,Insurance Claims,The system shall process at least 200 claim submissions per minute at peak load.,Non-Functional,Performance,well-formed,0,0,,1,,14,
REQ-02489,Insurance Claims,The system shall display any premium payment search result within 2 seconds for 95 percent of requests.,Non-Functional,Performance,well-formed,0,0,,1,,17,
REQ-02490,Insurance Claims,The system shall allow a new policyholder to complete a claim within 3 minutes without external assistance.,Non-Functional,Usability,well-formed,0,0,,1,,17,
REQ-02491,Insurance Claims,The system shall take an automated backup of the grievance entry database every 6 hours.,Non-Functional,Reliability,well-formed,0,0,,1,,15,
REQ-02492,Insurance Claims,The system shall retain claim status update records for 7 years before permanent deletion.,Non-Functional,Compliance,well-formed,0,0,,1,,14,
REQ-02493,Insurance Claims,The system should be user-friendly and easy to use for all policyholders.,Non-Functional,Usability,ambiguous,1,0,,0,easy|user-friendly,12,
REQ-02494,Insurance Claims,The system shall be secure and protect policyholder data appropriately.,Non-Functional,Security,ambiguous,1,0,,0,appropriate|appropriately,10,
REQ-02495,Insurance Claims,The system shall load surveyor report pages quickly.,Non-Functional,Performance,ambiguous,1,0,,0,quickly,8,
REQ-02496,Insurance Claims,The system shall allow policyholders to sort the list of policy records by date of creation.,Functional,search,well-formed,0,0,,1,,16,
REQ-02497,Insurance Claims,The system shall validate all mandatory fields of a nominee detail before saving it.,Functional,validation,well-formed,0,0,,1,,14,
REQ-02498,Insurance Claims,The system shall allow policyholders to view the details of a selected claim request.,Functional,read,well-formed,0,0,,1,,14,
REQ-02499,Insurance Claims,The system shall allow policyholders to download a claim request as a PDF document.,Functional,export,well-formed,0,0,,1,,14,
REQ-02500,Insurance Claims,The system shall allow policyholders to filter the list of claim status updates by status.,Functional,search,well-formed,0,0,,1,,15,
REQ-02501,Municipal Grievance,The system shall allow municipal officers to assign roles and permissions to a user account.,Functional,authorization,well-formed,0,0,,1,,15,
REQ-02502,Municipal Grievance,The system shall allow citizens to pay for a complaint using a credit or debit card.,Functional,payment,well-formed,0,0,,1,,16,
REQ-02503,Municipal Grievance,The system shall allow citizens to pay for a complaint using a UPI transaction.,Functional,payment,well-formed,0,0,,1,,14,
REQ-02504,Municipal Grievance,The system shall generate a printable invoice for every completed complaint.,Functional,payment,well-formed,0,0,,1,,11,
REQ-02505,Municipal Grievance,The system shall allow citizens to request a refund for a cancelled complaint.,Functional,payment,well-formed,0,0,,1,,13,
REQ-02506,Municipal Grievance,The system shall allow municipal officers to apply a discount to a complaint before payment.,Functional,payment,well-formed,0,0,,1,,15,
REQ-02507,Municipal Grievance,The system shall allow citizens to view the payment history of all past complaints.,Functional,payment,well-formed,0,0,,1,,14,
REQ-02508,Municipal Grievance,The system shall mark a complaint as failed if the payment gateway returns an error.,Functional,payment,well-formed,0,0,,1,,15,
REQ-02509,Municipal Grievance,The system shall allow citizens to search for a trade licence application by complaint ID.,Functional,search,well-formed,0,0,,1,,15,
REQ-02510,Municipal Grievance,The system shall allow municipal officers to archive a water connection request older than one year.,Functional,archival,well-formed,0,0,,1,,16,
REQ-02511,Municipal Grievance,The system shall allow citizens to export the list of property tax records as a CSV file.,Functional,export,well-formed,0,0,,1,,17,
REQ-02512,Municipal Grievance,The system shall restrict access to a garbage collection schedule to the citizen who created it.,Functional,authorization,well-formed,0,0,,1,,16,
REQ-02513,Municipal Grievance,The system shall restrict access to a water connection request to the citizen who created it.,Functional,authorization,well-formed,0,0,,1,,16,
REQ-02514,Municipal Grievance,The system shall display the current status of each complaint photo on the citizen dashboard.,Functional,read,well-formed,0,0,,1,,15,
REQ-02515,Municipal Grievance,The system shall allow citizens to filter the list of complaints by status.,Functional,search,well-formed,0,0,,1,,13,
REQ-02516,Municipal Grievance,The system shall display a paginated list of resolution updates with twenty entries per page.,Functional,read,well-formed,0,0,,1,,15,
REQ-02517,Municipal Grievance,The system shall display a paginated list of street light fault entrys with twenty entries per page.,Functional,read,well-formed,0,0,,1,,17,
REQ-02518,Municipal Grievance,The system shall record the date and time at which each birth certificate request is modified.,Functional,audit,well-formed,0,0,,1,,16,
REQ-02519,Municipal Grievance,The system shall prevent a citizen from submitting a duplicate street light fault entry.,Functional,validation,well-formed,0,0,,1,,14,
REQ-02520,Municipal Grievance,The system shall allow citizens to create a new property tax record.,Functional,create,well-formed,0,0,,1,,12,
REQ-02521,Municipal Grievance,The system shall validate all mandatory fields of a water connection request before saving it.,Functional,validation,well-formed,0,0,,1,,15,
REQ-02522,Municipal Grievance,The system shall allow citizens to search for a complaint by ward number.,Functional,search,well-formed,0,0,,1,,13,
REQ-02523,Municipal Grievance,The system shall display the current status of each water connection request on the citizen dashboard.,Functional,read,well-formed,0,0,,1,,16,
REQ-02524,Municipal Grievance,The system shall send an SMS alert to the citizen when the status of a complaint changes.,Functional,notify,well-formed,0,0,,1,,17,
REQ-02525,Municipal Grievance,The system shall send an email notification to the citizen when a ward record is created.,Functional,notify,well-formed,0,0,,1,,16,
REQ-02526,Municipal Grievance,The system shall validate all mandatory fields of a trade licence application before saving it.,Functional,validation,well-formed,0,0,,1,,15,
REQ-02527,Municipal Grievance,The system shall allow citizens to add a comment to a property tax record.,Functional,collaboration,well-formed,0,0,,1,,14,
REQ-02528,Municipal Grievance,The system shall maintain an audit log of every change made to a water connection request.,Functional,audit,well-formed,0,0,,1,,16,
REQ-02529,Municipal Grievance,The system shall allow municipal officers to view a dashboard summarising trade licence application counts by status.,Functional,report,well-formed,0,0,,1,,17,
REQ-02530,Municipal Grievance,The system shall allow citizens to search for a ward record by complaint ID.,Functional,search,well-formed,0,0,,1,,14,
REQ-02531,Municipal Grievance,The system shall record the date and time at which each resolution update is modified.,Functional,audit,well-formed,0,0,,1,,15,
REQ-02532,Municipal Grievance,The system shall allow citizens to delete a street light fault entry that is no longer required.,Functional,delete,well-formed,0,0,,1,,17,
REQ-02533,Municipal Grievance,The system shall allow citizens to search for a water connection request by complaint ID.,Functional,search,well-formed,0,0,,1,,15,
REQ-02534,Municipal Grievance,The system shall display a paginated list of property tax records with twenty entries per page.,Functional,read,well-formed,0,0,,1,,16,
REQ-02535,Municipal Grievance,The system shall allow citizens to delete a complaint photo that is no longer required.,Functional,delete,well-formed,0,0,,1,,15,
REQ-02536,Municipal Grievance,The system shall maintain an audit log of every change made to a complaint photo.,Functional,audit,well-formed,0,0,,1,,15,
REQ-02537,Municipal Grievance,The system shall allow municipal officers to view a dashboard summarising property tax record counts by status.,Functional,report,well-formed,0,0,,1,,17,
REQ-02538,Municipal Grievance,The system shall allow citizens to create a new garbage collection schedule.,Functional,create,well-formed,0,0,,1,,12,
REQ-02539,Municipal Grievance,The system shall allow municipal officers to generate a monthly report of all birth certificate requests.,Functional,report,well-formed,0,0,,1,,16,
REQ-02540,Municipal Grievance,The system shall allow citizens to delete a property tax record that is no longer required.,Functional,delete,well-formed,0,0,,1,,16,
REQ-02541,Municipal Grievance,The system shall allow citizens to filter the list of ward records by status.,Functional,search,well-formed,0,0,,1,,14,
REQ-02542,Municipal Grievance,The system shall allow municipal officers to reject a trade licence application with a mandatory reason.,Functional,workflow,well-formed,0,0,,1,,16,
REQ-02543,Municipal Grievance,The system shall display the current status of each complaint on the citizen dashboard.,Functional,read,well-formed,0,0,,1,,14,
REQ-02544,Municipal Grievance,The system shall allow municipal officers to generate a monthly report of all water connection requests.,Functional,report,well-formed,0,0,,1,,16,
REQ-02545,Municipal Grievance,The system shall allow municipal officers to view a dashboard summarising water connection request counts by status.,Functional,report,well-formed,0,0,,1,,17,
REQ-02546,Municipal Grievance,The system shall allow municipal officers to approve a complaint photo submitted by a citizen.,Functional,workflow,well-formed,0,0,,1,,15,
REQ-02547,Municipal Grievance,The system shall allow citizens to sort the list of birth certificate requests by date of creation.,Functional,search,well-formed,0,0,,1,,17,
REQ-02548,Municipal Grievance,The system shall restrict access to a complaint to the citizen who created it.,Functional,authorization,well-formed,0,0,,1,,14,
REQ-02549,Municipal Grievance,The system shall display a paginated list of ward records with twenty entries per page.,Functional,read,well-formed,0,0,,1,,15,
REQ-02550,Municipal Grievance,The system shall allow municipal officers to archive a birth certificate request older than one year.,Functional,archival,well-formed,0,0,,1,,16,
REQ-02551,Municipal Grievance,The system shall restrict access to a property tax record to the citizen who created it.,Functional,authorization,well-formed,0,0,,1,,16,
REQ-02552,Municipal Grievance,The system shall display the current status of each ward record on the citizen dashboard.,Functional,read,well-formed,0,0,,1,,15,
REQ-02553,Municipal Grievance,The system shall record the date and time at which each street light fault entry is modified.,Functional,audit,well-formed,0,0,,1,,17,
REQ-02554,Municipal Grievance,The system shall allow citizens to create a new ward record.,Functional,create,well-formed,0,0,,1,,11,
REQ-02555,Municipal Grievance,The system shall send an email notification to the citizen when a street light fault entry is created.,Functional,notify,well-formed,0,0,,1,,18,
REQ-02556,Municipal Grievance,The system shall allow municipal officers to generate a monthly report of all street light fault entrys.,Functional,report,well-formed,0,0,,1,,17,
REQ-02557,Municipal Grievance,The system shall maintain an audit log of every change made to a street light fault entry.,Functional,audit,well-formed,0,0,,1,,17,
REQ-02558,Municipal Grievance,The system shall allow municipal officers to view a dashboard summarising street light fault entry counts by status.,Functional,report,well-formed,0,0,,1,,18,
REQ-02559,Municipal Grievance,The system shall allow citizens to sort the list of ward records by date of creation.,Functional,search,well-formed,0,0,,1,,16,
REQ-02560,Municipal Grievance,The system shall allow citizens to export the list of ward records as a CSV file.,Functional,export,well-formed,0,0,,1,,16,
REQ-02561,Municipal Grievance,The system shall allow citizens to create a new resolution update.,Functional,create,well-formed,0,0,,1,,11,
REQ-02562,Municipal Grievance,The system shall allow citizens to view the details of a selected garbage collection schedule.,Functional,read,well-formed,0,0,,1,,15,
REQ-02563,Municipal Grievance,The system shall allow citizens to save a water connection request for later use.,Functional,duplicate-pair,well-formed,0,0,MUN-DUP-1,1,,14,original of a near-duplicate pair
REQ-02564,Municipal Grievance,The system shall allow citizens to bookmark a water connection request for future reference.,Functional,duplicate-pair,duplicate,0,1,MUN-DUP-1,0,,14,restates the requirement above
REQ-02565,Municipal Grievance,The system shall allow citizens to cancel a complaint before it is processed.,Functional,duplicate-pair,well-formed,0,0,MUN-DUP-2,1,,13,original of a near-duplicate pair
REQ-02566,Municipal Grievance,The system shall allow citizens to withdraw a complaint prior to processing.,Functional,duplicate-pair,duplicate,0,1,MUN-DUP-2,0,,12,restates the requirement above
REQ-02567,Municipal Grievance,The system shall allow citizens to search for a water connection request by complaint category.,Functional,duplicate-pair,well-formed,0,0,MUN-DUP-3,1,,15,original of a near-duplicate pair
REQ-02568,Municipal Grievance,The system shall provide a search facility that locates a water connection request using complaint category.,Functional,duplicate-pair,duplicate,0,1,MUN-DUP-3,0,,16,restates the requirement above
REQ-02569,Municipal Grievance,The system shall send a confirmation message once a garbage collection schedule is submitted.,Functional,duplicate-pair,well-formed,0,0,MUN-DUP-4,1,,14,original of a near-duplicate pair
REQ-02570,Municipal Grievance,The system shall notify the citizen after a garbage collection schedule has been submitted successfully.,Functional,duplicate-pair,duplicate,0,1,MUN-DUP-4,0,,15,restates the requirement above
REQ-02571,Municipal Grievance,The system shall allow municipal officers to remove a resolution update from the system.,Functional,duplicate-pair,well-formed,0,0,MUN-DUP-5,1,,14,original of a near-duplicate pair
REQ-02572,Municipal Grievance,The system shall allow municipal officers to delete an existing resolution update record.,Functional,duplicate-pair,duplicate,0,1,MUN-DUP-5,0,,13,restates the requirement above
REQ-02573,Municipal Grievance,The system shall allow citizens to rate a completed complaint from one to five stars.,Functional,duplicate-pair,well-formed,0,0,MUN-DUP-6,1,,15,original of a near-duplicate pair
REQ-02574,Municipal Grievance,The system shall allow citizens to give a star rating between one and five for a finished complaint.,Functional,duplicate-pair,duplicate,0,1,MUN-DUP-6,0,,18,restates the requirement above
REQ-02575,Municipal Grievance,The system shall handle trade licence applications appropriately.,Functional,under-specified,ambiguous,1,0,,0,appropriate|appropriately,8,
REQ-02576,Municipal Grievance,The system shall manage ward records in an efficient manner.,Functional,under-specified,ambiguous,1,0,,0,efficient,10,
REQ-02577,Municipal Grievance,The system shall process a ward record as quickly as possible.,Functional,under-specified,ambiguous,1,0,,0,as quickly as possible|quickly,11,
REQ-02578,Municipal Grievance,The system should support various operations on complaints as needed.,Functional,under-specified,ambiguous,1,0,,0,as needed|various,10,
REQ-02579,Municipal Grievance,The system shall provide adequate options for managing trade licence applications.,Functional,under-specified,ambiguous,1,0,,0,adequate,11,
REQ-02580,Municipal Grievance,The system shall display suitable information about each ward record.,Functional,under-specified,ambiguous,1,0,,0,suitable,10,
REQ-02581,Municipal Grievance,The system shall deal with invalid resolution update data properly.,Functional,under-specified,ambiguous,1,0,,0,properly,10,
REQ-02582,Municipal Grievance,The system shall support most of the common actions on a trade licence application.,Functional,under-specified,ambiguous,1,0,,0,common|most,14,
REQ-02583,Municipal Grievance,The system shall provide appropriate error messages when something goes wrong with a resolution update.,Functional,under-specified,ambiguous,1,0,,0,appropriate|something goes wrong,15,
REQ-02584,Municipal Grievance,The system shall be able to work with a reasonable number of ward records.,Functional,under-specified,ambiguous,1,0,,0,reasonable,14,
REQ-02585,Municipal Grievance,The system shall take an automated backup of the garbage collection schedule database every 6 hours.,Non-Functional,Reliability,well-formed,0,0,,1,,16,
REQ-02586,Municipal Grievance,The system shall retain trade licence application records for 7 years before permanent deletion.,Non-Functional,Compliance,well-formed,0,0,,1,,14,
REQ-02587,Municipal Grievance,The system shall display any birth certificate request search result within 2 seconds for 95 percent of requests.,Non-Functional,Performance,well-formed,0,0,,1,,18,
REQ-02588,Municipal Grievance,The system shall allow a new citizen to complete a complaint within 3 minutes without external assistance.,Non-Functional,Usability,well-formed,0,0,,1,,17,
REQ-02589,Municipal Grievance,The system shall process at least 200 complaint submissions per minute at peak load.,Non-Functional,Performance,well-formed,0,0,,1,,14,
REQ-02590,Municipal Grievance,The system shall expose all water connection request operations through a documented REST API.,Non-Functional,Interoperability,well-formed,0,0,,1,,14,
REQ-02591,Municipal Grievance,The system shall allow a citizen to download all personal data held about them within 48 hours of request.,Non-Functional,Compliance,well-formed,0,0,,1,,19,
REQ-02592,Municipal Grievance,The system shall recover and resume an interrupted complaint submission within 10 seconds of reconnection.,Non-Functional,Reliability,well-formed,0,0,,1,,15,
REQ-02593,Municipal Grievance,The system should be user-friendly and easy to use for all citizens.,Non-Functional,Usability,ambiguous,1,0,,0,easy|user-friendly,12,
REQ-02594,Municipal Grievance,The system shall be secure and protect citizen data appropriately.,Non-Functional,Security,ambiguous,1,0,,0,appropriate|appropriately,10,
REQ-02595,Municipal Grievance,The system shall load garbage collection schedule pages quickly.,Non-Functional,Performance,ambiguous,1,0,,0,quickly,9,
REQ-02596,Municipal Grievance,The system shall allow citizens to create a new complaint photo.,Functional,create,well-formed,0,0,,1,,11,
REQ-02597,Municipal Grievance,The system shall allow citizens to delete a garbage collection schedule that is no longer required.,Functional,delete,well-formed,0,0,,1,,16,
REQ-02598,Municipal Grievance,The system shall display a paginated list of complaints with twenty entries per page.,Functional,read,well-formed,0,0,,1,,14,
REQ-02599,Municipal Grievance,The system shall allow citizens to add a comment to a birth certificate request.,Functional,collaboration,well-formed,0,0,,1,,14,
REQ-02600,Municipal Grievance,The system shall send an email notification to the citizen when a birth certificate request is created.,Functional,notify,well-formed,0,0,,1,,17,
REQ-02601,Video Streaming,The system shall allow content administrators to assign roles and permissions to a user account.,Functional,authorization,well-formed,0,0,,1,,15,
REQ-02602,Video Streaming,The system shall allow subscribers to pay for a subscription using a credit or debit card.,Functional,payment,well-formed,0,0,,1,,16,
REQ-02603,Video Streaming,The system shall allow subscribers to pay for a subscription using a UPI transaction.,Functional,payment,well-formed,0,0,,1,,14,
REQ-02604,Video Streaming,The system shall generate a printable invoice for every completed subscription.,Functional,payment,well-formed,0,0,,1,,11,
REQ-02605,Video Streaming,The system shall allow subscribers to request a refund for a cancelled subscription.,Functional,payment,well-formed,0,0,,1,,13,
REQ-02606,Video Streaming,The system shall allow content administrators to apply a discount to a subscription before payment.,Functional,payment,well-formed,0,0,,1,,15,
REQ-02607,Video Streaming,The system shall allow subscribers to view the payment history of all past subscriptions.,Functional,payment,well-formed,0,0,,1,,14,
REQ-02608,Video Streaming,The system shall mark a subscription as failed if the payment gateway returns an error.,Functional,payment,well-formed,0,0,,1,,15,
REQ-02609,Video Streaming,The system shall allow subscribers to add a comment to a subscription plan.,Functional,collaboration,well-formed,0,0,,1,,13,
REQ-02610,Video Streaming,The system shall record the date and time at which each subscription plan is modified.,Functional,audit,well-formed,0,0,,1,,15,
REQ-02611,Video Streaming,The system shall allow subscribers to sort the list of viewing history records by date of creation.,Functional,search,well-formed,0,0,,1,,17,
REQ-02612,Video Streaming,The system shall allow content administrators to generate a monthly report of all viewing history records.,Functional,report,well-formed,0,0,,1,,16,
REQ-02613,Video Streaming,The system shall send an email notification to the subscriber when a watchlist entry is created.,Functional,notify,well-formed,0,0,,1,,16,
REQ-02614,Video Streaming,The system shall send an SMS alert to the subscriber when the status of a recommendation entry changes.,Functional,notify,well-formed,0,0,,1,,18,
REQ-02615,Video Streaming,The system shall validate all mandatory fields of a parental control rule before saving it.,Functional,validation,well-formed,0,0,,1,,15,
REQ-02616,Video Streaming,The system shall allow subscribers to view the details of a selected recommendation entry.,Functional,read,well-formed,0,0,,1,,14,
REQ-02617,Video Streaming,The system shall allow subscribers to add a comment to a viewing history record.,Functional,collaboration,well-formed,0,0,,1,,14,
REQ-02618,Video Streaming,The system shall allow subscribers to download a subscription plan as a PDF document.,Functional,export,well-formed,0,0,,1,,14,
REQ-02619,Video Streaming,The system shall allow subscribers to download a download entry as a PDF document.,Functional,export,well-formed,0,0,,1,,14,
REQ-02620,Video Streaming,The system shall restrict access to a playback setting to the subscriber who created it.,Functional,authorization,well-formed,0,0,,1,,15,
REQ-02621,Video Streaming,The system shall allow subscribers to view the details of a selected user profile.,Functional,read,well-formed,0,0,,1,,14,
REQ-02622,Video Streaming,The system shall allow subscribers to filter the list of video titles by status.,Functional,search,well-formed,0,0,,1,,14,
REQ-02623,Video Streaming,The system shall restrict access to a user profile to the subscriber who created it.,Functional,authorization,well-formed,0,0,,1,,15,
REQ-02624,Video Streaming,The system shall allow subscribers to add a comment to a watchlist entry.,Functional,collaboration,well-formed,0,0,,1,,13,
REQ-02625,Video Streaming,The system shall allow subscribers to create a new parental control rule.,Functional,create,well-formed,0,0,,1,,12,
REQ-02626,Video Streaming,The system shall send an SMS alert to the subscriber when the status of a playback setting changes.,Functional,notify,well-formed,0,0,,1,,18,
REQ-02627,Video Streaming,The system shall allow subscribers to export the list of watchlist entrys as a CSV file.,Functional,export,well-formed,0,0,,1,,16,
REQ-02628,Video Streaming,The system shall allow subscribers to attach a supporting document to a parental control rule.,Functional,attachment,well-formed,0,0,,1,,15,
REQ-02629,Video Streaming,The system shall allow subscribers to export the list of viewing history records as a CSV file.,Functional,export,well-formed,0,0,,1,,17,
REQ-02630,Video Streaming,The system shall maintain an audit log of every change made to a parental control rule.,Functional,audit,well-formed,0,0,,1,,16,
REQ-02631,Video Streaming,The system shall allow subscribers to add a comment to a video title.,Functional,collaboration,well-formed,0,0,,1,,13,
REQ-02632,Video Streaming,The system shall allow subscribers to delete a watchlist entry that is no longer required.,Functional,delete,well-formed,0,0,,1,,15,
REQ-02633,Video Streaming,The system shall allow subscribers to attach a supporting document to a download entry.,Functional,attachment,well-formed,0,0,,1,,14,
REQ-02634,Video Streaming,The system shall maintain an audit log of every change made to a viewing history record.,Functional,audit,well-formed,0,0,,1,,16,
REQ-02635,Video Streaming,The system shall allow content administrators to generate a monthly report of all download entrys.,Functional,report,well-formed,0,0,,1,,15,
REQ-02636,Video Streaming,The system shall allow subscribers to create a new subscription plan.,Functional,create,well-formed,0,0,,1,,11,
REQ-02637,Video Streaming,The system shall restrict access to a viewing history record to the subscriber who created it.,Functional,authorization,well-formed,0,0,,1,,16,
REQ-02638,Video Streaming,The system shall prevent a subscriber from submitting a duplicate user profile.,Functional,validation,well-formed,0,0,,1,,12,
REQ-02639,Video Streaming,The system shall allow content administrators to archive a content rating older than one year.,Functional,archival,well-formed,0,0,,1,,15,
REQ-02640,Video Streaming,The system shall allow content administrators to reject a watchlist entry with a mandatory reason.,Functional,workflow,well-formed,0,0,,1,,15,
REQ-02641,Video Streaming,The system shall allow content administrators to generate a monthly report of all user profiles.,Functional,report,well-formed,0,0,,1,,15,
REQ-02642,Video Streaming,The system shall allow content administrators to archive a playback setting older than one year.,Functional,archival,well-formed,0,0,,1,,15,
REQ-02643,Video Streaming,The system shall allow subscribers to search for a watchlist entry by genre.,Functional,search,well-formed,0,0,,1,,13,
REQ-02644,Video Streaming,The system shall allow content administrators to view a dashboard summarising user profile counts by status.,Functional,report,well-formed,0,0,,1,,16,
REQ-02645,Video Streaming,The system shall prevent a subscriber from submitting a duplicate watchlist entry.,Functional,validation,well-formed,0,0,,1,,12,
REQ-02646,Video Streaming,The system shall validate all mandatory fields of a recommendation entry before saving it.,Functional,validation,well-formed,0,0,,1,,14,
REQ-02647,Video Streaming,The system shall maintain an audit log of every change made to a content rating.,Functional,audit,well-formed,0,0,,1,,15,
REQ-02648,Video Streaming,The system shall send an SMS alert to the subscriber when the status of a watchlist entry changes.,Functional,notify,well-formed,0,0,,1,,18,
REQ-02649,Video Streaming,The system shall allow content administrators to reject a parental control rule with a mandatory reason.,Functional,workflow,well-formed,0,0,,1,,16,
REQ-02650,Video Streaming,The system shall allow subscribers to update an existing user profile.,Functional,update,well-formed,0,0,,1,,11,
REQ-02651,Video Streaming,The system shall allow subscribers to attach a supporting document to a content rating.,Functional,attachment,well-formed,0,0,,1,,14,
REQ-02652,Video Streaming,The system shall validate all mandatory fields of a user profile before saving it.,Functional,validation,well-formed,0,0,,1,,14,
REQ-02653,Video Streaming,The system shall display the current status of each recommendation entry on the subscriber dashboard.,Functional,read,well-formed,0,0,,1,,15,
REQ-02654,Video Streaming,The system shall allow subscribers to download a watchlist entry as a PDF document.,Functional,export,well-formed,0,0,,1,,14,
REQ-02655,Video Streaming,The system shall allow subscribers to filter the list of parental control rules by status.,Functional,search,well-formed,0,0,,1,,15,
REQ-02656,Video Streaming,The system shall allow subscribers to add a comment to a content rating.,Functional,collaboration,well-formed,0,0,,1,,13,
REQ-02657,Video Streaming,The system shall allow content administrators to generate a monthly report of all subscription plans.,Functional,report,well-formed,0,0,,1,,15,
REQ-02658,Video Streaming,The system shall allow subscribers to add a comment to a user profile.,Functional,collaboration,well-formed,0,0,,1,,13,
REQ-02659,Video Streaming,The system shall allow subscribers to delete a subscription plan that is no longer required.,Functional,delete,well-formed,0,0,,1,,15,
REQ-02660,Video Streaming,The system shall allow subscribers to export the list of recommendation entrys as a CSV file.,Functional,export,well-formed,0,0,,1,,16,
REQ-02661,Video Streaming,The system shall allow subscribers to create a new playback setting.,Functional,create,well-formed,0,0,,1,,11,
REQ-02662,Video Streaming,The system shall allow subscribers to view the details of a selected watchlist entry.,Functional,read,well-formed,0,0,,1,,14,
REQ-02663,Video Streaming,The system shall allow subscribers to save a viewing history record for later use.,Functional,duplicate-pair,well-formed,0,0,VID-DUP-1,1,,14,original of a near-duplicate pair
REQ-02664,Video Streaming,The system shall allow subscribers to bookmark a viewing history record for future reference.,Functional,duplicate-pair,duplicate,0,1,VID-DUP-1,0,,14,restates the requirement above
REQ-02665,Video Streaming,The system shall allow subscribers to cancel a parental control rule before it is processed.,Functional,duplicate-pair,well-formed,0,0,VID-DUP-2,1,,15,original of a near-duplicate pair
REQ-02666,Video Streaming,The system shall allow subscribers to withdraw a parental control rule prior to processing.,Functional,duplicate-pair,duplicate,0,1,VID-DUP-2,0,,14,restates the requirement above
REQ-02667,Video Streaming,The system shall allow subscribers to search for a viewing history record by genre.,Functional,duplicate-pair,well-formed,0,0,VID-DUP-3,1,,14,original of a near-duplicate pair
REQ-02668,Video Streaming,The system shall provide a search facility that locates a viewing history record using genre.,Functional,duplicate-pair,duplicate,0,1,VID-DUP-3,0,,15,restates the requirement above
REQ-02669,Video Streaming,The system shall send a confirmation message once a parental control rule is submitted.,Functional,duplicate-pair,well-formed,0,0,VID-DUP-4,1,,14,original of a near-duplicate pair
REQ-02670,Video Streaming,The system shall notify the subscriber after a parental control rule has been submitted successfully.,Functional,duplicate-pair,duplicate,0,1,VID-DUP-4,0,,15,restates the requirement above
REQ-02671,Video Streaming,The system shall allow content administrators to remove a watchlist entry from the system.,Functional,duplicate-pair,well-formed,0,0,VID-DUP-5,1,,14,original of a near-duplicate pair
REQ-02672,Video Streaming,The system shall allow content administrators to delete an existing watchlist entry record.,Functional,duplicate-pair,duplicate,0,1,VID-DUP-5,0,,13,restates the requirement above
REQ-02673,Video Streaming,The system shall allow subscribers to rate a completed subscription from one to five stars.,Functional,duplicate-pair,well-formed,0,0,VID-DUP-6,1,,15,original of a near-duplicate pair
REQ-02674,Video Streaming,The system shall allow subscribers to give a star rating between one and five for a finished subscription.,Functional,duplicate-pair,duplicate,0,1,VID-DUP-6,0,,18,restates the requirement above
REQ-02675,Video Streaming,The system shall handle content ratings appropriately.,Functional,under-specified,ambiguous,1,0,,0,appropriate|appropriately,7,
REQ-02676,Video Streaming,The system shall manage user profiles in an efficient manner.,Functional,under-specified,ambiguous,1,0,,0,efficient,10,
REQ-02677,Video Streaming,The system shall process a user profile as quickly as possible.,Functional,under-specified,ambiguous,1,0,,0,as quickly as possible|quickly,11,
REQ-02678,Video Streaming,The system should support various operations on download entrys as needed.,Functional,under-specified,ambiguous,1,0,,0,as needed|various,11,
REQ-02679,Video Streaming,The system shall provide adequate options for managing playback settings.,Functional,under-specified,ambiguous,1,0,,0,adequate,10,
REQ-02680,Video Streaming,The system shall display suitable information about each parental control rule.,Functional,under-specified,ambiguous,1,0,,0,suitable,11,
REQ-02681,Video Streaming,The system shall deal with invalid download entry data properly.,Functional,under-specified,ambiguous,1,0,,0,properly,10,
REQ-02682,Video Streaming,The system shall support most of the common actions on a content rating.,Functional,under-specified,ambiguous,1,0,,0,common|most,13,
REQ-02683,Video Streaming,The system shall provide appropriate error messages when something goes wrong with a playback setting.,Functional,under-specified,ambiguous,1,0,,0,appropriate|something goes wrong,15,
REQ-02684,Video Streaming,The system shall be able to work with a reasonable number of recommendation entrys.,Functional,under-specified,ambiguous,1,0,,0,reasonable,14,
REQ-02685,Video Streaming,The system shall retain watchlist entry records for 7 years before permanent deletion.,Non-Functional,Compliance,well-formed,0,0,,1,,13,
REQ-02686,Video Streaming,The system shall allow a subscriber to download all personal data held about them within 48 hours of request.,Non-Functional,Compliance,well-formed,0,0,,1,,19,
REQ-02687,Video Streaming,The system shall display any video title search result within 2 seconds for 95 percent of requests.,Non-Functional,Performance,well-formed,0,0,,1,,17,
REQ-02688,Video Streaming,The system shall take an automated backup of the parental control rule database every 6 hours.,Non-Functional,Reliability,well-formed,0,0,,1,,16,
REQ-02689,Video Streaming,The system shall expose all playback setting operations through a documented REST API.,Non-Functional,Interoperability,well-formed,0,0,,1,,13,
REQ-02690,Video Streaming,The system shall allow a new subscriber to complete a subscription within 3 minutes without external assistance.,Non-Functional,Usability,well-formed,0,0,,1,,17,
REQ-02691,Video Streaming,The system shall recover and resume an interrupted subscription submission within 10 seconds of reconnection.,Non-Functional,Reliability,well-formed,0,0,,1,,15,
REQ-02692,Video Streaming,The system shall process at least 200 subscription submissions per minute at peak load.,Non-Functional,Performance,well-formed,0,0,,1,,14,
REQ-02693,Video Streaming,The system should be user-friendly and easy to use for all subscribers.,Non-Functional,Usability,ambiguous,1,0,,0,easy|user-friendly,12,
REQ-02694,Video Streaming,The system shall be secure and protect subscriber data appropriately.,Non-Functional,Security,ambiguous,1,0,,0,appropriate|appropriately,10,
REQ-02695,Video Streaming,The system shall load user profile pages quickly.,Non-Functional,Performance,ambiguous,1,0,,0,quickly,8,
REQ-02696,Video Streaming,The system shall allow subscribers to download a parental control rule as a PDF document.,Functional,export,well-formed,0,0,,1,,15,
REQ-02697,Video Streaming,The system shall allow subscribers to view the details of a selected playback setting.,Functional,read,well-formed,0,0,,1,,14,
REQ-02698,Video Streaming,The system shall allow subscribers to update an existing download entry.,Functional,update,well-formed,0,0,,1,,11,
REQ-02699,Video Streaming,The system shall record the date and time at which each viewing history record is modified.,Functional,audit,well-formed,0,0,,1,,16,
REQ-02700,Video Streaming,The system shall display a paginated list of user profiles with twenty entries per page.,Functional,read,well-formed,0,0,,1,,15,
REQ-02701,Restaurant POS,The system shall allow restaurant managers to assign roles and permissions to a user account.,Functional,authorization,well-formed,0,0,,1,,15,
REQ-02702,Restaurant POS,The system shall allow cashiers to pay for a bill using a credit or debit card.,Functional,payment,well-formed,0,0,,1,,16,
REQ-02703,Restaurant POS,The system shall allow cashiers to pay for a bill using a UPI transaction.,Functional,payment,well-formed,0,0,,1,,14,
REQ-02704,Restaurant POS,The system shall generate a printable invoice for every completed bill.,Functional,payment,well-formed,0,0,,1,,11,
REQ-02705,Restaurant POS,The system shall allow cashiers to request a refund for a cancelled bill.,Functional,payment,well-formed,0,0,,1,,13,
REQ-02706,Restaurant POS,The system shall allow restaurant managers to apply a discount to a bill before payment.,Functional,payment,well-formed,0,0,,1,,15,
REQ-02707,Restaurant POS,The system shall allow cashiers to view the payment history of all past bills.,Functional,payment,well-formed,0,0,,1,,14,
REQ-02708,Restaurant POS,The system shall mark a bill as failed if the payment gateway returns an error.,Functional,payment,well-formed,0,0,,1,,15,
REQ-02709,Restaurant POS,The system shall send an email notification to the cashier when a tip entry is created.,Functional,notify,well-formed,0,0,,1,,16,
REQ-02710,Restaurant POS,The system shall allow restaurant managers to view a dashboard summarising void transaction record counts by status.,Functional,report,well-formed,0,0,,1,,17,
REQ-02711,Restaurant POS,The system shall send an email notification to the cashier when a kitchen ticket is created.,Functional,notify,well-formed,0,0,,1,,16,
REQ-02712,Restaurant POS,The system shall allow cashiers to export the list of menu items as a CSV file.,Functional,export,well-formed,0,0,,1,,16,
REQ-02713,Restaurant POS,The system shall display a paginated list of bills with twenty entries per page.,Functional,read,well-formed,0,0,,1,,14,
REQ-02714,Restaurant POS,The system shall maintain an audit log of every change made to a menu item.,Functional,audit,well-formed,0,0,,1,,15,
REQ-02715,Restaurant POS,The system shall allow cashiers to update an existing void transaction record.,Functional,update,well-formed,0,0,,1,,12,
REQ-02716,Restaurant POS,The system shall send an email notification to the cashier when a table order is created.,Functional,notify,well-formed,0,0,,1,,16,
REQ-02717,Restaurant POS,The system shall send an SMS alert to the cashier when the status of a tip entry changes.,Functional,notify,well-formed,0,0,,1,,18,
REQ-02718,Restaurant POS,The system shall allow restaurant managers to approve a tip entry submitted by a cashier.,Functional,workflow,well-formed,0,0,,1,,15,
REQ-02719,Restaurant POS,The system shall allow cashiers to delete a daily sales entry that is no longer required.,Functional,delete,well-formed,0,0,,1,,16,
REQ-02720,Restaurant POS,The system shall restrict access to a daily sales entry to the cashier who created it.,Functional,authorization,well-formed,0,0,,1,,16,
REQ-02721,Restaurant POS,The system shall allow restaurant managers to generate a monthly report of all kitchen tickets.,Functional,report,well-formed,0,0,,1,,15,
REQ-02722,Restaurant POS,The system shall allow restaurant managers to reject a kitchen ticket with a mandatory reason.,Functional,workflow,well-formed,0,0,,1,,15,
REQ-02723,Restaurant POS,The system shall prevent a cashier from submitting a duplicate bill.,Functional,validation,well-formed,0,0,,1,,11,
REQ-02724,Restaurant POS,The system shall maintain an audit log of every change made to a tip entry.,Functional,audit,well-formed,0,0,,1,,15,
REQ-02725,Restaurant POS,The system shall allow restaurant managers to approve a split payment record submitted by a cashier.,Functional,workflow,well-formed,0,0,,1,,16,
REQ-02726,Restaurant POS,The system shall restrict access to a void transaction record to the cashier who created it.,Functional,authorization,well-formed,0,0,,1,,16,
REQ-02727,Restaurant POS,The system shall allow cashiers to view the details of a selected shift record.,Functional,read,well-formed,0,0,,1,,14,
REQ-02728,Restaurant POS,The system shall allow restaurant managers to reject a shift record with a mandatory reason.,Functional,workflow,well-formed,0,0,,1,,15,
REQ-02729,Restaurant POS,The system shall allow restaurant managers to reject a bill with a mandatory reason.,Functional,workflow,well-formed,0,0,,1,,14,
REQ-02730,Restaurant POS,The system shall record the date and time at which each table reservation is modified.,Functional,audit,well-formed,0,0,,1,,15,
REQ-02731,Restaurant POS,The system shall record the date and time at which each menu item is modified.,Functional,audit,well-formed,0,0,,1,,15,
REQ-02732,Restaurant POS,The system shall allow cashiers to filter the list of shift records by status.,Functional,search,well-formed,0,0,,1,,14,
REQ-02733,Restaurant POS,The system shall allow cashiers to update an existing menu item.,Functional,update,well-formed,0,0,,1,,11,
REQ-02734,Restaurant POS,The system shall send an SMS alert to the cashier when the status of a table reservation changes.,Functional,notify,well-formed,0,0,,1,,18,
REQ-02735,Restaurant POS,The system shall allow restaurant managers to generate a monthly report of all menu items.,Functional,report,well-formed,0,0,,1,,15,
REQ-02736,Restaurant POS,The system shall display the current status of each bill on the cashier dashboard.,Functional,read,well-formed,0,0,,1,,14,
REQ-02737,Restaurant POS,The system shall allow restaurant managers to approve a table order submitted by a cashier.,Functional,workflow,well-formed,0,0,,1,,15,
REQ-02738,Restaurant POS,The system shall send an SMS alert to the cashier when the status of a menu item changes.,Functional,notify,well-formed,0,0,,1,,18,
REQ-02739,Restaurant POS,The system shall allow cashiers to filter the list of table orders by status.,Functional,search,well-formed,0,0,,1,,14,
REQ-02740,Restaurant POS,The system shall maintain an audit log of every change made to a table order.,Functional,audit,well-formed,0,0,,1,,15,
REQ-02741,Restaurant POS,The system shall allow restaurant managers to reject a menu item with a mandatory reason.,Functional,workflow,well-formed,0,0,,1,,15,
REQ-02742,Restaurant POS,The system shall allow cashiers to sort the list of shift records by date of creation.,Functional,search,well-formed,0,0,,1,,16,
REQ-02743,Restaurant POS,The system shall allow cashiers to sort the list of menu items by date of creation.,Functional,search,well-formed,0,0,,1,,16,
REQ-02744,Restaurant POS,The system shall allow restaurant managers to view a dashboard summarising table reservation counts by status.,Functional,report,well-formed,0,0,,1,,16,
REQ-02745,Restaurant POS,The system shall allow cashiers to filter the list of tip entrys by status.,Functional,search,well-formed,0,0,,1,,14,
REQ-02746,Restaurant POS,The system shall allow restaurant managers to reject a daily sales entry with a mandatory reason.,Functional,workflow,well-formed,0,0,,1,,16,
REQ-02747,Restaurant POS,The system shall allow cashiers to update an existing bill.,Functional,update,well-formed,0,0,,1,,10,
REQ-02748,Restaurant POS,The system shall record the date and time at which each kitchen ticket is modified.,Functional,audit,well-formed,0,0,,1,,15,
REQ-02749,Restaurant POS,The system shall validate all mandatory fields of a bill before saving it.,Functional,validation,well-formed,0,0,,1,,13,
REQ-02750,Restaurant POS,The system shall allow restaurant managers to archive a void transaction record older than one year.,Functional,archival,well-formed,0,0,,1,,16,
REQ-02751,Restaurant POS,The system shall allow cashiers to sort the list of table reservations by date of creation.,Functional,search,well-formed,0,0,,1,,16,
REQ-02752,Restaurant POS,The system shall send an email notification to the cashier when a void transaction record is created.,Functional,notify,well-formed,0,0,,1,,17,
REQ-02753,Restaurant POS,The system shall maintain an audit log of every change made to a split payment record.,Functional,audit,well-formed,0,0,,1,,16,
REQ-02754,Restaurant POS,The system shall allow cashiers to attach a supporting document to a daily sales entry.,Functional,attachment,well-formed,0,0,,1,,15,
REQ-02755,Restaurant POS,The system shall allow restaurant managers to archive a split payment record older than one year.,Functional,archival,well-formed,0,0,,1,,16,
REQ-02756,Restaurant POS,The system shall allow cashiers to delete a tip entry that is no longer required.,Functional,delete,well-formed,0,0,,1,,15,
REQ-02757,Restaurant POS,The system shall allow cashiers to attach a supporting document to a table reservation.,Functional,attachment,well-formed,0,0,,1,,14,
REQ-02758,Restaurant POS,The system shall allow cashiers to sort the list of bills by date of creation.,Functional,search,well-formed,0,0,,1,,15,
REQ-02759,Restaurant POS,The system shall send an email notification to the cashier when a menu item is created.,Functional,notify,well-formed,0,0,,1,,16,
REQ-02760,Restaurant POS,The system shall allow restaurant managers to archive a daily sales entry older than one year.,Functional,archival,well-formed,0,0,,1,,16,
REQ-02761,Restaurant POS,The system shall allow cashiers to create a new menu item.,Functional,create,well-formed,0,0,,1,,11,
REQ-02762,Restaurant POS,The system shall allow cashiers to view the details of a selected daily sales entry.,Functional,read,well-formed,0,0,,1,,15,
REQ-02763,Restaurant POS,The system shall allow cashiers to save a void transaction record for later use.,Functional,duplicate-pair,well-formed,0,0,RES-DUP-1,1,,14,original of a near-duplicate pair
REQ-02764,Restaurant POS,The system shall allow cashiers to bookmark a void transaction record for future reference.,Functional,duplicate-pair,duplicate,0,1,RES-DUP-1,0,,14,restates the requirement above
REQ-02765,Restaurant POS,The system shall allow cashiers to cancel a table reservation before it is processed.,Functional,duplicate-pair,well-formed,0,0,RES-DUP-2,1,,14,original of a near-duplicate pair
REQ-02766,Restaurant POS,The system shall allow cashiers to withdraw a table reservation prior to processing.,Functional,duplicate-pair,duplicate,0,1,RES-DUP-2,0,,13,restates the requirement above
REQ-02767,Restaurant POS,The system shall allow cashiers to search for a void transaction record by item name.,Functional,duplicate-pair,well-formed,0,0,RES-DUP-3,1,,15,original of a near-duplicate pair
REQ-02768,Restaurant POS,The system shall provide a search facility that locates a void transaction record using item name.,Functional,duplicate-pair,duplicate,0,1,RES-DUP-3,0,,16,restates the requirement above
REQ-02769,Restaurant POS,The system shall send a confirmation message once a bill is submitted.,Functional,duplicate-pair,well-formed,0,0,RES-DUP-4,1,,12,original of a near-duplicate pair
REQ-02770,Restaurant POS,The system shall notify the cashier after a bill has been submitted successfully.,Functional,duplicate-pair,duplicate,0,1,RES-DUP-4,0,,13,restates the requirement above
REQ-02771,Restaurant POS,The system shall allow restaurant managers to remove a menu item from the system.,Functional,duplicate-pair,well-formed,0,0,RES-DUP-5,1,,14,original of a near-duplicate pair
REQ-02772,Restaurant POS,The system shall allow restaurant managers to delete an existing menu item record.,Functional,duplicate-pair,duplicate,0,1,RES-DUP-5,0,,13,restates the requirement above
REQ-02773,Restaurant POS,The system shall allow cashiers to rate a completed bill from one to five stars.,Functional,duplicate-pair,well-formed,0,0,RES-DUP-6,1,,15,original of a near-duplicate pair
REQ-02774,Restaurant POS,The system shall allow cashiers to give a star rating between one and five for a finished bill.,Functional,duplicate-pair,duplicate,0,1,RES-DUP-6,0,,18,restates the requirement above
REQ-02775,Restaurant POS,The system shall handle bills appropriately.,Functional,under-specified,ambiguous,1,0,,0,appropriate|appropriately,6,
REQ-02776,Restaurant POS,The system shall manage table orders in an efficient manner.,Functional,under-specified,ambiguous,1,0,,0,efficient,10,
REQ-02777,Restaurant POS,The system shall process a daily sales entry as quickly as possible.,Functional,under-specified,ambiguous,1,0,,0,as quickly as possible|quickly,12,
REQ-02778,Restaurant POS,The system should support various operations on table reservations as needed.,Functional,under-specified,ambiguous,1,0,,0,as needed|various,11,
REQ-02779,Restaurant POS,The system shall provide adequate options for managing split payment records.,Functional,under-specified,ambiguous,1,0,,0,adequate,11,
REQ-02780,Restaurant POS,The system shall display suitable information about each table reservation.,Functional,under-specified,ambiguous,1,0,,0,suitable,10,
REQ-02781,Restaurant POS,The system shall deal with invalid kitchen ticket data properly.,Functional,under-specified,ambiguous,1,0,,0,properly,10,
REQ-02782,Restaurant POS,The system shall support most of the common actions on a void transaction record.,Functional,under-specified,ambiguous,1,0,,0,common|most,14,
REQ-02783,Restaurant POS,The system shall provide appropriate error messages when something goes wrong with a bill.,Functional,under-specified,ambiguous,1,0,,0,appropriate|something goes wrong,14,
REQ-02784,Restaurant POS,The system shall be able to work with a reasonable number of daily sales entrys.,Functional,under-specified,ambiguous,1,0,,0,reasonable,15,
REQ-02785,Restaurant POS,The system shall display any table order search result within 2 seconds for 95 percent of requests.,Non-Functional,Performance,well-formed,0,0,,1,,17,
REQ-02786,Restaurant POS,The system shall allow a new cashier to complete a bill within 3 minutes without external assistance.,Non-Functional,Usability,well-formed,0,0,,1,,17,
REQ-02787,Restaurant POS,The system shall take an automated backup of the tip entry database every 6 hours.,Non-Functional,Reliability,well-formed,0,0,,1,,15,
REQ-02788,Restaurant POS,The system shall retain daily sales entry records for 7 years before permanent deletion.,Non-Functional,Compliance,well-formed,0,0,,1,,14,
REQ-02789,Restaurant POS,The system shall process at least 200 bill submissions per minute at peak load.,Non-Functional,Performance,well-formed,0,0,,1,,14,
REQ-02790,Restaurant POS,The system shall allow a cashier to download all personal data held about them within 48 hours of request.,Non-Functional,Compliance,well-formed,0,0,,1,,19,
REQ-02791,Restaurant POS,The system shall recover and resume an interrupted bill submission within 10 seconds of reconnection.,Non-Functional,Reliability,well-formed,0,0,,1,,15,
REQ-02792,Restaurant POS,The system shall expose all tip entry operations through a documented REST API.,Non-Functional,Interoperability,well-formed,0,0,,1,,13,
REQ-02793,Restaurant POS,The system should be user-friendly and easy to use for all cashiers.,Non-Functional,Usability,ambiguous,1,0,,0,easy|user-friendly,12,
REQ-02794,Restaurant POS,The system shall be secure and protect cashier data appropriately.,Non-Functional,Security,ambiguous,1,0,,0,appropriate|appropriately,10,
REQ-02795,Restaurant POS,The system shall load table order pages quickly.,Non-Functional,Performance,ambiguous,1,0,,0,quickly,8,
REQ-02796,Restaurant POS,The system shall maintain an audit log of every change made to a table reservation.,Functional,audit,well-formed,0,0,,1,,15,
REQ-02797,Restaurant POS,The system shall validate all mandatory fields of a tip entry before saving it.,Functional,validation,well-formed,0,0,,1,,14,
REQ-02798,Restaurant POS,The system shall allow cashiers to create a new void transaction record.,Functional,create,well-formed,0,0,,1,,12,
REQ-02799,Restaurant POS,The system shall restrict access to a split payment record to the cashier who created it.,Functional,authorization,well-formed,0,0,,1,,16,
REQ-02800,Restaurant POS,The system shall display a paginated list of tip entrys with twenty entries per page.,Functional,read,well-formed,0,0,,1,,15,
REQ-02801,Courier Tracking,The system shall allow logistics administrators to assign roles and permissions to a user account.,Functional,authorization,well-formed,0,0,,1,,15,
REQ-02802,Courier Tracking,The system shall allow senders to pay for a shipment using a credit or debit card.,Functional,payment,well-formed,0,0,,1,,16,
REQ-02803,Courier Tracking,The system shall allow senders to pay for a shipment using a UPI transaction.,Functional,payment,well-formed,0,0,,1,,14,
REQ-02804,Courier Tracking,The system shall generate a printable invoice for every completed shipment.,Functional,payment,well-formed,0,0,,1,,11,
REQ-02805,Courier Tracking,The system shall allow senders to request a refund for a cancelled shipment.,Functional,payment,well-formed,0,0,,1,,13,
REQ-02806,Courier Tracking,The system shall allow logistics administrators to apply a discount to a shipment before payment.,Functional,payment,well-formed,0,0,,1,,15,
REQ-02807,Courier Tracking,The system shall allow senders to view the payment history of all past shipments.,Functional,payment,well-formed,0,0,,1,,14,
REQ-02808,Courier Tracking,The system shall mark a shipment as failed if the payment gateway returns an error.,Functional,payment,well-formed,0,0,,1,,15,
REQ-02809,Courier Tracking,The system shall allow senders to create a new pickup request.,Functional,create,well-formed,0,0,,1,,11,
REQ-02810,Courier Tracking,The system shall allow senders to search for a shipment by tracking number.,Functional,search,well-formed,0,0,,1,,13,
REQ-02811,Courier Tracking,The system shall allow logistics administrators to generate a monthly report of all shipping labels.,Functional,report,well-formed,0,0,,1,,15,
REQ-02812,Courier Tracking,The system shall allow senders to view the details of a selected shipping label.,Functional,read,well-formed,0,0,,1,,14,
REQ-02813,Courier Tracking,The system shall send an SMS alert to the sender when the status of a tracking event changes.,Functional,notify,well-formed,0,0,,1,,18,
REQ-02814,Courier Tracking,The system shall restrict access to a delivery attempt record to the sender who created it.,Functional,authorization,well-formed,0,0,,1,,16,
REQ-02815,Courier Tracking,The system shall allow senders to export the list of return shipments as a CSV file.,Functional,export,well-formed,0,0,,1,,16,
REQ-02816,Courier Tracking,The system shall allow senders to create a new return shipment.,Functional,create,well-formed,0,0,,1,,11,
REQ-02817,Courier Tracking,The system shall allow senders to filter the list of proof of deliverys by status.,Functional,search,well-formed,0,0,,1,,15,
REQ-02818,Courier Tracking,The system shall allow logistics administrators to reject a return shipment with a mandatory reason.,Functional,workflow,well-formed,0,0,,1,,15,
REQ-02819,Courier Tracking,The system shall allow senders to sort the list of shipping labels by date of creation.,Functional,search,well-formed,0,0,,1,,16,
REQ-02820,Courier Tracking,The system shall record the date and time at which each tracking event is modified.,Functional,audit,well-formed,0,0,,1,,15,
REQ-02821,Courier Tracking,The system shall allow senders to attach a supporting document to a delivery exception.,Functional,attachment,well-formed,0,0,,1,,14,
REQ-02822,Courier Tracking,The system shall maintain an audit log of every change made to a route assignment.,Functional,audit,well-formed,0,0,,1,,15,
REQ-02823,Courier Tracking,The system shall allow logistics administrators to archive a pickup request older than one year.,Functional,archival,well-formed,0,0,,1,,15,
REQ-02824,Courier Tracking,The system shall allow senders to attach a supporting document to a proof of delivery.,Functional,attachment,well-formed,0,0,,1,,15,
REQ-02825,Courier Tracking,The system shall allow logistics administrators to archive a weight discrepancy record older than one year.,Functional,archival,well-formed,0,0,,1,,16,
REQ-02826,Courier Tracking,The system shall allow senders to download a shipment as a PDF document.,Functional,export,well-formed,0,0,,1,,13,
REQ-02827,Courier Tracking,The system shall display a paginated list of delivery attempt records with twenty entries per page.,Functional,read,well-formed,0,0,,1,,16,
REQ-02828,Courier Tracking,The system shall allow senders to delete a delivery attempt record that is no longer required.,Functional,delete,well-formed,0,0,,1,,16,
REQ-02829,Courier Tracking,The system shall allow senders to update an existing return shipment.,Functional,update,well-formed,0,0,,1,,11,
REQ-02830,Courier Tracking,The system shall allow senders to sort the list of shipments by date of creation.,Functional,search,well-formed,0,0,,1,,15,
REQ-02831,Courier Tracking,The system shall allow logistics administrators to generate a monthly report of all weight discrepancy records.,Functional,report,well-formed,0,0,,1,,16,
REQ-02832,Courier Tracking,The system shall allow logistics administrators to archive a shipping label older than one year.,Functional,archival,well-formed,0,0,,1,,15,
REQ-02833,Courier Tracking,The system shall allow senders to filter the list of delivery exceptions by status.,Functional,search,well-formed,0,0,,1,,14,
REQ-02834,Courier Tracking,The system shall prevent a sender from submitting a duplicate tracking event.,Functional,validation,well-formed,0,0,,1,,12,
REQ-02835,Courier Tracking,The system shall allow senders to filter the list of weight discrepancy records by status.,Functional,search,well-formed,0,0,,1,,15,
REQ-02836,Courier Tracking,The system shall display the current status of each delivery attempt record on the sender dashboard.,Functional,read,well-formed,0,0,,1,,16,
REQ-02837,Courier Tracking,The system shall allow senders to download a delivery exception as a PDF document.,Functional,export,well-formed,0,0,,1,,14,
REQ-02838,Courier Tracking,The system shall allow senders to update an existing shipment.,Functional,update,well-formed,0,0,,1,,10,
REQ-02839,Courier Tracking,The system shall display a paginated list of pickup requests with twenty entries per page.,Functional,read,well-formed,0,0,,1,,15,
REQ-02840,Courier Tracking,The system shall display a paginated list of proof of deliverys with twenty entries per page.,Functional,read,well-formed,0,0,,1,,16,
REQ-02841,Courier Tracking,The system shall allow logistics administrators to reject a shipping label with a mandatory reason.,Functional,workflow,well-formed,0,0,,1,,15,
REQ-02842,Courier Tracking,The system shall allow senders to update an existing shipping label.,Functional,update,well-formed,0,0,,1,,11,
REQ-02843,Courier Tracking,The system shall allow logistics administrators to reject a tracking event with a mandatory reason.,Functional,workflow,well-formed,0,0,,1,,15,
REQ-02844,Courier Tracking,The system shall allow logistics administrators to archive a proof of delivery older than one year.,Functional,archival,well-formed,0,0,,1,,16,
REQ-02845,Courier Tracking,The system shall allow logistics administrators to reject a shipment with a mandatory reason.,Functional,workflow,well-formed,0,0,,1,,14,
REQ-02846,Courier Tracking,The system shall display the current status of each delivery exception on the sender dashboard.,Functional,read,well-formed,0,0,,1,,15,
REQ-02847,Courier Tracking,The system shall display a paginated list of shipments with twenty entries per page.,Functional,read,well-formed,0,0,,1,,14,
REQ-02848,Courier Tracking,The system shall record the date and time at which each delivery exception is modified.,Functional,audit,well-formed,0,0,,1,,15,
REQ-02849,Courier Tracking,The system shall allow logistics administrators to view a dashboard summarising delivery exception counts by status.,Functional,report,well-formed,0,0,,1,,16,
REQ-02850,Courier Tracking,The system shall allow senders to filter the list of return shipments by status.,Functional,search,well-formed,0,0,,1,,14,
REQ-02851,Courier Tracking,The system shall allow senders to update an existing route assignment.,Functional,update,well-formed,0,0,,1,,11,
REQ-02852,Courier Tracking,The system shall allow senders to sort the list of route assignments by date of creation.,Functional,search,well-formed,0,0,,1,,16,
REQ-02853,Courier Tracking,The system shall allow senders to download a pickup request as a PDF document.,Functional,export,well-formed,0,0,,1,,14,
REQ-02854,Courier Tracking,The system shall allow senders to filter the list of shipments by status.,Functional,search,well-formed,0,0,,1,,13,
REQ-02855,Courier Tracking,The system shall allow senders to view the details of a selected return shipment.,Functional,read,well-formed,0,0,,1,,14,
REQ-02856,Courier Tracking,The system shall restrict access to a route assignment to the sender who created it.,Functional,authorization,well-formed,0,0,,1,,15,
REQ-02857,Courier Tracking,The system shall allow senders to view the details of a selected delivery attempt record.,Functional,read,well-formed,0,0,,1,,15,
REQ-02858,Courier Tracking,The system shall allow senders to delete a weight discrepancy record that is no longer required.,Functional,delete,well-formed,0,0,,1,,16,
REQ-02859,Courier Tracking,The system shall send an email notification to the sender when a return shipment is created.,Functional,notify,well-formed,0,0,,1,,16,
REQ-02860,Courier Tracking,The system shall maintain an audit log of every change made to a proof of delivery.,Functional,audit,well-formed,0,0,,1,,16,
REQ-02861,Courier Tracking,The system shall allow senders to create a new route assignment.,Functional,create,well-formed,0,0,,1,,11,
REQ-02862,Courier Tracking,The system shall allow senders to view the details of a selected proof of delivery.,Functional,read,well-formed,0,0,,1,,15,
REQ-02863,Courier Tracking,The system shall allow senders to save a delivery attempt record for later use.,Functional,duplicate-pair,well-formed,0,0,COU-DUP-1,1,,14,original of a near-duplicate pair
REQ-02864,Courier Tracking,The system shall allow senders to bookmark a delivery attempt record for future reference.,Functional,duplicate-pair,duplicate,0,1,COU-DUP-1,0,,14,restates the requirement above
REQ-02865,Courier Tracking,The system shall allow senders to cancel a pickup request before it is processed.,Functional,duplicate-pair,well-formed,0,0,COU-DUP-2,1,,14,original of a near-duplicate pair
REQ-02866,Courier Tracking,The system shall allow senders to withdraw a pickup request prior to processing.,Functional,duplicate-pair,duplicate,0,1,COU-DUP-2,0,,13,restates the requirement above
REQ-02867,Courier Tracking,The system shall allow senders to search for a tracking event by tracking number.,Functional,duplicate-pair,well-formed,0,0,COU-DUP-3,1,,14,original of a near-duplicate pair
REQ-02868,Courier Tracking,The system shall provide a search facility that locates a tracking event using tracking number.,Functional,duplicate-pair,duplicate,0,1,COU-DUP-3,0,,15,restates the requirement above
REQ-02869,Courier Tracking,The system shall send a confirmation message once a tracking event is submitted.,Functional,duplicate-pair,well-formed,0,0,COU-DUP-4,1,,13,original of a near-duplicate pair
REQ-02870,Courier Tracking,The system shall notify the sender after a tracking event has been submitted successfully.,Functional,duplicate-pair,duplicate,0,1,COU-DUP-4,0,,14,restates the requirement above
REQ-02871,Courier Tracking,The system shall allow logistics administrators to remove a delivery exception from the system.,Functional,duplicate-pair,well-formed,0,0,COU-DUP-5,1,,14,original of a near-duplicate pair
REQ-02872,Courier Tracking,The system shall allow logistics administrators to delete an existing delivery exception record.,Functional,duplicate-pair,duplicate,0,1,COU-DUP-5,0,,13,restates the requirement above
REQ-02873,Courier Tracking,The system shall allow senders to rate a completed shipment from one to five stars.,Functional,duplicate-pair,well-formed,0,0,COU-DUP-6,1,,15,original of a near-duplicate pair
REQ-02874,Courier Tracking,The system shall allow senders to give a star rating between one and five for a finished shipment.,Functional,duplicate-pair,duplicate,0,1,COU-DUP-6,0,,18,restates the requirement above
REQ-02875,Courier Tracking,The system shall handle delivery exceptions appropriately.,Functional,under-specified,ambiguous,1,0,,0,appropriate|appropriately,7,
REQ-02876,Courier Tracking,The system shall manage return shipments in an efficient manner.,Functional,under-specified,ambiguous,1,0,,0,efficient,10,
REQ-02877,Courier Tracking,The system shall process a route assignment as quickly as possible.,Functional,under-specified,ambiguous,1,0,,0,as quickly as possible|quickly,11,
REQ-02878,Courier Tracking,The system should support various operations on delivery attempt records as needed.,Functional,under-specified,ambiguous,1,0,,0,as needed|various,12,
REQ-02879,Courier Tracking,The system shall provide adequate options for managing delivery attempt records.,Functional,under-specified,ambiguous,1,0,,0,adequate,11,
REQ-02880,Courier Tracking,The system shall display suitable information about each pickup request.,Functional,under-specified,ambiguous,1,0,,0,suitable,10,
REQ-02881,Courier Tracking,The system shall deal with invalid weight discrepancy record data properly.,Functional,under-specified,ambiguous,1,0,,0,properly,11,
REQ-02882,Courier Tracking,The system shall support most of the common actions on a shipping label.,Functional,under-specified,ambiguous,1,0,,0,common|most,13,
REQ-02883,Courier Tracking,The system shall provide appropriate error messages when something goes wrong with a proof of delivery.,Functional,under-specified,ambiguous,1,0,,0,appropriate|something goes wrong,16,
REQ-02884,Courier Tracking,The system shall be able to work with a reasonable number of return shipments.,Functional,under-specified,ambiguous,1,0,,0,reasonable,14,
REQ-02885,Courier Tracking,The system shall allow a sender to download all personal data held about them within 48 hours of request.,Non-Functional,Compliance,well-formed,0,0,,1,,19,
REQ-02886,Courier Tracking,The system shall recover and resume an interrupted shipment submission within 10 seconds of reconnection.,Non-Functional,Reliability,well-formed,0,0,,1,,15,
REQ-02887,Courier Tracking,The system shall take an automated backup of the weight discrepancy record database every 6 hours.,Non-Functional,Reliability,well-formed,0,0,,1,,16,
REQ-02888,Courier Tracking,The system shall allow a new sender to complete a shipment within 3 minutes without external assistance.,Non-Functional,Usability,well-formed,0,0,,1,,17,
REQ-02889,Courier Tracking,The system shall retain route assignment records for 7 years before permanent deletion.,Non-Functional,Compliance,well-formed,0,0,,1,,13,
REQ-02890,Courier Tracking,The system shall expose all tracking event operations through a documented REST API.,Non-Functional,Interoperability,well-formed,0,0,,1,,13,
REQ-02891,Courier Tracking,The system shall process at least 200 shipment submissions per minute at peak load.,Non-Functional,Performance,well-formed,0,0,,1,,14,
REQ-02892,Courier Tracking,The system shall display any weight discrepancy record search result within 2 seconds for 95 percent of requests.,Non-Functional,Performance,well-formed,0,0,,1,,18,
REQ-02893,Courier Tracking,The system should be user-friendly and easy to use for all senders.,Non-Functional,Usability,ambiguous,1,0,,0,easy|user-friendly,12,
REQ-02894,Courier Tracking,The system shall be secure and protect sender data appropriately.,Non-Functional,Security,ambiguous,1,0,,0,appropriate|appropriately,10,
REQ-02895,Courier Tracking,The system shall load delivery attempt record pages quickly.,Non-Functional,Performance,ambiguous,1,0,,0,quickly,9,
REQ-02896,Courier Tracking,The system shall send an SMS alert to the sender when the status of a weight discrepancy record changes.,Functional,notify,well-formed,0,0,,1,,19,
REQ-02897,Courier Tracking,The system shall allow senders to search for a weight discrepancy record by destination pin code.,Functional,search,well-formed,0,0,,1,,16,
REQ-02898,Courier Tracking,The system shall allow senders to view the details of a selected pickup request.,Functional,read,well-formed,0,0,,1,,14,
REQ-02899,Courier Tracking,The system shall allow senders to export the list of delivery attempt records as a CSV file.,Functional,export,well-formed,0,0,,1,,17,
REQ-02900,Courier Tracking,The system shall maintain an audit log of every change made to a shipping label.,Functional,audit,well-formed,0,0,,1,,15,
REQ-02901,Blood Bank,The system shall allow blood bank administrators to assign roles and permissions to a user account.,Functional,authorization,well-formed,0,0,,1,,16,
REQ-02902,Blood Bank,The system shall maintain an audit log of every change made to a issue record.,Functional,audit,well-formed,0,0,,1,,15,
REQ-02903,Blood Bank,The system shall allow blood bank administrators to reject a donor health screening with a mandatory reason.,Functional,workflow,well-formed,0,0,,1,,17,
REQ-02904,Blood Bank,The system shall maintain an audit log of every change made to a stock level entry.,Functional,audit,well-formed,0,0,,1,,16,
REQ-02905,Blood Bank,The system shall allow donors to search for a donation record by component type.,Functional,search,well-formed,0,0,,1,,14,
REQ-02906,Blood Bank,The system shall allow blood bank administrators to approve a cross-match record submitted by a donor.,Functional,workflow,well-formed,0,0,,1,,16,
REQ-02907,Blood Bank,The system shall allow donors to download a issue record as a PDF document.,Functional,export,well-formed,0,0,,1,,14,
REQ-02908,Blood Bank,The system shall allow donors to delete a donor eligibility record that is no longer required.,Functional,delete,well-formed,0,0,,1,,16,
REQ-02909,Blood Bank,The system shall allow donors to search for a blood request by component type.,Functional,search,well-formed,0,0,,1,,14,
REQ-02910,Blood Bank,The system shall record the date and time at which each blood request is modified.,Functional,audit,well-formed,0,0,,1,,15,
REQ-02911,Blood Bank,The system shall send an SMS alert to the donor when the status of a cross-match record changes.,Functional,notify,well-formed,0,0,,1,,18,
REQ-02912,Blood Bank,The system shall allow donors to delete a expiry disposal entry that is no longer required.,Functional,delete,well-formed,0,0,,1,,16,
REQ-02913,Blood Bank,The system shall allow donors to attach a supporting document to a stock level entry.,Functional,attachment,well-formed,0,0,,1,,15,
REQ-02914,Blood Bank,The system shall display the current status of each donation record on the donor dashboard.,Functional,read,well-formed,0,0,,1,,15,
REQ-02915,Blood Bank,The system shall allow blood bank administrators to reject a donation record with a mandatory reason.,Functional,workflow,well-formed,0,0,,1,,16,
REQ-02916,Blood Bank,The system shall send an SMS alert to the donor when the status of a blood request changes.,Functional,notify,well-formed,0,0,,1,,18,
REQ-02917,Blood Bank,The system shall allow donors to search for a donor eligibility record by blood group.,Functional,search,well-formed,0,0,,1,,15,
REQ-02918,Blood Bank,The system shall prevent a donor from submitting a duplicate donor eligibility record.,Functional,validation,well-formed,0,0,,1,,13,
REQ-02919,Blood Bank,The system shall allow donors to add a comment to a expiry disposal entry.,Functional,collaboration,well-formed,0,0,,1,,14,
REQ-02920,Blood Bank,The system shall restrict access to a donor health screening to the donor who created it.,Functional,authorization,well-formed,0,0,,1,,16,
REQ-02921,Blood Bank,The system shall allow donors to search for a donor health screening by collection date.,Functional,search,well-formed,0,0,,1,,15,
REQ-02922,Blood Bank,The system shall allow donors to create a new camp registration.,Functional,create,well-formed,0,0,,1,,11,
REQ-02923,Blood Bank,The system shall send an SMS alert to the donor when the status of a donor health screening changes.,Functional,notify,well-formed,0,0,,1,,19,
REQ-02924,Blood Bank,The system shall allow donors to update an existing expiry disposal entry.,Functional,update,well-formed,0,0,,1,,12,
REQ-02925,Blood Bank,The system shall allow donors to filter the list of stock level entrys by status.,Functional,search,well-formed,0,0,,1,,15,
REQ-02926,Blood Bank,The system shall allow donors to filter the list of donor eligibility records by status.,Functional,search,well-formed,0,0,,1,,15,
REQ-02927,Blood Bank,The system shall validate all mandatory fields of a donation record before saving it.,Functional,validation,well-formed,0,0,,1,,14,
REQ-02928,Blood Bank,The system shall prevent a donor from submitting a duplicate issue record.,Functional,validation,well-formed,0,0,,1,,12,
REQ-02929,Blood Bank,The system shall allow blood bank administrators to view a dashboard summarising issue record counts by status.,Functional,report,well-formed,0,0,,1,,17,
REQ-02930,Blood Bank,The system shall allow blood bank administrators to approve a blood unit submitted by a donor.,Functional,workflow,well-formed,0,0,,1,,16,
REQ-02931,Blood Bank,The system shall allow donors to export the list of stock level entrys as a CSV file.,Functional,export,well-formed,0,0,,1,,17,
REQ-02932,Blood Bank,The system shall allow blood bank administrators to view a dashboard summarising stock level entry counts by status.,Functional,report,well-formed,0,0,,1,,18,
REQ-02933,Blood Bank,The system shall allow blood bank administrators to approve a donation record submitted by a donor.,Functional,workflow,well-formed,0,0,,1,,16,
REQ-02934,Blood Bank,The system shall record the date and time at which each blood unit is modified.,Functional,audit,well-formed,0,0,,1,,15,
REQ-02935,Blood Bank,The system shall validate all mandatory fields of a camp registration before saving it.,Functional,validation,well-formed,0,0,,1,,14,
REQ-02936,Blood Bank,The system shall allow donors to create a new donation record.,Functional,create,well-formed,0,0,,1,,11,
REQ-02937,Blood Bank,The system shall allow donors to create a new donor health screening.,Functional,create,well-formed,0,0,,1,,12,
REQ-02938,Blood Bank,The system shall prevent a donor from submitting a duplicate donor health screening.,Functional,validation,well-formed,0,0,,1,,13,
REQ-02939,Blood Bank,The system shall maintain an audit log of every change made to a blood unit.,Functional,audit,well-formed,0,0,,1,,15,
REQ-02940,Blood Bank,The system shall allow blood bank administrators to generate a monthly report of all camp registrations.,Functional,report,well-formed,0,0,,1,,16,
REQ-02941,Blood Bank,The system shall allow donors to sort the list of blood requests by date of creation.,Functional,search,well-formed,0,0,,1,,16,
REQ-02942,Blood Bank,The system shall send an email notification to the donor when a donor eligibility record is created.,Functional,notify,well-formed,0,0,,1,,17,
REQ-02943,Blood Bank,The system shall allow blood bank administrators to view a dashboard summarising camp registration counts by status.,Functional,report,well-formed,0,0,,1,,17,
REQ-02944,Blood Bank,The system shall allow blood bank administrators to archive a donor eligibility record older than one year.,Functional,archival,well-formed,0,0,,1,,17,
REQ-02945,Blood Bank,The system shall send an SMS alert to the donor when the status of a camp registration changes.,Functional,notify,well-formed,0,0,,1,,18,
REQ-02946,Blood Bank,The system shall display the current status of each issue record on the donor dashboard.,Functional,read,well-formed,0,0,,1,,15,
REQ-02947,Blood Bank,The system shall allow donors to sort the list of donor eligibility records by date of creation.,Functional,search,well-formed,0,0,,1,,17,
REQ-02948,Blood Bank,The system shall display the current status of each blood request on the donor dashboard.,Functional,read,well-formed,0,0,,1,,15,
REQ-02949,Blood Bank,The system shall allow donors to create a new issue record.,Functional,create,well-formed,0,0,,1,,11,
REQ-02950,Blood Bank,The system shall allow blood bank administrators to archive a cross-match record older than one year.,Functional,archival,well-formed,0,0,,1,,16,
REQ-02951,Blood Bank,The system shall allow blood bank administrators to generate a monthly report of all issue records.,Functional,report,well-formed,0,0,,1,,16,
REQ-02952,Blood Bank,The system shall allow blood bank administrators to view a dashboard summarising cross-match record counts by status.,Functional,report,well-formed,0,0,,1,,17,
REQ-02953,Blood Bank,The system shall allow donors to add a comment to a camp registration.,Functional,collaboration,well-formed,0,0,,1,,13,
REQ-02954,Blood Bank,The system shall allow donors to search for a cross-match record by component type.,Functional,search,well-formed,0,0,,1,,14,
REQ-02955,Blood Bank,The system shall maintain an audit log of every change made to a camp registration.,Functional,audit,well-formed,0,0,,1,,15,
REQ-02956,Blood Bank,The system shall allow donors to filter the list of blood units by status.,Functional,search,well-formed,0,0,,1,,14,
REQ-02957,Blood Bank,The system shall send an email notification to the donor when a stock level entry is created.,Functional,notify,well-formed,0,0,,1,,17,
REQ-02958,Blood Bank,The system shall prevent a donor from submitting a duplicate stock level entry.,Functional,validation,well-formed,0,0,,1,,13,
REQ-02959,Blood Bank,The system shall allow blood bank administrators to view a dashboard summarising expiry disposal entry counts by status.,Functional,report,well-formed,0,0,,1,,18,
REQ-02960,Blood Bank,The system shall display the current status of each expiry disposal entry on the donor dashboard.,Functional,read,well-formed,0,0,,1,,16,
REQ-02961,Blood Bank,The system shall allow donors to view the details of a selected donation record.,Functional,read,well-formed,0,0,,1,,14,
REQ-02962,Blood Bank,The system shall allow donors to update an existing issue record.,Functional,update,well-formed,0,0,,1,,11,
REQ-02963,Blood Bank,The system shall allow donors to save a camp registration for later use.,Functional,duplicate-pair,well-formed,0,0,BLO-DUP-1,1,,13,original of a near-duplicate pair
REQ-02964,Blood Bank,The system shall allow donors to bookmark a camp registration for future reference.,Functional,duplicate-pair,duplicate,0,1,BLO-DUP-1,0,,13,restates the requirement above
REQ-02965,Blood Bank,The system shall allow donors to cancel a blood request before it is processed.,Functional,duplicate-pair,well-formed,0,0,BLO-DUP-2,1,,14,original of a near-duplicate pair
REQ-02966,Blood Bank,The system shall allow donors to withdraw a blood request prior to processing.,Functional,duplicate-pair,duplicate,0,1,BLO-DUP-2,0,,13,restates the requirement above
REQ-02967,Blood Bank,The system shall allow donors to search for a expiry disposal entry by component type.,Functional,duplicate-pair,well-formed,0,0,BLO-DUP-3,1,,15,original of a near-duplicate pair
REQ-02968,Blood Bank,The system shall provide a search facility that locates a expiry disposal entry using component type.,Functional,duplicate-pair,duplicate,0,1,BLO-DUP-3,0,,16,restates the requirement above
REQ-02969,Blood Bank,The system shall send a confirmation message once a donation record is submitted.,Functional,duplicate-pair,well-formed,0,0,BLO-DUP-4,1,,13,original of a near-duplicate pair
REQ-02970,Blood Bank,The system shall notify the donor after a donation record has been submitted successfully.,Functional,duplicate-pair,duplicate,0,1,BLO-DUP-4,0,,14,restates the requirement above
REQ-02971,Blood Bank,The system shall allow blood bank administrators to remove a expiry disposal entry from the system.,Functional,duplicate-pair,well-formed,0,0,BLO-DUP-5,1,,16,original of a near-duplicate pair
REQ-02972,Blood Bank,The system shall allow blood bank administrators to delete an existing expiry disposal entry record.,Functional,duplicate-pair,duplicate,0,1,BLO-DUP-5,0,,15,restates the requirement above
REQ-02973,Blood Bank,The system shall allow donors to rate a completed blood request from one to five stars.,Functional,duplicate-pair,well-formed,0,0,BLO-DUP-6,1,,16,original of a near-duplicate pair
REQ-02974,Blood Bank,The system shall allow donors to give a star rating between one and five for a finished blood request.,Functional,duplicate-pair,duplicate,0,1,BLO-DUP-6,0,,19,restates the requirement above
REQ-02975,Blood Bank,The system shall handle issue records appropriately.,Functional,under-specified,ambiguous,1,0,,0,appropriate|appropriately,7,
REQ-02976,Blood Bank,The system shall manage donation records in an efficient manner.,Functional,under-specified,ambiguous,1,0,,0,efficient,10,
REQ-02977,Blood Bank,The system shall process a blood unit as quickly as possible.,Functional,under-specified,ambiguous,1,0,,0,as quickly as possible|quickly,11,
REQ-02978,Blood Bank,The system should support various operations on expiry disposal entrys as needed.,Functional,under-specified,ambiguous,1,0,,0,as needed|various,12,
REQ-02979,Blood Bank,The system shall provide adequate options for managing donor eligibility records.,Functional,under-specified,ambiguous,1,0,,0,adequate,11,
REQ-02980,Blood Bank,The system shall display suitable information about each donor health screening.,Functional,under-specified,ambiguous,1,0,,0,suitable,11,
REQ-02981,Blood Bank,The system shall deal with invalid blood request data properly.,Functional,under-specified,ambiguous,1,0,,0,properly,10,
REQ-02982,Blood Bank,The system shall support most of the common actions on a expiry disposal entry.,Functional,under-specified,ambiguous,1,0,,0,common|most,14,
REQ-02983,Blood Bank,The system shall provide appropriate error messages when something goes wrong with a donation record.,Functional,under-specified,ambiguous,1,0,,0,appropriate|something goes wrong,15,
REQ-02984,Blood Bank,The system shall be able to work with a reasonable number of blood units.,Functional,under-specified,ambiguous,1,0,,0,reasonable,14,
REQ-02985,Blood Bank,The system shall allow a new donor to complete a blood request within 3 minutes without external assistance.,Non-Functional,Usability,well-formed,0,0,,1,,18,
REQ-02986,Blood Bank,The system shall display any donor eligibility record search result within 2 seconds for 95 percent of requests.,Non-Functional,Performance,well-formed,0,0,,1,,18,
REQ-02987,Blood Bank,The system shall allow a donor to download all personal data held about them within 48 hours of request.,Non-Functional,Compliance,well-formed,0,0,,1,,19,
REQ-02988,Blood Bank,The system shall process at least 200 blood request submissions per minute at peak load.,Non-Functional,Performance,well-formed,0,0,,1,,15,
REQ-02989,Blood Bank,The system shall recover and resume an interrupted blood request submission within 10 seconds of reconnection.,Non-Functional,Reliability,well-formed,0,0,,1,,16,
REQ-02990,Blood Bank,The system shall take an automated backup of the donor health screening database every 6 hours.,Non-Functional,Reliability,well-formed,0,0,,1,,16,
REQ-02991,Blood Bank,The system shall retain blood unit records for 7 years before permanent deletion.,Non-Functional,Compliance,well-formed,0,0,,1,,13,
REQ-02992,Blood Bank,The system shall expose all donation record operations through a documented REST API.,Non-Functional,Interoperability,well-formed,0,0,,1,,13,
REQ-02993,Blood Bank,The system should be user-friendly and easy to use for all donors.,Non-Functional,Usability,ambiguous,1,0,,0,easy|user-friendly,12,
REQ-02994,Blood Bank,The system shall be secure and protect donor data appropriately.,Non-Functional,Security,ambiguous,1,0,,0,appropriate|appropriately,10,
REQ-02995,Blood Bank,The system shall load expiry disposal entry pages quickly.,Non-Functional,Performance,ambiguous,1,0,,0,quickly,9,
REQ-02996,Blood Bank,The system shall restrict access to a expiry disposal entry to the donor who created it.,Functional,authorization,well-formed,0,0,,1,,16,
REQ-02997,Blood Bank,The system shall allow donors to attach a supporting document to a cross-match record.,Functional,attachment,well-formed,0,0,,1,,14,
REQ-02998,Blood Bank,The system shall allow donors to update an existing blood request.,Functional,update,well-formed,0,0,,1,,11,
REQ-02999,Blood Bank,The system shall allow donors to add a comment to a cross-match record.,Functional,collaboration,well-formed,0,0,,1,,13,
REQ-03000,Blood Bank,The system shall validate all mandatory fields of a cross-match record before saving it.,Functional,validation,well-formed,0,0,,1,,14,
